name,city,kind,item_id,place_id,google_name,google_category,raw_status,status
(working title) LASALLE,Bugis,Cafe,67dbb81e90eb89a5859dfc47,ChIJ_RixlFQZ2jERUW_DjiCS6GQ,(working title) LASALLE,Cafe,CLOSED_PERMANENTLY,PERMANENTLY CLOSED
190° Coffee And Tea,Lincoln Park,Cafe,688cc1e52c5a3b0ccf60a3e0,ChIJ6Su6-61NrlIRG3eWnXHycEE,190° Coffee And Tea,Coffee shop,OPERATIONAL,Open
39 Degraus,Santo Antonio,Cafe,67dbb82b5990780b5fce759a,ChIJx1iO6CgzGQ0RkUztOWBAOCs,39 Degraus,Restaurant,OPERATIONAL,Open
4 WALLS Coworking,Neustadt,Coworking Space,67d810202b24736bd92f2972,ChIJMef71FuPsUcRFQJOge0poOk,4 WALLS | Coworking | Eventlocation | Café | Store,Cafe,OPERATIONAL,Open
7.AM Bakers Pererenan,Pererenan,Cafe,6809d00b2aa4ba2c3ee0112c,ChIJyfvleuI50i0R56jJ7bcE-Fs,7AM Bakers | 7PM Diners Pererenan,Bakery,OPERATIONAL,Open
ACE Coworking Space,My An,Coworking Space,67dbb8235990780b5fce6e74,ChIJ-Z9VY1sXQjERKdCDqBhoHmo,ACE Coworking Space,Coworking space,OPERATIONAL,Open
ACME Pererenan,Pererenan,Cafe,65fa86d0e0379bf78d52478c,ChIJ-z4qeBQ50i0RbjmWrYkafYg,ACME Pererenan,Bakery,OPERATIONAL,Open
AIDA Cafe Konditorei Singerstrasse,Innere Stadt,Cafe,6809d00d25e5cac9d891ffc0,ChIJSwalOZ8HbUcRfddOf99g4Lg,AIDA - Café-Konditorei,Coffee shop,OPERATIONAL,Open
AIDA Shoreditch,Shoreditch,Cafe,67d0057fe23f36cf173821e8,ChIJbSL-a7ocdkgRZdUhwWYFJKg,AIDA Shoreditch,Clothing store,CLOSED_PERMANENTLY,PERMANENTLY CLOSED
ALTER SPACE Siargao Workspace,General Luna,Coworking Space,67246a39070155fc18588f75,ChIJBcxdH3cJBDMRyv-ffv745qs,ALTER SPACE Siargao Workspace and Coliving,Coworking Space,OPERATIONAL,Open
ARK Coworking,Angel,Coworking Space,6809cff6709fce94fc706079,ChIJ7XcKUj8bdkgRCv04bJNZHDc,ARK coworking,Coworking space,CLOSED_PERMANENTLY,PERMANENTLY CLOSED
AT 06,Canggu,Coworking Space,65fa86d0e0379bf78d5245b3,ChIJiVKnl0850i0RAd7mEs7lVNc,AT 06 ( Dine | Coworking | Gym | Wellness | Events | Catering ) TRAIN AT SIX,Restaurant,OPERATIONAL,Open
AWAN Connection,Canggu,Coworking Space,65fa86d0e0379bf78d52451e,ChIJ4WoPrzw50i0Rc3zZTiUNY7s,Awan Connection - Cafe & Coworking Space,Coworking Space,OPERATIONAL,Open
Ahoy Berlin,Wedding,Coworking Space,67dbb81b89928f8e5c835aba,ChIJPZDUWfRRqEcRHIEMEqFSkTk,Ahoy Berlin,Coworking space,CLOSED_PERMANENTLY,PERMANENTLY CLOSED
Akha Ama Phrasingh,Old City,Cafe,660a6635ba6cc2370a21dc5c,ChIJkZyVmJs62jARav_dgGLEBr0,Akha Ama Phrasingh,Cafe,OPERATIONAL,Open
Alchemy Ubud,Ubud,Cafe,65fa86d0e0379bf78d52478a,ChIJ-c4tzlM90i0RKf-B2o_c-Ww,Alchemy Yoga and Meditation Center,Yoga Studio,OPERATIONAL,Open
Alchemy Uluwatu,Uluwatu (Bingin),Cafe,65fa86d0e0379bf78d52469b,ChIJ9XI8QXJF0i0R_GzfcqL5QKk,Alchemy Uluwatu,Restaurant,OPERATIONAL,Open
Aletheia Back House,Ubud,Cafe,65fa86d0e0379bf78d5247af,ChIJI54JMDE90i0RMEC6l5YDKAw,Aletheia’s Kitchen,Cafe,CLOSED_PERMANENTLY,PERMANENTLY CLOSED
Alily Lounge Restaurant & Bar,Penida Island,Cafe,6809d00d94d120b9c29c84bb,ChIJ_TrvDslz0i0RfcOIMYjSVCY,Alily Lounge Restaurant & Bar,Restaurant,OPERATIONAL,Open
Almond.,Pererenan,Cafe,65fa86d0e0379bf78d524580,ChIJKy9UsFU50i0RVXHHAxJEMaQ,almond.,Restaurant,OPERATIONAL,Open
Alt_ChiangMai - coliving & coworking space,Old City,Coworking Space,67dbb83010fcee80de321324,ChIJ4zPcJEw72jARdGYLa7Rpeak,Alt_ChiangMai - coliving & coworking space,Coworking space,OPERATIONAL,Open
Amolas Cafe,Canggu,Cafe,65fa86d0e0379bf78d524574,ChIJD63X4IU50i0RFkjm_Q5AwGs,Amolas Cafe,Cafe,OPERATIONAL,Open
Amon Cafe,General Luna,Cafe,67246a3a49dd3e0404417462,ChIJs3RWJBP3AzMRxBeqLJ_m544,Amon Cafe,Coffee Shop,OPERATIONAL,Open
Andaliman Gili Air,Gili Air,Cafe,6613fb81b431f33cf8cd5273,ChIJre0JBBzdzS0RmV_LGqYkaAw,Andaliman Gili Air,Restaurant,OPERATIONAL,Open
Anomali Coffee Ubud,Ubud,Cafe,67a95643cfcb17dd39520f73,ChIJJZkw5Cwi0i0RRlndGdatOY0,Anomali Coffee Ubud,Cafe,OPERATIONAL,Open
Apichada view point,Baan Tai,Cafe,6784e2130f8b7e29bed7d16e,ChIJqcTN9_78VDARmYFNQxvKCsk,,,ERROR:404,ERROR:404
Arch & Beans Kavemuvek,District 5,Cafe,668b8ee838fddafe57a331af,,,,NOT_FOUND,Not found on Google
Argyll - 1 Cornhill,City of London,Coworking Space,6809cffb12a4f2a72acc82e3,ChIJKaeQFFMDdkgRbECFmkRD-qI,Argyll - 1 Cornhill,Real estate agency,OPERATIONAL,Open
Argyll - 1 King William Street,City of London,Coworking Space,6809d29f812c1fb97363c9ba,ChIJeTVTgVQDdkgROOBGx7cPH68,Argyll - 1 King William Street,Real estate agency,OPERATIONAL,Open
Argyll - 20 North Audley Street,Mayfair,Coworking Space,6809d00484cf6fe0ca12cae0,ChIJ-397lzIFdkgRymqgkIoPzo4,Argyll - 20 North Audley Street,Real estate agency,OPERATIONAL,Open
Argyll - 288 Bishopsgate,Liverpool Street,Coworking Space,6809d0061f2325d5045f697d,ChIJuUon1rMcdkgR1tbetCWkK6U,Argyll - 288 Bishopsgate,Real estate agency,OPERATIONAL,Open
Argyll - 85 Gresham Street,City of London,Coworking Space,6809cffaea423d76c26e82bc,ChIJ8dhs0qocdkgR6O6ZOkL7SeU,Argyll - 85 Gresham Street,Real estate agency,OPERATIONAL,Open
Argyll - Central Court,Holborn,Coworking Space,6809d000744673d0e5f5a536,ChIJw5xHeksbdkgR8z40zKnvmmU,Argyll - Central Court,Real estate agency,OPERATIONAL,Open
Argyll - Michelin House,Chelsea,Coworking Space,6809cffccca1f7b77befdec3,ChIJtzfcbWoFdkgRAZCv9_98iSI,Argyll - Michelin House,Real estate agency,OPERATIONAL,Open
Argyll - Nova North,Victoria,Coworking Space,6809d009ef2baf52183a38ab,ChIJ0-V7rf8FdkgR6GINYfO92BE,Argyll - Nova North,Real estate agency,OPERATIONAL,Open
Argyll - Octagon Point,City of London,Coworking Space,6809cffac6dc5faef1523d44,ChIJ-dgZLKsEdkgRYcz9lHlqTi0,Argyll - Octagon Point,Real estate agency,OPERATIONAL,Open
Aroon Cafe,Sukhumvit,Cafe,674b379f207c69628c4cecf4,ChIJp7wxhyqf4jARHQ5N_NseXrA,AROON cafe,Coffee shop,OPERATIONAL,Open
Art Cafe,Srithanu,Cafe,6784e2122c567ba362777f47,ChIJ6f-4rcQBVTAR-NphUfn29tc,Art Cafe,Cafe,OPERATIONAL,Open
Art Food Corner,Funchal,Cafe,664fb8985043bf3daf5dd16e,ChIJE7YGfgVgYAwRqxLAoAXFemg,Art Food Corner Madeira,Coffee Shop,OPERATIONAL,Open
"Art Kafé, Santa Maria",Santa Maria,Cafe,676736cf9d7b3a96011eb914,ChIJ6Wiqe-hbSwkRvJbnyh3m604,"Art Kafé, Cabo Verde",Restaurant,OPERATIONAL,Open
Artis Coffee Bangkok,Sukhumvit,Cafe,674b379f02306752fb737bbd,ChIJj-lzz-Ke4jAREFnwwEkAIB8,Artis Coffee Bangkok,Coffee shop,OPERATIONAL,Open
Artisan Cafe,Hai Ya,Cafe,67dbb81f507d6795321a8a9c,ChIJz9PXLncw2jAR9GDoUHCuEKw,Artisan Café,Coffee shop,OPERATIONAL,Open
Attendant Coffee Roasters - Bank,Bank,Cafe,6809cff77a5c39fcdc925da1,ChIJLfDRmTkDdkgRkaTYL1AXfeo,Attendant Coffee Roasters - Bank,Coffee shop,OPERATIONAL,Open
Attendant Coffee Roasters - Fitzrovia,Fitzrovia,Cafe,6809cfff7a5c39fcdc92641f,ChIJT3lsCSobdkgRsmpQbI2yp5w,Attendant Coffee Roasters | Fitzrovia,Coffee shop,OPERATIONAL,Open
Attendant Coffee Roasters - Shoreditch,Shoreditch,Cafe,67d0057fe660a8c7f2a6dbb5,ChIJG0K3_68cdkgRiwtSEMbrTco,Attendant Coffee Roasters - Shoreditch,Cafe,CLOSED_PERMANENTLY,PERMANENTLY CLOSED
Augusto Smoothy Bar,Surat Thani Airport,Cafe,679c449b1f44d535f9e2db38,ChIJJzSDnbOrVjARA58ZO2cFYoI,Augusto Smoothy Bar,Restaurant,OPERATIONAL,Open
Avila Spaces,Saldanha,Coworking Space,6809cff63edc9df7affd054d,ChIJMUIsYAozGQ0RxnGf2TgYIgE,Avila Spaces,,OPERATIONAL,Open
Avila Spaces Parque Das Nacoes,Parque das Nacoes,Coworking Space,6809cff795ba1239c120e7d2,ChIJJ0csu7AxGQ0R2IBBZx8hU-M,Avila Spaces Trabalho,Business center,OPERATIONAL,Open
Avocado Resto,Medewi,Cafe,67a956430e939dfa15213318,ChIJxYT2x6vV0y0RnwsY8EfBhdI,Avocado Resto,Restaurant,OPERATIONAL,Open
BO.KA Workspace,"Old Town, Paphos",Coworking Space,68a2fa296ea37c7e45863609,ChIJS-wpQr8H5xQRY9WdewfuHTU,"BO.KA Workspace | Coworking in Paphos, Cyprus",Coworking space,OPERATIONAL,Open
BOB Coffee,Chang Phueak,Cafe,67d0057f7ff194b7a30e5b59,ChIJPVCRjZE72jARsC3ny39S-KY,BOB Coffee,Coffee shop,OPERATIONAL,Open
BREKKY Cafe Pererenan,Pererenan,Cafe,679c5e8ec8a9859eed886315,ChIJ9dakCho50i0RjqjQLKthFB0,,,ERROR:404,ERROR:404
BWork Cafe,Canggu,Cafe,65fa86d0e0379bf78d5245a6,ChIJ6fBvIpg50i0R8764BCFFN60,B Work Bali,Coworking Space,OPERATIONAL,Open
BWork Members Area,Canggu,Coworking Space,65fa86d0e0379bf78d524490,ChIJ6fBvIpg50i0R8764BCFFN60,B Work Bali,Coworking Space,OPERATIONAL,Open
Baan Manali Beach Café,Nai Wok,Cafe,6784e2178dc303e48a2184d4,ChIJX9yaGLX_VDARI1ARJzUI2bA,Baan Manali Beach Café,Brunch restaurant,OPERATIONAL,Open
Baguccino,Pererenan,Cafe,69c349f3cc1ef85a9098c404,ChIJc0DutUg50i0RL9jFBF4bX10,Baguccino,Coffee shop,OPERATIONAL,Open
Bake Brothers,Sukhumvit (Asoke),Cafe,674b379f207c69628c4cecfb,ChIJb_Omn-Oe4jARjgJcHXp-b0M,Bake Brothers,Restaurant,OPERATIONAL,Open
Bake Sense coffee,Wok Tum,Cafe,6784e2109557868af88b30b6,ChIJFxfBExL-VDARnjbKOrsJBHw,Bakesense home and pottery,Cafe,OPERATIONAL,Open
Baked Berawa,Berawa,Cafe,65fa86d0e0379bf78d5245ac,ChIJU0lp4SNH0i0R7x72tr13TmY,BAKED. Berawa,Bakery,OPERATIONAL,Open
Balagan,Central,Cafe,682f68cfdfdebe7cbc3a4acc,ChIJJ8sswvEnHw0RwyCFK4eSBlA,Balagan Ericeira,Restaurant,OPERATIONAL,Open
Balance Specialty Coffee,Wok Tum,Cafe,6784e211b7f8692649cd1f17,ChIJIZrIMyr9VDAR8Tywkk89kHE,Balance Specialty Coffee,Cafe,OPERATIONAL,Open
Bali Bustle Coworking & Coliving,Kuta (Bali),Coworking Space,6631cb0d5be6e2bfb1874f04,ChIJ_8ZN7HlH0i0R9SVLx2VoD3M,Bali Bustle Coworking and Coliving Space Bali,Hotel,OPERATIONAL,Open
Baltic Cowork,Kesklinn,Coworking Space,67dbb82e05b2a7fae38f8129,ChIJ4eQVPQSVkkYRH04LKAKP19k,Baltic Cowork,Coworking space,OPERATIONAL,Open
Banana Rock,Ao Leuk,Cafe,67c195482ceb224f64c7a4f2,ChIJYZXHGYGhVTARdX18R8Zk4PA,Banana Rock,Bar,OPERATIONAL,Open
Baoba Cafe Bica,Bica,Cafe,67dbb82a6de5ed125908b36c,ChIJHQJg3hY1GQ0RT6SJsiKwTvI,Baobá Café Bica,Cafe,OPERATIONAL,Open
Bartels Sukhumvit,Sukhumvit,Cafe,674b379f04fee7c9b3adfd79,ChIJvQVc8Quf4jAR-bvn--T1QiM,BARTELS Sukhumvit,Bakery,OPERATIONAL,Open
Bay Aree,Ari,Cafe,674b379f31a2fd6ff89b722c,ChIJL6oMxRid4jARO32aVKwK_9Q,BAY Aree,Cafe,OPERATIONAL,Open
Beachub,Srithanu,Coworking Space,6784e2104f1f500b3ca69c90,ChIJkZoQvtgBVTAR6fZuHLksTig,Beachub,Services,OPERATIONAL,Open
BeansLiquor Chiang Mai,Nimman,Cafe,67c19546d1fd4b90cf0a055b,ChIJA8yHlKc72jARa9ZYxIbYjfw,BeansLiquor,Coffee shop,OPERATIONAL,Open
Beehive Lofts Coworking,Ancoats,Coworking Space,6809cff67a5c39fcdc925cac,ChIJ9xVfNruxe0gRA2KNhp-vh-0,Beehive Lofts Manchester Co-working,Coworking space,OPERATIONAL,Open
Begadang Beer Garden - Gili Air,Gili Air,Cafe,67a9564532c3199ae053831c,ChIJB0F_q57dzS0RtKKAWYvgz_8,Begadang Beer Garden - Gili Air,Restaurant,OPERATIONAL,Open
Behongli Coworking Space,Mapo-gu,Coworking Space,67f8adc6d69e2722cd625a3c,ChIJkaDhizaZfDURemtciMYlkDE,Behongli Coworking Space,Coworking space,OPERATIONAL,Open
Beluna - House of Creatives,Ubud,Coworking Space,65fa86d0e0379bf78d52469d,ChIJ8_-IDzI90i0RUHBNPAjcils,Beluna - House of Creatives,Coworking Space,CLOSED_PERMANENTLY,PERMANENTLY CLOSED
Bespoke Spaces Coworking - Archway,Archway,Coworking Space,6809cff7e45574f02ae14dba,ChIJB9iT4i4bdkgRZMUlhh4YZEA,Bespoke Spaces - Archway - Coworking & Office Space,Coworking space,OPERATIONAL,Open
Bespoke Spaces Coworking - Hornsey Rd,Archway,Coworking Space,6809cff694d120b9c29c6cfe,ChIJjwV4rrwbdkgR6Os5nWEmq6s,Bespoke Spaces,Coworking space,OPERATIONAL,Open
Betahaus | Coworking Barcelona,Gracia,Coworking Space,6809cff3443445c22086feee,ChIJL2uOcbuipBIRPFrHBWTTkNc,Betahaus | Coworking Barcelona,Coworking space,OPERATIONAL,Open
Beton by Spacemade,Clerkenwell,Coworking Space,67d52fb0be684099921b007c,ChIJO-QoS1MbdkgRtTgxaCdUAuU,Beton by Spacemade,Real estate agency,OPERATIONAL,Open
Bibli Library Cafe,District 1,Cafe,67dbb8306cc27ddd69368d55,ChIJLZSvHzcvdTER6KEjhbzJm_Y,Bibli Library Café,Cafe,OPERATIONAL,Open
Biliq Seminyak,Seminyak,Coworking Space,6631c9da9377358b028c2fb2,ChIJyzsusSdH0i0RTWXHC57T4lI,Biliq Seminyak Coworking Space and Meeting Venue,Coworking Space,OPERATIONAL,Open
Biliq Sunset,Kuta (Bali),Coworking Space,6631cb0dbdcb81d0e34d99ed,ChIJBf6rrkNH0i0Rl0dxSR6EcbM,Biliq Sunset Office Space,Corporate Office,OPERATIONAL,Open
Black Coffee On The Roof,Old Town,Cafe,67dbb81d7b580966f91da3f2,ChIJUXuRQ7eJbEcRB-dyLwmsHPg,Black Coffee (ON THE ROOF OF SHOPPING CENTRAL),Cafe,CLOSED_PERMANENTLY,PERMANENTLY CLOSED
Black Sheep Coffee - Elizabeth Street,Victoria,Cafe,6809d00b92fd7d3374c6308a,ChIJ7ZPIBa0FdkgRSXDJSAETx-E,Black Sheep Coffee - Elizabeth Street,Coffee shop,OPERATIONAL,Open
Black Sheep Coffee Victoria St,Westminster,Cafe,6809d00a9b7082d7ab262065,ChIJa7pL_yAFdkgRmSIQtsbCFuc,Black Sheep Coffee - Victoria Station,Coffee shop,OPERATIONAL,Open
Blacklist Coffee Roasters,Canggu,Cafe,65fa86d0e0379bf78d5245b0,ChIJLwBu4ns50i0RXv6XHyBYYxc,Blacklist Coffee Roasters,Cafe,OPERATIONAL,Open
Blacktip Cafe & Workspace,Mae Haad,Coworking Space,67c19545c7059a51dd786c30,ChIJxyK0YVehVTARvL0TFf4pfXk,Blacktip: Coworking | Keto | Smash Burgers | Ice Bath & Sauna | Calisthenics,Restaurant,OPERATIONAL,Open
Bliss Casa,Gili Trawangan,Cafe,6613fb7fd0695b597ed3f3e6,ChIJu4fWv__dzS0RKUNqovkxMiE,Bliss Cuisine,Vegetarian Restaurant,OPERATIONAL,Open
Blue Coffee at Agriculture CMU,Suthep,Cafe,67d0057e4db2a5ec5517a61b,ChIJvwv3Wiwx2jAR2HAqPvdSLX4,Blue coffee at Agriculture CMU,Cafe,OPERATIONAL,Open
Blue Garage Coworking Space,Lewisham,Coworking Space,6809d00392fd7d3374c629d8,ChIJ3aVmThYDdkgR7Sw0nKvF5zQ,"BLUE GARAGE - Innovation Hub, accelerating the commercialisation of hardware scaleups.",Coworking space,OPERATIONAL,Open
Blue Light Wine Bar & Bistro,Sairee Beach,Cafe,67c1954413d0ea57bc8b66fa,ChIJqfmk2ub_VDARUgyuFNtlkmA,Blue Light Wine Bar & Bistro,Bistro,OPERATIONAL,Open
Boardriders Quiksilver | Ericeira,Central,Cafe,6840bf1fbfd7bd3fee0521fa,ChIJ-yW89AMnHw0RQw-gMNWbwc8,Boardriders Quiksilver Roxy DC Shoes | Ericeira,Sporting goods store,OPERATIONAL,Open
Boheme Canggu,Pererenan,Cafe,65fa86d0e0379bf78d524575,ChIJ84DyXzU50i0R4OoVNCCiH6g,Boheme Canggu,Restaurant,OPERATIONAL,Open
Bombu Mininu,Mindelo,Cafe,676736d0d39b71a90ae30d5a,ChIJ-ZcNcKQfTwkRbB3z-jO5x-Y,Bombu Mininu,Cafe,OPERATIONAL,Open
Bonanza Coffee Heroes,Prenzlauer Berg,Cafe,67dbb81b06a7e0d321e784e8,ChIJyWdFA_lRqEcRPDXaiTYiPmk,Bonanza Coffee Heroes,Coffee shop,OPERATIONAL,Open
Brain Awake,Old City,Cafe,660a66379d538bd994550e86,ChIJ3SA2ej3HxokR3leH3v7JMrg,Philly Wellness Center,Wellness Center,OPERATIONAL,Open
Brave Roasters - Siam Discovery,Siam,Cafe,674b37a011bf5448aba7531a,ChIJkeZNeM2e4jARcTi2CnQGAbk,Brave Roasters / Siam Discovery,Coffee shop,OPERATIONAL,Open
Bravo Beach Resort Siargao,General Luna,Cafe,67246a3962a5f35d6b0ce43a,ChIJOWDyiBv2AzMRpVvm7y_rqv4,Bravo Beach Resort Siargao,Hotel,OPERATIONAL,Open
Bread Basket Bakery - Canggu Bali,Canggu,Cafe,67a956456c0cce17d1ff1ad1,ChIJwzQBEtw50i0RMnQpllFb0a4,Bread Basket Bakery - Canggu Bali,Bakery,OPERATIONAL,Open
Break Brunch Lisbon,Bica,Cafe,67dbb82a911faea0a7115ce9,ChIJxZRVRMw1GQ0ReaI6chvNj80,Break Brunch Lisbon,Brunch restaurant,OPERATIONAL,Open
Brew Garden - Caffe Vergnano 1882,Holborn,Cafe,6809d00284cf6fe0ca12c9ae,ChIJYWkMeUwbdkgRD3JyJDEqCmM,Brew Garden,Coffee shop,OPERATIONAL,Open
Broccoli Revolution Sukhumvit 49,Sukhumvit,Cafe,674b379f040573bdb6420eb0,ChIJuxpP96mf4jARqZPYPN045Xs,Broccoli Revolution Sukhumvit 49,Vegan restaurant,OPERATIONAL,Open
Brunch Club Berawa,Berawa,Untagged,65fa86d0e0379bf78d52459e,ChIJnxFCS3pH0i0RE9mJ0v6ZkHA,Brunch Club Berawa,Cafe,CLOSED_TEMPORARILY,Temporarily closed
Brunch Club Pererenan,Pererenan,Untagged,65fa86d0e0379bf78d524597,ChIJkfDSHYg50i0RBdXQigmMn54,Brunch Club Pererenan,Cafe,OPERATIONAL,Open
Brunch Spot,General Luna,Cafe,67246a3ae051ce3154cde01b,ChIJ9c7uFI_3AzMRb69qwGF385U,Brunch Spot,Restaurant,OPERATIONAL,Open
Bubba's Coffee Baan Tai,Baan Tai,Cafe,6784e219668d29537c3df4f0,ChIJpbAG5r79VDARYvFdLxxixRU,Bubba's Coffee Baan Tai,Cafe,OPERATIONAL,Open
Bubba's Roastery,Haad Yao,Cafe,6784e2165a861705e48317d4,ChIJLwl5NcABVTARzDSHHb_FpAI,Bubba's Roastery,Cafe,OPERATIONAL,Open
Bubba's Thong Sala,Thong Sala,Cafe,67a95644a7bf46e2d2ddf70c,ChIJqziIa53_VDARWOfDZiTn79g,Bubba's Coffee Thong Sala,Cafe,OPERATIONAL,Open
BukitHub,Uluwatu (Ungasan),Coworking Space,660f6e1b44ab603706fd0baa,ChIJ6b-YySdb0i0RdW0lYq-OgHs,BukitHub Coworking ( 24x7 ),Coworking Space,OPERATIONAL,Open
Bull's Coffee,Berawa,Cafe,65fa86d0e0379bf78d5245af,ChIJx36zKPQ50i0R7AIVKuwbbhM,Bull's Coffee Berawa,Coffee Shop,OPERATIONAL,Open
Bull's Coffee Negara,Nagara,Cafe,6809d00bb6b8aaacae652480,ChIJV0E4jGdj0S0RZPEtNvTq7mE,Bull's Coffee Negara,Coffee shop,OPERATIONAL,Open
Buna Coffee & People,Bica,Cafe,67dbb82a186cec74323abb18,ChIJNwrP1Fc1GQ0Rh_wL-CRnKBQ,Buna,Coffee shop,OPERATIONAL,Open
Buri Siri Cafe & Coworking space,Nimman,Coworking Space,660a6637b397cf1a2392d7ea,ChIJawdhb4g62jARqD6Lf22ED5g,Buristro Bar & Cafe,Restaurant,OPERATIONAL,Open
Bush Radio,Kuta,Cafe,661735cc1a986db2aa2f6974,ChIJc4_VvFupzS0ROOASeBvDQEo,Bush Radio,Restaurant,OPERATIONAL,Open
CODOS Coffee Muehlenkamp,Winterhude,Cafe,666b03fb9720d46c38ebbb7b,ChIJG1OunjqJsUcRXa6opBkcc-4,CODOS Winterhude,Coffee Shop,CLOSED_PERMANENTLY,PERMANENTLY CLOSED
CORE Oldenburg,Oldenburg,Coworking Space,6749620d75224ac4ae447fdf,ChIJweyfWdvftkcRPRoCnjhYAfU,CORE Oldenburg,Coworking space,OPERATIONAL,Open
COSP Coworking Space Glashuetten,Glashuetten,Coworking Space,67f8adc66fca3737f5d67517,ChIJgZKPJs-vvUcRWOu2ux_LBWI,COSP Coworking Space Glashütten,Coworking space,OPERATIONAL,Open
CUM Coffee - The Office Thonglor,Thonglor,Cafe,66428dc59256d96271f1d88d,ChIJjSAW7Zaf4jAR8K0f7HXnq2g,CUM Coffee - The Office Thonglor,Coffee Shop,OPERATIONAL,Open
Cafe & Bar Celona Oldenburg Innenstadt,Oldenburg,Cafe,6749620e783e16c39adb351c,ChIJaazYogjftkcRDg1MuXlp5AE,Cafe & Bar Celona Oldenburg Innenstadt,Cafe,OPERATIONAL,Open
Cafe 7Stern,Neubau,Cafe,6676cf053d1ef88b5109e37a,ChIJm4sY640HbUcRuUiF3DNUQ38,Cafe 7Stern,Cafe,OPERATIONAL,Open
Cafe Bar Fro,Riva,Cafe,67dbb82d06a7e0d321e78eee,ChIJgwVfrf9dNRMRC_yRa7QYGLQ,Fro,Cafe,OPERATIONAL,Open
Cafe Coach,Canggu,Cafe,65fa86d0e0379bf78d524505,ChIJSbHdB9450i0RkjuhGplo8EE,Cafe Coach,Restaurant,OPERATIONAL,Open
Cafe Csiga,District 8,Cafe,668b9113ddffc472b7985f54,ChIJ_5BzUV7cQUcR7KfjgvgYzfE,Café Csiga,Restaurant,OPERATIONAL,Open
Cafe De Palma,Palm Jumeirah,Cafe,688cc1e479b1b078b64c5458,ChIJ1RNrfVtrXz4RTrtiOqxInp4,"Café De Palma, Palm Jumeirah",Cafe,OPERATIONAL,Open
Cafe De Paris,Business Bay,Cafe,682f68cd6850d1a8dbefbd1c,ChIJVa79xy5pXz4Rrj9ZfEWL19U,Café De Paris - Best Shisha in Business Bay,Hookah bar,OPERATIONAL,Open
Cafe Eiles,Josefstadt,Cafe,66428dc593fa7c845cd1391e,ChIJmfUeQ5QHbUcRLHDmvAAJsHM,Café Eiles,Cafe,OPERATIONAL,Open
Cafe Extrablatt Oldenburg,Oldenburg,Cafe,6749620d1eef3246ea2076fe,ChIJk7U3AQfftkcRa5mPlV3sk40,Cafe Extrablatt Oldenburg,Cafe,OPERATIONAL,Open
Cafe Faber,Au-Haidhausen,Cafe,66c1ffe60c2b45fe48eea4db,ChIJoQpy04bfnUcRg4R4eDFRM6A,Café Faber,Cafe,CLOSED_TEMPORARILY,Temporarily closed
Cafe Goldegg,Wieden,Cafe,66781d498854ad6b0ab913b3,ChIJWWvn830HbUcRbrUzChzF55I,Café Goldegg,Cafe,OPERATIONAL,Open
Cafe Jelinek,Mariahilf,Cafe,6676cf05bc969b0c31a234cd,ChIJz860h4kHbUcRvp4byquVfPY,Café Jelinek,Cafe,OPERATIONAL,Open
Cafe Johanna-Hamburg,Neustadt,Cafe,67dbb82505b2a7fae38f7c17,ChIJFTrBwg2PsUcRbfXjxbi8iow,Café Johanna-Hamburg,Cafe,OPERATIONAL,Open
Cafe KIOSK NO3,Kopli,Cafe,67dbb82ea4e8954f6bec6290,ChIJbb3JLmOTkkYRElHmd9Wj104,KIOSK NO3,Cafe,OPERATIONAL,Open
Cafe Knuth,Ottensen,Cafe,6666b1c8833ca0d65274c66f,ChIJuSPj4EqjY0ER98uSYBzxpUg,Cafe Bar Knuth,Cafe,OPERATIONAL,Open
Cafe Königin 43,Maxvorstadt,Cafe,66c1ffe784c0d0d41f0a43d5,ChIJ4xjOXJR1nkcROhAtCyI_TuY,Cafe Königin 43,Breakfast Restaurant,OPERATIONAL,Open
Cafe Lehel | Coffee | Kaffee | Smoothie,Altstadt-Lehel,Cafe,66c1ffe75673bb6bae94b5d0,ChIJgSwsROh1nkcR-M30zFZJudc,Café Lehel,Cafe,OPERATIONAL,Open
Cafe Neighbor,Sathon,Cafe,674b379fe281a34da8daf3a1,ChIJreUqADGf4jARJ8gPpRAAkdc,"Cafe NEIGHBOR, Coffee & Treats",Coffee shop,OPERATIONAL,Open
Cafe Neustadt,Vinohrady,Cafe,67dbb82d89928f8e5c836d95,ChIJeZugUvKUC0cRP-Vy9kYg2qw,Cafe Neustadt,Cafe,OPERATIONAL,Open
Cafe Noina by hematoa,Phloen Chit,Cafe,67dbb819b2bb3bdb73a47445,ChIJMU-tBwCf4jARZnhBeGHuuUA,Cafe Noina by hematoa,Cafe,OPERATIONAL,Open
Cafe Pomegranate,Ubud,Cafe,65fa86d0e0379bf78d5247b8,ChIJx3_FMT890i0RoiKKVRnF-tw,Cafe Pomegranate,Asian Restaurant,CLOSED_TEMPORARILY,Temporarily closed
Cafe Sperl,Mariahilf,Cafe,66795f582608a890b5948de3,ChIJ2XE5E4UHbUcRnNXnuwsVah8,Café Sperl,Cafe,OPERATIONAL,Open
Cafe The Province,Josefstadt,Cafe,67dbb82f3caa81895e3f0fd5,ChIJK3v71JQHbUcRYsN3EHKNtU4,Cafe The Province,Cafe,OPERATIONAL,Open
Cafe Velez La Floresta,Guapulo,Cafe,682f68ce6a882ae0d3254e9d,ChIJbxXYlWqb1ZERrn8_uTdf65o,Coffee Shop Velastegui,Coffee shop,OPERATIONAL,Open
Cafe da Garagem,Castelo,Cafe,67dbb82a504f03ad3bff4d20,ChIJOSikPogzGQ0RjbLAaULrSZ0,Café da Garagem,Cafe,OPERATIONAL,Open
Cafe de Koh Phangan,Thong Sala,Cafe,6784e218355e745c2caa6f8f,ChIJES6ISrz9VDARPfovM0Erdgs,,,ERROR:404,ERROR:404
Cafe del Born,El Born,Cafe,67dbb818d505e94c4326db0c,ChIJPeByD_6ipBIRS6hspV6vfyc,Cafè del Born,Cafe,OPERATIONAL,Open
Cafe in der Burggasse24,Neubau,Cafe,67dbb83007076504f24862ed,ChIJHwDDQ5IHbUcRx0lrGP_wv7M,Cafe in der Burggasse24,Cafe,OPERATIONAL,Open
Cafe:in House,Kampung Baru,Cafe,67c19545a1d76679e89aa920,ChIJW0w7UChIzDERWGflpMgxv20,Cafe:in House,Breakfast restaurant,OPERATIONAL,Open
Caffe vom See,Margareten,Cafe,67dbb82fee26f6b1058f5fb0,ChIJ7wNGgugHbUcRXqBl3cfmF4g,Caffe vom See,Cafe,OPERATIONAL,Open
Caffeine EE,Telliskivi,Cafe,66f857f0a136d5f5d4f4fc34,ChIJ_aCMZmCTkkYR6JaYq6OrKls,Caffeine EE,Coffee Shop,OPERATIONAL,Open
Caffiend,Cairns CBD,Cafe,6809d00c1f2325d5045f6e89,ChIJTbbIzZNmeGkR_N-JS1WXCj8,Caffiend,Cafe,OPERATIONAL,Open
Café Blá - Specialty Coffee Shop,Au-Haidhausen,Cafe,66c1ffe7591c2b56960deea2,ChIJmxcdvXzfnUcRbwzkybwjFGo,Café Blá,Coffee Shop,OPERATIONAL,Open
Café Culture Coffee,Sairee Beach,Cafe,67c195484f40ee7a8f3d4e17,ChIJj-yTIuyhVTARgtusXgBmQaU,Café Culture Coffee,Cafe,OPERATIONAL,Open
Café Encontro,Sal Rei,Cafe,676736cf1a411002707ffd45,ChIJ92mOLdU9SwkRgfWP2JuWAzQ,Café Encontro,Cafe,OPERATIONAL,Open
Café Velodome,Phra Nakhon,Cafe,674b37a0d5dd4e12f7834a6d,ChIJ6zNwWwyZ4jARZ5EmnxkG5Lg,Café Velodome – All day Breakfast,Breakfast restaurant,OPERATIONAL,Open
Café Verde,Mindelo,Cafe,676736d01d037159b010aae8,ChIJ221rtX0fTwkR0Nd9ETYXT-k,Café Verde,Cafe,OPERATIONAL,Open
Camp 308 by IZE,Pererenan,Coworking Space,65fa86d0e0379bf78d5245b7,ChIJS0YdYxw50i0R2yolQvUtplI,Camp 308 by IZE Canggu,Coworking Space,OPERATIONAL,Open
Camp Creative and Meeting Place,Nimman,Cafe,660a66362a8dcb3854441668,ChIJVRYatWE62jARA52IbLWUhPQ,CAMP Creative and meeting place,Coworking Space,OPERATIONAL,Open
Canteen Cafe,Canggu,Cafe,65fa86d0e0379bf78d5247bd,ChIJo3HAInw40i0R0zagdSIq9q0,Canteen Cafe,Brunch Restaurant,OPERATIONAL,Open
Cape Fruit,Santa Maria,Cafe,676736cf89a1188e68236120,ChIJ9S3NzfRbSwkRAnyutMP6a4c,Cape Fruit,Restaurant,OPERATIONAL,Open
Carl Ludwig Cafe,Wieden,Cafe,67dbb830ea3ad0a21ebb0aa2,ChIJR97QN_cHbUcRtl5tEBPfKqw,Carl Ludwig Cafe,Cafe,OPERATIONAL,Open
Carrot Cafe,Old City,Cafe,660a66360b296d0efa127533,ChIJzd7GKOAUkFQRw2zKExHQSZw,14 Carrot Cafe,Restaurant,OPERATIONAL,Open
Carrot Cafe Koh Phangan,Chaloklum,Cafe,6784e2147b4a753aff29306e,ChIJI4IEJzoCVTARCk9A2NnLEyw,Carrot Cafe,Restaurant,OPERATIONAL,Open
Casa Independente,Intendente,Cafe,67dbb82bd5406b3628168fdf,ChIJx3N2iIUzGQ0ROsa_StTlgNo,Casa Independente,Bar,OPERATIONAL,Open
Ceresia Coffee Roasters,Sukhumvit,Cafe,6668001c89ed7ce9f6a92243,ChIJv4zDUi6f4jAR766B6qCKqX8,Ceresia Coffee Roasters,Coffee roastery,OPERATIONAL,Open
Chappies Bar,Gili Trawangan,Cafe,6613fb812294e555467c2e00,ChIJ1YXbatjdzS0RIr3riwEwBBk,Chappies Bar,Indonesian Restaurant,OPERATIONAL,Open
"Chestnut Bakery, Belgravia",Victoria,Cafe,6809d009c6dc5faef1524770,ChIJMcmAWGAFdkgRdlL0s3jyK4g,"Chestnut Bakery, Belgravia",Bakery,OPERATIONAL,Open
Cinta Berawa,Bali,Untagged,65fa86d0e0379bf78d524586,ChIJubCLsXhH0i0RKZzHHnUTgF8,Cinta Berawa,Restaurant,CLOSED_TEMPORARILY,Temporarily closed
Clean Hearts Cafe - Old Street,Shoreditch,Cafe,67d0057fbcfbe0e5e5a882a6,ChIJr0MWsHIddkgRUASkBa-R3f0,Clean Hearts Cafe - Old Street,Coffee shop,OPERATIONAL,Open
Clear Cafe Canggu,Canggu,Cafe,65fa86d0e0379bf78d524584,ChIJ4yXYSBg50i0R3dQdcyc4C7s,Clear Cafe,Restaurant,CLOSED_PERMANENTLY,PERMANENTLY CLOSED
Clear Cafe Ubud,Ubud,Cafe,65fa86d0e0379bf78d5247b6,ChIJuWpfwms90i0RmUc7F9E9hGY,Clear Cafe,Cafe,OPERATIONAL,Open
Cloud Coffee,Suthep,Cafe,67d0057f2dda61cb90d8e6e3,ChIJAxGhZOM72jARiAMHp1tbGsY,Cloud Coffee,Cafe,OPERATIONAL,Open
Cloudworks El Born,El Born,Coworking Space,6809cff330e33b57847dd468,ChIJNyom1gejpBIREqa2HzwFzgI,Cloudworks El Born,Coworking space,OPERATIONAL,Open
Cloudworks La Rambla - Drassanes,La Rambla,Coworking Space,6809cff330e33b57847dd465,ChIJZaH1npejpBIRf5Ms3Un0TuQ,Cloudworks La Rambla - Drassanes,Coworking space,OPERATIONAL,Open
Cloudworks Sant Antoni,Sant Antoni,Coworking Space,6809cff53d3ee1234b7bd57a,ChIJuR3ZdLCjpBIR-suyWblAs5s,Cloudworks Sant Antoni,Coworking space,OPERATIONAL,Open
Cloudworks Sant Joan,L'Eixample Dreta,Coworking Space,6809cff492fd7d3374c61eda,ChIJDwqFOwCjpBIRIoolIq4NTjs,Cloudworks Sant Joan,Coworking space,OPERATIONAL,Open
Clove,Seseh,Cafe,663291465aa0a1ffc93012e0,ChIJn3c_S1M50i0RUkAgeWQGxeo,Clove - Seseh,Restaurant,OPERATIONAL,Open
CoWorkBude14 - Coworking in Winterhude,Winterhude,Coworking Space,67d81020a75efa94b9d5b19f,ChIJFY1-C7eJsUcROY8pHs79buo,CoWorkBude14 - Coworking in Winterhude,Coworking space,OPERATIONAL,Open
Coastal Grounds Coffee Siargao,General Luna,Cafe,67246a399ec6f0803f1253b0,ChIJdaeoWq8JBDMRZU25FwQ34jU,Coastal Grounds Coffee Siargao,Coffee Shop,OPERATIONAL,Open
Coco Cafe & Ice Cream,Gili Trawangan,Cafe,6613fb81f6f34366981baf0f,ChIJW2RmD2vdzS0ROYhFnp7f2n4,Coco cafe & Ice Cream,Coffee Shop,OPERATIONAL,Open
Coco Space,General Luna,Coworking Space,6809d00d1f2325d5045f6fe1,ChIJU3SNJJQJBDMRBP3vtCh_pFc,Coco Space | Siargao Coworking Space & Community,Coworking space,OPERATIONAL,Open
Coconut Monkey,Mae Haad,Cafe,67c195445a754d8053648232,ChIJ80Cv1I-hVTARcJ-39nMbTBU,Coconut Monkey,Cafe,OPERATIONAL,Open
Code Space Coworking Space,Fa Ham,Coworking Space,67dbb81ea4e8954f6bec5811,ChIJe_HTM9Q62jAR-Coi2WZlWFw,Code Space Co-working Space,Coworking space,OPERATIONAL,Open
Coffee & Thyme Gili Trawangan,Gili Trawangan,Cafe,6613fb7fc72435975960ab0a,ChIJk_S2yQLdzS0RrqqnOOUmPQo,Coffee & Thyme Gili Trawangan,Coffee Shop,OPERATIONAL,Open
Coffee Box,Au-Haidhausen,Cafe,66c1ffe8234911f96b0e72ba,ChIJL21y9fd1nkcRJw71SinaOMw,Coffee Box,Coffee Shop,OPERATIONAL,Open
Coffee Corner Bakery Machova,Vinohrady,Cafe,67dbb82de400d4eb3b3db69a,ChIJqT8AlOeVC0cRgR99VheI_bU,Coffee corner bakery,Coffee shop,OPERATIONAL,Open
Coffee Fellows Leopoldstrasse,Schwabing,Cafe,66c1ffe8a3d76f74288c3e4a,ChIJdaCi6rh1nkcRu81IhMVLfsE,"Coffee Fellows - Coffee, Bagels, Breakfast",Cafe,OPERATIONAL,Open
Coffee Fellows Tal,Altstadt-Lehel,Cafe,66c1ffe8c2f1bc92ad2e4c8f,ChIJYe5tiol1nkcROeMOKBlYNKs,Coffee Fellows,Cafe,OPERATIONAL,Open
Coffee Island,Covent Garden,Cafe,6809cffdc6ebe3071526fc39,ChIJMyWOCs0EdkgR36UVVdRiiv0,Coffee Island,Coffee shop,OPERATIONAL,Open
Coffee Junction,Shoreditch,Cafe,6809d0078141cc203339b77d,ChIJo7RVm6YcdkgRM0PBHWoYhqg,42 Coffee Junction,Coffee shop,OPERATIONAL,Open
Coffee Shop Berawa,Berawa,Cafe,665ed1a5ef98fb50f4c1e618,ChIJwcJ-jYFH0i0R9IzvMUCDe90,Coffee Shop Berawa,Cafe,CLOSED_PERMANENTLY,PERMANENTLY CLOSED
Coffee U-Boot,Mariahilf,Cafe,67dbb82f3d9e84649e43f9b9,ChIJxUn9vFcHbUcRnMpoyqWlfi0,Coffee U-Boot,Coffee shop,OPERATIONAL,Open
Coffee Wake,Silom,Cafe,677bc82c58bee706e157829d,ChIJyycnZNaZ4jARtO0Wv11d8oQ,Coffee Wake,Coffee shop,OPERATIONAL,Open
CoffeePirates,Alsergrund,Cafe,6676cf06a5d1c33e1116d564,ChIJ3a8QIcEHbUcRr8y9lFyb1Hw,CoffeePirates,Cafe,OPERATIONAL,Open
Coffeeology,Phloen Chit,Cafe,674b37a0fbc7383b4c994dee,ChIJlftxYNue4jARPUSAHylrrII,Coffeeology,Cafe,CLOSED_PERMANENTLY,PERMANENTLY CLOSED
Colabo Cafe,Uluwatu (Jimbaran),Cafe,65fa86d0e0379bf78d5247a2,ChIJ-5V_9-ZE0i0R25rWoEfCByY,Colabo Cafe - Breakfast and Brunch Spot,Cafe,OPERATIONAL,Open
Collaborative One - Flexible Workspaces,South Croydon,Coworking Space,6809d0088d21fca2437b87ca,ChIJ5S4OwygHdkgR8czZcifVFI0,Collaborative One - Flexible Workspaces & Office Rental,Business center,OPERATIONAL,Open
Comeet Creative Space,Heraklion,Coworking Space,66e7cd8f8930475289ccbf9e,ChIJqcBkyIBZmhQRVDLNIzprqR8,Comeet Creative Space,Coworking Space,CLOSED_PERMANENTLY,PERMANENTLY CLOSED
Common,Clapham,Cafe,6809cffc8b8009b34b39fa8a,ChIJs2RUpO0FdkgRr3MJ9wkveDU,Common,Cafe,OPERATIONAL,Open
Common Ground Central World,Siam,Coworking Space,674b37a3db75f1b2a4159b8a,ChIJxx7J-bWd4jARo06iEgppJY8,Common Ground Central World,Coworking space,OPERATIONAL,Open
Common Ground G Tower,Huai Khwang,Coworking Space,674b37a3464b231db2ce0b5c,ChIJO-oki6if4jAR_37BSKeGehs,Common Ground G Tower,Coworking space,OPERATIONAL,Open
Common Ground Ploenchit,Phloen Chit,Coworking Space,674b37a36541130c2bea46ed,ChIJSUbUzQSf4jARHUTqMpT8Zog,Common Ground Ploenchit,Coworking space,OPERATIONAL,Open
Common Ground by Spacemade,Wimbledon,Coworking Space,67d52fb0794483edbf42d273,ChIJMczi5_UJdkgRFKvr4QiXXng,Common Ground by Spacemade,Real estate agency,OPERATIONAL,Open
Common Grounds Coffee,Wok Tum,Cafe,6784e21854282d61143163f3,ChIJ05Vl6kv9VDAR6EQoL0pxAHo,Common Grounds Coffee,Coffee shop,OPERATIONAL,Open
Comoba,Cais do Sodre,Cafe,663e5f599ac03722a769ae5b,ChIJs9A-wr81GQ0RQO_3iV_ZtXU,COMOBÅ,Cafe,OPERATIONAL,Open
Cookies Cafe,Srithanu,Cafe,6784e215cac506bc5144d480,ChIJHyZMCt8BVTARIX1f6_g4Dy0,Cookies Cafe,Coffee shop,OPERATIONAL,Open
CoolMuang Coffee,Old City,Cafe,660a6635f34b5aa2d29f0d68,ChIJm_jLTqI62jARxMmgL2nWfvo,CoolMuang Coffee,Cafe,OPERATIONAL,Open
Copenhagen Coffee Lab - Santa Clara,Santa Clara,Cafe,663e5f5923b1080c14f756bd,ChIJDTth7IozGQ0R9u8sSW43M2I,Copenhagen Coffee Lab - Campo de Santa Clara,Cafe,OPERATIONAL,Open
Copenhagen Coffee Lab Winterhude,Winterhude,Cafe,666b03fb5273cee26e6d2740,ChIJtbo_njmJsUcRv4rDtS4jx0U,Copenhagen Coffee Lab,Coffee Shop,OPERATIONAL,Open
Cotidiano - Chiado,Baixa,Cafe,67dbb82a9b9a7bd5d4e4f72d,ChIJL7dqrpU1GQ0RgWvIgomudCY,Cotidiano - Chiado,Brunch restaurant,OPERATIONAL,Open
Cotton Tree Coffee Roasters,Nimman,Cafe,67dbb81fc24274cca94b2294,ChIJ898yEWA62jARgaE_MHll7sA,Cottontree,Cafe,OPERATIONAL,Open
Counting Sheep Corner,Sukhumvit,Cafe,674b37a0a04f12f57f48cbc5,ChIJWTOFU66f4jARouEsaZ6ngNI,Counting Sheep Corner,Restaurant,OPERATIONAL,Open
Cowork Funchal,Funchal,Coworking Space,664fb8980d7d14d3e11a8b66,ChIJ0U8-UQhgYAwR2SPRJKP_amc,Cowork Funchal,Coworking Space,OPERATIONAL,Open
Coworking Space H24,Thong Sala,Coworking Space,6784e210f5ed5087d887b1f7,ChIJPQGcmiv9VDARoGzrXpvkQOs,Coworking Space H24,Coworking space,OPERATIONAL,Open
Coworking Space Ponta do Sol,Ponta do Sol,Coworking Space,67d65594a76aa2b2afaadf8d,ChIJTa-2R21XYAwR_Wc9aLkg_Zk,Co-working Space Ponta do Sol,Coworking space,OPERATIONAL,Open
Coworking at Meraki Market Cafe,Chloraka,Coworking Space,67dbb82cd505e94c4326f037,ChIJJ3PhYDYH5xQRkpPPKY3XcIY,Coworking at Meraki Market Café,Coworking space,OPERATIONAL,Open
Coworking at Sunset Hill Resort,Srithanu,Coworking Space,6784e20fcac506bc5144cfaf,ChIJQedo_ov9VDARR01xNy2Hsys,Coworking at Sunset Hill Resort,Coworking space,CLOSED_TEMPORARILY,Temporarily closed
Cozi Cafe And Bar,Sukhumvit,Cafe,674b37a08577b80adfa59282,ChIJy5MjCT2f4jARDkeF7gr_dgs,COZI Cafe and Bar,Coffee shop,OPERATIONAL,Open
Craft,Lumphini,Cafe,674b37a41d78a6be7f43d179,ChIJQSpPi9Gf4jARJIoCM1AOlfc,CRAFT,Cafe,OPERATIONAL,Open
Cremositos Boavista,Sal Rei,Cafe,676736cf874353655e293f75,ChIJnYUNRCk9SwkRPr762hbU19Q,Cremositos Gelateria Boavista,Ice cream shop,OPERATIONAL,Open
Cuppa Espresso Bar,Uluwatu (Ungasan),Cafe,65fa86d0e0379bf78d5247a3,ChIJP2eY1cxE0i0Ri9SZhCIPZKE,"CUPPA Espresso Bar Coffee,Breakfast&Brunch",Coffee Shop,OPERATIONAL,Open
Curfew Restaurant and Beer Garden,Kuta,Cafe,66d7e9babab9945648a84f14,ChIJGfAxJU2pzS0RByL3aqYWqLE,Curfew Restaurant and Beer Garden,Restaurant,OPERATIONAL,Open
Curva Cafe,Graca,Cafe,67dbb82b9d7b9f1af5e4fb09,ChIJf8d1rdczGQ0RJ-oOips9mds,Curva,Cafe,OPERATIONAL,Open
D16 Coffee,Diocletian's Palace,Cafe,67dbb82d90548257c388ed5e,ChIJm1gxIv5dNRMRrA1i0tWyp8M,D16 Coffee,Cafe,OPERATIONAL,Open
DEOS Coworking,Canggu,Coworking Space,67ba680ec6e7b846dc15ffa4,ChIJYRocrIw50i0RQ7nCFvV2o8g,DEOS Coworking,Coworking space,OPERATIONAL,Open
Daily Hub - Cafe & Co Work,Kerobokan,Cafe,660f6e1bc567e77fd0c49351,ChIJZddSvpVH0i0ReMVTrf07mVU,Daily Hub - Cafe & Co Work,Cafe,OPERATIONAL,Open
Danasol - Eatery Cafe Workspace,Da Nang,Cafe,6666b048f8fc2b590fb950c6,ChIJFXcbvUUXQjERyyk7pzfqGmE,Danasol,Brunch Restaurant,OPERATIONAL,Open
Dark Roast Cafe,Colombo 4,Cafe,67c19547e8f05799118c74cb,ChIJD90Uvedb4joRk6pn9yR59QI,Dark Roast Cafe,Coffee shop,CLOSED_PERMANENTLY,PERMANENTLY CLOSED
DeBru Craft Beer,Picoas,Cafe,67dbb82b68b145495a7cd5f3,ChIJ0dwkyKIzGQ0RtTdkU7sSt94,DeBru Craft Beer,Bar,CLOSED_PERMANENTLY,PERMANENTLY CLOSED
Dear Breakfast Bica,Bica,Cafe,663e5f59a0f8e5b78189a85f,ChIJ_1gebYs1GQ0RcNYOzPpFICE,Dear Breakfast,Brunch Restaurant,OPERATIONAL,Open
Dear Cafe,Khlong San,Cafe,6760cb2ae4a85d59b97c32b9,ChIJnURH9OOZ4jARG0fPxAJt4JU,Dear Cafe,Coffee shop,OPERATIONAL,Open
Dear Rose Cafe,Central,Cafe,682f68cdb474326072435878,ChIJj00gne4nHw0Rn5kfNwsIgw4,Dear Rose Café,Coffee shop,OPERATIONAL,Open
Deep Sii - 57A Le Loi,Hai Chau,Cafe,67c19542b79a4084f67bc313,ChIJa_ghXnAXQjERmcROwQaw1q0,Deep Sii - 57A Lê Lợi,Coffee shop,CLOSED_PERMANENTLY,PERMANENTLY CLOSED
Deli Devi,Srithanu,Cafe,6784e216eaef01228e1bb4f4,ChIJp1YGc7H_VDARLETa3ynBrv0,Deli Devi,Vegan restaurant,OPERATIONAL,Open
Design District Coworking,Greenwich Peninsula,Coworking Space,6809cfff79bb466f4f651aa9,ChIJoaVQy_Wp2EcRhPeEABBkTLM,Design District,Business center,OPERATIONAL,Open
Designers Hub Coworking,District 7,Coworking Space,67dbb8283caa81895e3f0cf2,ChIJgdusBs0ldTERuwpeMGJ14mE,Designers Hub Coworking,Coworking space,OPERATIONAL,Open
Die Diele Coworking Space & Hangout,Ottensen,Coworking Space,67d81020a8225578775ef25e,ChIJVVX50ZGFsUcRgPfOf3kz-II,Die Diele Coworking Space & Hangout,Coworking space,OPERATIONAL,Open
Ditta Artigianale Riva d'Arno Florence,Florence,Cafe,66ddd4c0fa9ffe666938b549,ChIJ9QH7iSNXKhMRGmdI54yAxwY,Ditta Artigianale Riva d'Arno,Cafe,OPERATIONAL,Open
Dng.coffee,Da Nang,Cafe,6666b048ec480c4d81649b60,ChIJO7l-RdwZQjERNj5fr2VyZ9Y,Dng.coffee,Coffee Shop,OPERATIONAL,Open
Dome Lombok & Restaurant,Gerupuk,Cafe,661b191fca5426d279065b23,ChIJ8TZuYaMBzS0RpRa3_LN4aZc,Dome Lombok & Restaurant,Restaurant,OPERATIONAL,Open
Doppio,Canggu,Cafe,65fa86d0e0379bf78d524589,ChIJt3TwqKFG0i0RnC655q8-6X4,Doppio Cafe,Cafe,OPERATIONAL,Open
Doppio Coffee Warehouse Battersea,Battersea,Cafe,6809cff72aa4ba2c3edffb0f,ChIJD93d1p0FdkgR_FTnB9PKvr0,Doppio Coffee Warehouse Battersea,Coffee shop,OPERATIONAL,Open
Dorado Cafe,District 7,Cafe,668b8ee9693ce0961bc84f1f,ChIJd3QximjcQUcRWDu3p4iGf1A,Dorado Café,Cafe,OPERATIONAL,Open
Dot Cafe,Kesklinn,Cafe,67dbb82efd6d8320609aad81,ChIJv1SLVxKVkkYRJdJBKvZUnPU,Dot Cafe,Cafe,OPERATIONAL,Open
Dots Coffee,Thong Sala,Cafe,6784e2108eab5b56e37402fe,ChIJofG8a37-VDARunXw041Pw_g,Dots Coffee,Cafe,OPERATIONAL,Open
Downtown,Kedungu,Cafe,663291471cab4554c2878fce,ChIJOQjvnmE50i0RJIKxjkIn9js,Downtown Kedungu - Restaurant & Bar,Restaurant,OPERATIONAL,Open
Draftboard MBK Center,Siam,Coworking Space,674b37a331a2fd6ff89b763c,ChIJIQDC03Gf4jARokZmQtT-jG4,DraftBoard MBK center,Coworking space,OPERATIONAL,Open
Draper,Canggu,Cafe,65fa86d0e0379bf78d5245a3,ChIJPSz7pOE40i0Rx8lX8RG1nDM,Draper Startup House for Entrepreneurs Bali,Hostel,CLOSED_PERMANENTLY,PERMANENTLY CLOSED
Dream Cowork Hotel Lombok,Kuta,Coworking Space,6619cfabccb74532b4537edb,ChIJhb11Z9SpzS0R1gd5XwhJEG0,Dream CoWork Hotel Lombok,Hotel,OPERATIONAL,Open
Driftwood Cafe,Selong Belanak,Cafe,6619cfab6754354f62add829,ChIJW5P5SUSnzS0R5rZfBPM4SFk,Driftwood Cafe,Restaurant,OPERATIONAL,Open
DuaTiga,Bali,Untagged,65fa86d0e0379bf78d524585,ChIJc0G02ihH0i0RUxpiY3cjxDE,duatiga,Cafe,CLOSED_PERMANENTLY,PERMANENTLY CLOSED
EasyLife Campus,Godellawela,Cafe,682f68cd609c7f75894b2082,ChIJTWnYn5NL4ToRj_nHkqA4f6U,EasyLife Campus | Café + Bar + Restaurant + Yoga + Ayurveda Spa + Co-Working,Restaurant,CLOSED_TEMPORARILY,Temporarily closed
Eclektic Space I Coworking Poblenou,Poblenou,Coworking Space,6809cff43edc9df7affd0400,ChIJ_2K-76KjpBIRM7OyhK_OWto,Eclektic Space I Coworking Poblenou,Coworking space,OPERATIONAL,Open
El Café de Acá,Ycua Sati,Cafe,68a2fa2903f08bf14606d2f6,ChIJEQUXfHupXZQRQfIYIRlHRmk,El Café de Acá - Paseo Galería,Coffee shop,OPERATIONAL,Open
Eleven 11:11 Eleven,Barmbek,Cafe,6666b0c9475bacb265fd9237,ChIJm4_RTgCPsUcRzdkG-qyUzvg,eleven 11:11 eleven | komponistenviertel,Brunch Restaurant,OPERATIONAL,Open
Elmtree by Spacemade,Marylebone,Coworking Space,67d52fb283c0ed0c6c8cfe67,ChIJ-6dccP0bdkgRRBtVSGOYk4o,Elmtree by Spacemade,Real estate agency,OPERATIONAL,Open
Empress Coffee,Neubau,Cafe,6676cf062a6f276c22680660,ChIJZ0kKZAAttokREoe8MTjSbIw,Empress Coffee & Cocktails,Coffee Shop,OPERATIONAL,Open
Engelnest Coworking Space and Event Venue,Schoeneberg,Coworking Space,6809cff51f2325d5045f5e8c,ChIJXfG2Ok5RqEcRRYDQYLIIqrU,Engelnest Coworking Space and Event Venue,Coworking space,OPERATIONAL,Open
Enosta Space - Coworking & Coliving Space - An Nhon 3,An Hai Bac,Coworking Space,67dbb822e400d4eb3b3dafa6,ChIJsTIQVPwZQjERisX0ymdzD2E,Enosta Space - Coworking & Coliving Space - An Nhon 3,Coworking space,OPERATIONAL,Open
Escape Cafe,Long Beach,Cafe,67d509db7e2b022278f5098c,ChIJSZPzok8DTjARhH-gnWYr9lg,Escape Café,Cafe,OPERATIONAL,Open
Espai Born,El Born,Coworking Space,6809cff3ea423d76c26e7c7c,ChIJXU8RyP6ipBIRHyf0iEf5d_8,Espai Born,Coworking space,CLOSED_PERMANENTLY,PERMANENTLY CLOSED
Espresso Embassy,District 5,Cafe,67dbb81da4e8954f6bec5737,ChIJGyzE_xTcQUcRlvjbtChDLtU,espresso embassy,Coffee shop,OPERATIONAL,Open
Espresso House Gertigstrasse,Winterhude,Cafe,67dbb82605b2a7fae38f7d3c,ChIJd8k_LLeJsUcRzkulY9OyvVE,Espresso House,Cafe,OPERATIONAL,Open
Eurana Cafe & Restaurant,Old City,Cafe,67dbb8215990780b5fce6db0,ChIJ_____-852jAROT66xa178ys,Eurana Cafe & Restaurant,Coffee shop,OPERATIONAL,Open
Expat Roasters,Seminyak,Cafe,65fa86d0e0379bf78d5245b2,ChIJDRlg6xBH0i0RlYWXx9y2B4s,Expat. Roasters Seminyak Petitenget,Coffee Shop,OPERATIONAL,Open
FLOW Workspace,Sanur,Coworking Space,67f8adc654fe9b4f221d44d6,ChIJZdI3635B0i0RG_dHMtwAYM4,FLOW workspace,Coworking space,OPERATIONAL,Open
FULL-FILL Cafe Vegetarian,Klong Nin,Cafe,67d509db1816368273e4f87c,ChIJeXkZin8FTjARjGFZ_541R70,FULL-FILL Café Vegetarian & Refill Store,Coffee shop,CLOSED_TEMPORARILY,Temporarily closed
FWD:Coffee - Farringdon Rd,Farringdon,Cafe,6809cffe3d3ee1234b7bd9ed,ChIJCzWXnyQbdkgRDJHCYQJRoZ8,FWD:Coffee,Coffee shop,OPERATIONAL,Open
FWD:Coffee - Whitecross St,Old Street,Cafe,6809d0057e404065049f6ec4,ChIJCZ6sL6gcdkgRUYtjTynrh5I,FWD:Coffee,Coffee shop,OPERATIONAL,Open
Fabrica Coffee Roasters - Pena,Baixa,Cafe,67dbb82a9d7b9f1af5e4fabc,ChIJM9Q0OYEzGQ0R_mfBu1Aml5U,Fábrica Coffee Roasters,Coffee roastery,OPERATIONAL,Open
Federal Palma,Palma,Cafe,671a2069df76804d23b3534c,ChIJoxnma2CTlxIR88gdvZi4kPU,FEDERAL Brunch y Café de Especialidad - Palma,Brunch Restaurant,OPERATIONAL,Open
Feeka Coffee Roasters,Bukit Bintang,Cafe,664d020123feb877d95564c8,ChIJoZHXWCo2zDERg8ElLFMydz4,Feeka Coffee Roasters,Coffee roastery,OPERATIONAL,Open
Fekete,District 5,Cafe,668b8ee8a2ac86b35a9455f3,,,,NOT_FOUND,Not found on Google
Fern Forest Cafe,Old City,Cafe,67dbb820e95b63f8187e0a90,ChIJ2xINj5o62jARvGTpW7fWjts,Fern Forest Cafe,Cafe,OPERATIONAL,Open
Fika Cafe Telliskivi,Telliskivi,Cafe,66cf5711344f70f9f2b749a2,ChIJxXOn8C-TkkYRAzQbhYfk3U0,Fika Cafe,Cafe,OPERATIONAL,Open
Five30 Cafe,Canggu,Cafe,6725a28e4e06a595785f5a23,ChIJG12Rb_w50i0RVHCUPa5EK84,Five30 Cafe,Cafe,OPERATIONAL,Open
Flat+White Cafe,Thonglor,Cafe,674b37a08f6a3b8d67dbed68,ChIJ8cutYayf4jARnnr1olHN2bE,Flat+White cafe,Cafe,OPERATIONAL,Open
Flow Cafe & Eatery,Haad Salad,Cafe,6784e215cc89dd1a71be7d7b,ChIJ-8Mi1WgBVTARt_qUYOwWMAg,Flow Cafe & Eatery,Coffee shop,OPERATIONAL,Open
Flow Specialty Coffee Bar & Bistro,District 6,Cafe,67dbb81d0a49e102711f638a,ChIJsWzyeojdQUcR801h7ozTqDY,Flow Specialty Coffee Bar & Bistro,Vegan restaurant,CLOSED_PERMANENTLY,PERMANENTLY CLOSED
Foods & Roots,Chaloklum,Cafe,6784e214dbc183768451cd90,ChIJX9a-YlcDVTARkb9qD_f_tLA,Foods & Roots,Vegan restaurant,OPERATIONAL,Open
Footprint Cafes,Srithanu,Cafe,6784e2119557868af88b3205,ChIJIU9LyMj9VDAReBVKp-HW_SE,Footprint Cafes,Cafe,CLOSED_PERMANENTLY,PERMANENTLY CLOSED
Fora - 133 Whitechapel High Street,Whitechapel,Coworking Space,67d005782b0f8cde8c058153,ChIJkYaZKksDdkgR63q4ENoxEK8,Fora - 133 Whitechapel High Street,Real estate agency,OPERATIONAL,Open
Fora - 180 Borough High Street,London Bridge,Coworking Space,67d0057aaf08fe56f2775bd0,ChIJm_9vhlgDdkgR7PXgQdGoKQA,Fora - 180 Borough High Street,Real estate agency,OPERATIONAL,Open
Fora - 19 Eastbourne Terrace,Paddington,Coworking Space,67d005755d875e92236fb5e6,ChIJK2BsAK0adkgRzrQ-En3khuU,Fora - 19 Eastbourne Terrace,Real estate agency,OPERATIONAL,Open
Fora - 2 Stephen Street,Fitzrovia,Coworking Space,67d0057dea314b1109ec32b6,ChIJyQJWUiwbdkgR5R38h0Aa_2I,Fora - 2 Stephen Street,Real estate agency,OPERATIONAL,Open
Fora - 20 Eastbourne Terrace,Paddington,Coworking Space,67d00575dd12d83f886e1de0,ChIJhSX-HK0adkgR8J4qMB99xKo,Fora - 20 Eastbourne Terrace,Real estate agency,OPERATIONAL,Open
Fora - 201 Borough High Street,London Bridge,Coworking Space,67d0057be660a8c7f2a6d5be,ChIJb6rOnFgDdkgRGyW7fINX0Fc,Fora - 201 Borough High Street,Real estate agency,OPERATIONAL,Open
Fora - 210 Euston Road,King's Cross,Coworking Space,67d0057b2ab4ba62f9fb68a0,ChIJg-hukvUbdkgRcS1a1Hl3_Yk,Fora - 210 Euston Road,Real estate agency,OPERATIONAL,Open
Fora - 22 Berners Street,Fitzrovia,Coworking Space,67d0057eac035010a7c1bcfc,ChIJi-OU9lkbdkgRRsUDw2P9t3Q,Fora - 22 Berners Street,Real estate agency,OPERATIONAL,Open
Fora - 22 Manchester Square,Marylebone,Coworking Space,67d00577320a6853fc55bceb,ChIJF2SZhtIadkgR7_BogH_T5Aw,Fora - 22 Manchester Square,Real estate agency,CLOSED_PERMANENTLY,PERMANENTLY CLOSED
Fora - 24 Greville Street,Farringdon,Coworking Space,67d0057c2055896bf9a6f425,ChIJmUBU900bdkgRQImVoSpYL7o,Fora - 24 Greville Street,Real estate agency,OPERATIONAL,Open
Fora - 24/25 The Shard,London Bridge,Coworking Space,67d0057a5133d82f182d5106,ChIJHzDiLjYDdkgRv3cLDH4uzpo,Fora - 24/25 The Shard,Real estate agency,OPERATIONAL,Open
Fora - 241 Southwark Bridge Road,London Bridge,Coworking Space,67d0057aaf08fe56f2775b83,ChIJJ0ySZxAFdkgRAfV4uPeHeEg,Fora - 241 Southwark Bridge Road,Real estate agency,OPERATIONAL,Open
Fora - 42 Berners Street,Fitzrovia,Coworking Space,67d0057de660a8c7f2a6d713,ChIJT-46If4bdkgR9PHJBEtlAJc,Fora - 42 Berners Street,Real estate agency,OPERATIONAL,Open
Fora - 50 Liverpool Street,Liverpool Street,Coworking Space,67d005785274b807cfa79c5b,ChIJK66jhbIcdkgRKTSJGBXrwEQ,Fora - 50 Liverpool Street,Real estate agency,OPERATIONAL,Open
Fora - 7 Stratford Place,Mayfair,Coworking Space,67d00577625cd4a1e0118418,ChIJHa4KLdMadkgRd2tdIVxt1oM,Fora - 7 Stratford Place,Real estate agency,OPERATIONAL,Open
Fora - 81 Rivington Street,Shoreditch,Coworking Space,67d0057acff59196e045ad23,ChIJFduUY7ocdkgRxnTfSFvcbeQ,Fora - 81 Rivington Street,Real estate agency,OPERATIONAL,Open
Fora - 91 Wimpole Street,Marylebone,Coworking Space,67d005776814cd699c94f843,ChIJP1xcZ9MadkgRYs30L-QPS4c,Fora - 91 Wimpole Street,Real estate agency,OPERATIONAL,Open
Fora - Albert House,Shoreditch,Coworking Space,67d0057a6c16189eb742ced3,ChIJi45pgqUcdkgRXectoez_4uM,Fora - Albert House,Real estate agency,OPERATIONAL,Open
Fora - Belle House,Victoria,Coworking Space,67d005773ea7a2ae91220355,ChIJw-hSpCAFdkgRw5tCPFasLQI,Fora - Belle House,Coworking space,OPERATIONAL,Open
Fora - Blue Fin Building,Southwark,Coworking Space,67d00579ac718f9bd066dfd6,ChIJmZkMUOMFdkgRLo3uZiYgei0,Fora - Blue Fin Building,Real estate agency,OPERATIONAL,Open
Fora - Borough Yards,London Bridge,Coworking Space,67d0057a6beee86747bfe48e,ChIJB3ilSogDdkgRRp9JnqimTjo,Fora - Borough Yards,Real estate agency,OPERATIONAL,Open
Fora - Broadwick Street,Soho,Coworking Space,67d00577bfd365a3239fc0df,ChIJqXgiVGEFdkgRVIw_-3bMEgE,Fora,Real estate agency,OPERATIONAL,Open
Fora - Brock House,Fitzrovia,Coworking Space,67d00577ac035010a7c1b3db,ChIJ9_XxUOgbdkgRBOE2Ej3xKUk,Fora - Brock House,Real estate agency,OPERATIONAL,Open
Fora - Central Street,Shoreditch,Coworking Space,67d0057a9f2fb4bd245acdb8,ChIJVYQVNVgbdkgRn-lpQGr3fMI,Fora - Central Street,Real estate agency,OPERATIONAL,Open
Fora - Chancery House,Holborn,Coworking Space,67d0057cbb649ef4ec0d8f77,ChIJ-3e_dUsbdkgRI22vVq3wxJc,Fora - Chancery House,Real estate agency,OPERATIONAL,Open
Fora - Dallington Street,Clerkenwell,Coworking Space,67d0057cd16ee9ad182c5b59,ChIJAeWPvlAbdkgRWPKl_S4AN08,Fora - Dallington Street,Real estate agency,OPERATIONAL,Open
Fora - East Side,King's Cross,Coworking Space,67d0057b83958e65aba335d9,ChIJpV8MrT4bdkgRNxob9Q4HSE4,Fora - East Side,Real estate agency,OPERATIONAL,Open
Fora - Eastcastle Street,Fitzrovia,Coworking Space,67d0057dd8d3c051a7d90038,ChIJ21BKcUYbdkgRnTh2X8qJCkw,Fora,Real estate agency,OPERATIONAL,Open
Fora - Folgate Street,Shoreditch,Coworking Space,67d00579ea314b1109ec2f89,ChIJ9zk96vEddkgRM90muIOwId8,Fora - Folgate Street,Real estate agency,OPERATIONAL,Open
Fora - Great Eastern Street,Shoreditch,Coworking Space,67d0057934ee586e1611fbda,ChIJx-IsBjwddkgR50qyIwiHqWg,Fora - Great Eastern Street,Real estate agency,OPERATIONAL,Open
Fora - Green Park House,Mayfair,Coworking Space,67d005763858f26043897c61,ChIJUwZuDykFdkgRuWUr8yiHj68,Fora - Green Park House,Real estate agency,OPERATIONAL,Open
Fora - Greencoat Place,Victoria,Coworking Space,67d0057760a5af99b0ac355d,ChIJfWvr2RgFdkgRQK_KREEA-Uw,Fora - Greencoat Place,Real estate agency,OPERATIONAL,Open
Fora - Gridiron Building,King's Cross,Coworking Space,67d0057d38dcaa6d89228c59,ChIJCXjAaDwbdkgRwoHN-wcAgR8,Fora - Gridiron Building,Real estate agency,OPERATIONAL,Open
Fora - Henry Wood House,Oxford Circus,Coworking Space,67d0057718cb4d95ba671984,ChIJzbImj9UadkgRCQ2O21dZO2U,Fora - Henry Wood House,Real estate agency,OPERATIONAL,Open
Fora - Kirby Street,Farringdon,Coworking Space,67d0057c3ea7a2ae912205b8,ChIJ79sNxU0bdkgRj6z1z4OtWs4,Fora - Kirby Street,Real estate agency,OPERATIONAL,Open
Fora - Liberty House,Oxford Circus,Coworking Space,67d00576bb649ef4ec0d8b9f,ChIJl0Qxer8FdkgRZVPCjXIrK90,Fora - Liberty House,Real estate agency,OPERATIONAL,Open
Fora - Lloyd's Avenue,Aldgate,Coworking Space,67d00578ea314b1109ec2e86,ChIJdZXNXUwDdkgRikFSisv5B-w,Fora - Lloyd's Avenue,Real estate agency,OPERATIONAL,Open
Fora - Melcombe Place,Fitzrovia,Coworking Space,67d0057e98c46311e16e3999,ChIJVfc0tLEcdkgRnBGE99SxED0,Fora - Melcombe Place,Real estate agency,OPERATIONAL,Open
Fora - Montacute Yards,Shoreditch,Coworking Space,67cd80ca03e3822d9416ad7c,ChIJEyWZ0uMddkgRIuAl7FU8zrU,Fora - Montacute Yards,Real estate agency,OPERATIONAL,Open
Fora - One Canada Square,Canary Wharf,Coworking Space,67d00578af08fe56f27759dc,ChIJI_6NC84DdkgRCOTs93Zbzqc,Fora - One Canada Square,Real estate agency,OPERATIONAL,Open
Fora - One Lyric Square,Hammersmith,Coworking Space,67d005759500730b3cb0889f,ChIJe-BR94gPdkgRhkOy37qKhn0,Fora - One Lyric Square,Real estate agency,OPERATIONAL,Open
Fora - Orion House,Covent Garden,Coworking Space,67d005763eee1139354d2c1f,ChIJy4Ov80YFdkgR2AkupoxG4jk,Fora - Orion House,Real estate agency,OPERATIONAL,Open
Fora - Parcels Building,Marylebone,Coworking Space,67d0057533fd20e9d39592cd,ChIJLwdvC2EFdkgR3Oav5D52uxo,Fora - Parcels Building,Real estate agency,OPERATIONAL,Open
Fora - Princelet Street,Shoreditch,Coworking Space,67d0057952d93d6f9475e5a8,ChIJs7mx93UddkgR328Zy3y82Vg,Fora - Princelet Street,Real estate agency,OPERATIONAL,Open
Fora - Scott House,Waterloo,Coworking Space,67d0057890b91d35c3e440fb,ChIJm1GIg9cFdkgRiYoNMTo6bws,Fora - Scott House,Real estate agency,OPERATIONAL,Open
Fora - Sixty London Wall,City of London,Coworking Space,67d005786f0aeaf5c6d84c45,ChIJL04JWGQddkgRbj_idUEnq-Q,Fora - Sixty London Wall,Real estate agency,OPERATIONAL,Open
Fora - Summit House,Holborn,Coworking Space,67d0057bbcfbe0e5e5a87a80,ChIJ29PEdHwbdkgRNbz7xhKlkpY,Fora - Summit House,Real estate agency,OPERATIONAL,Open
Fora - The Black & White Building,Shoreditch,Coworking Space,67d005796beee86747bfe3fd,ChIJmzfhYrocdkgRAlvusWSYG1I,Fora - The Black & White Building,Real estate agency,OPERATIONAL,Open
Fora - The Bloomsbury Building,Bloomsbury,Coworking Space,67d0057b5274b807cfa79ea3,ChIJhcKFmDMbdkgRxpFuVEF8Wl4,Fora - The Bloomsbury Building,Real estate agency,OPERATIONAL,Open
Fora - The Smiths Building,Fitzrovia,Coworking Space,67d0057ccff59196e045afd8,ChIJ2bPtWNYadkgRtuA4fgpNfm4,Fora - The Smiths Building,Real estate agency,OPERATIONAL,Open
Fora - The Stanley Building,King's Cross,Coworking Space,67d0057d38dcaa6d89228baf,ChIJU2wTRTwbdkgRyz0ae-CJmXY,Fora - The Stanley Building,Real estate agency,OPERATIONAL,Open
Fora - Thomas House,Victoria,Coworking Space,67d00577e4386956d523324e,ChIJ2bwYnR8FdkgRbx6RGg_mSsI,Fora - Thomas House,Real estate agency,OPERATIONAL,Open
Fora - Tintagel House,Vauxhall,Coworking Space,67d00579252888f6403d6762,ChIJw07S_OsEdkgRHtZC52Az9g4,Fora - Tintagel House,Real estate agency,OPERATIONAL,Open
Fora - United House,Notting Hill,Coworking Space,67d0057513ffffc58044295d,ChIJt8RlfPsPdkgRlgJwW95P1Es,Fora - United House,Real estate agency,OPERATIONAL,Open
Fora - Wardour Street,Soho,Coworking Space,67d00575cf0a639d0da6c2b4,ChIJV55_V9MEdkgR74zW8fmfj5Q,Fora - Wardour Street,Real estate agency,OPERATIONAL,Open
Fora - Warnford Court,City of London,Coworking Space,67d005789bca6142614da01d,ChIJtyd6t6wcdkgRlE8PuRryqrw,Fora - Warnford Court,Real estate agency,OPERATIONAL,Open
Fora - White Collar Factory,Shoreditch,Coworking Space,67d005797ff194b7a30e5712,ChIJ_TKRF1cbdkgRvrrjhSAg4Jk,Fora - White Collar Factory,Real estate agency,OPERATIONAL,Open
Fora - York House,King's Cross,Coworking Space,67d0057bd88dfcaae86926c7,ChIJTzUzf0MbdkgRwmp0dWudDtI,Fora - York House,Real estate agency,OPERATIONAL,Open
Forum Coworking Space,Sukhumvit (Asoke),Coworking Space,674b37a21d78a6be7f43cfbd,ChIJd307M7yf4jARtDWDG8tSIiI,FORUM Coworking Space,Coworking space,OPERATIONAL,Open
Fotografiska cafe,Telliskivi,Cafe,66f857f0b5cc23c2b708e745,ChIJhQUC_V-TkkYRm3suwD4Q_Ak,Fotografiska Tallinn Café & Bakery,Cafe,OPERATIONAL,Open
Foundation Coffee House Whitworth Street,Gay Village,Cafe,66eee81357b17c5f9dec1336,ChIJO5pf0Kixe0gRk5CtQna37HE,Foundation Coffee House,Coffee Shop,CLOSED_PERMANENTLY,PERMANENTLY CLOSED
Foundry,Downtown Dubai,Coworking Space,67dbb8246de5ed125908b03c,ChIJXQ5UUDJpXz4RVWnUHR6Fl4M,Foundry,Art gallery,OPERATIONAL,Open
Foxford,Old Town,Cafe,66838ea3da87dd848e300bbe,ChIJl4VNIF1PWUgREccLP89Ru_Y,FOXFORD Woollen Mills,Home Goods Store,OPERATIONAL,Open
Foxxy's Restaurant & Café,Srithanu,Cafe,6784e2135a861705e4830bfe,ChIJbf6SpFP_VDARWlSZaEvmQQ4,Foxxy's Restaurant & Café,Restaurant,OPERATIONAL,Open
Fren'cha Bakery Bingin,Bali,Untagged,65fa86d0e0379bf78d52479f,ChIJvwnhpxlF0i0RjV0mlvL_2Ho,Fren'cha Bakery Bingin,Bakery,CLOSED_PERMANENTLY,PERMANENTLY CLOSED
Fren'cha Bakery Ungasan,Uluwatu (Ungasan),Untagged,65fa86d0e0379bf78d52479e,ChIJe-Aa7QZb0i0RF0nR6b3Bk-s,Fren'cha Bakery Ungasan,Bakery,CLOSED_PERMANENTLY,PERMANENTLY CLOSED
Freyja - the croissant story,Josefstadt,Cafe,67dbb82fddbd6ff42ecee59a,ChIJ00XYdRAHbUcRYtjm2lnSuPA,Freyja - the croissant story,Coffee shop,CLOSED_PERMANENTLY,PERMANENTLY CLOSED
Friend Coffee & Bar,Old City,Cafe,67dbb8216a5db9ee9dddbb28,ChIJjzn7HOM72jARN3iXIpDqWJU,Friend Coffee & Bar,Coffee shop,OPERATIONAL,Open
Friends Avenue Cafe JLT,JLT,Cafe,67dbb82407076504f2484ce6,ChIJ0TnlwqdsXz4RyynhUfpcOw8,Friends Avenue Cafe JLT,Restaurant,OPERATIONAL,Open
Front Cafe,Kedungu,Cafe,6631c9dbe6fb8f41e96a69e4,ChIJx_XKYjo30i0R1hW_8vDSLFE,Front Cafe Kedungu,Restaurant,OPERATIONAL,Open
Fruit Tree Lodge & Coffee Shop,Long Beach,Cafe,67d509db863c60f4235b5703,ChIJfz8Au5gETjARn9QycQgnZ8Q,Fruit Tree Lodge & Coffee Shop,Coffee shop,OPERATIONAL,Open
Fulham Works by Spacemade,Fulham,Coworking Space,67d52faeff9f765cf4c77038,ChIJm3xfdjwPdkgRt7XHUwSgtnc,Fulham Works by Spacemade,Real estate agency,OPERATIONAL,Open
GEEK Hub Nguyen Dinh Chieu,District 1,Coworking Space,67dbb8283caa81895e3f0bf1,ChIJKyzSZTUvdTERFeBxsx6kh5o,GEEK Hub Nguyen Dinh Chieu,Coworking space,OPERATIONAL,Open
GOLO Coffee & AP,Da Nang,Cafe,665eca880b357e0950b1bef7,ChIJDeHFZLwXQjERdyPrATYmv4A,GOLO Coffee & AP,Coffee Shop,OPERATIONAL,Open
GRAPH ground,Nimman,Cafe,67dbb81f06a7e0d321e78627,ChIJy6xB1GU72jARbQ7McbVFPOY,GRAPH ground,Coffee shop,OPERATIONAL,Open
Gallery Drip Coffee,Siam,Cafe,674b37a0db75f1b2a41599af,ChIJ6e7hT82e4jAR4HgD4RW37Tk,Gallery Drip Coffee,Cafe,OPERATIONAL,Open
Gangga Coffee Roastery Ubud,Ubud,Cafe,65fa86d0e0379bf78d5247b9,ChIJE74dNl090i0Rd_xpkoRhrsQ,Gangga Coffee Ubud,Coffee Shop,OPERATIONAL,Open
Gatehouse by Spacemade,Wandsworth,Coworking Space,67d52faeff9f765cf4c77034,ChIJ6YEQRsQPdkgRei4TWfyeQHE,Gatehouse by Spacemade,Real estate agency,OPERATIONAL,Open
Gecko Kuta Lombok,Kuta,Cafe,661735ca83429e4222ae827b,ChIJnUgQQP2pzS0R6o0Dj7G8-4Y,ATM CIMB NIAGA (Gecko Bungalow & Restaurant),ATM,OPERATIONAL,Open
Genius Cafe Sanur,Sanur,Cafe,6613fb7fdf1c6ff3e73f0b86,ChIJr8xsnJZB0i0Rxh1Lw0w3rjI,Genius Cafe Sanur,Cafe,OPERATIONAL,Open
Gerupuk Cafe FIN,Gerupuk,Cafe,661b191f0e5f306f0b0f1eb4,ChIJW_05R4QBzS0RfalvYpuyIWs,Gerupuk Cafè FIN,Cafe,OPERATIONAL,Open
GiG - Green is Good,Central,Cafe,682f68cdf24f3f6a1d3a950d,ChIJscKdGQwnHw0RcpiL0XLQ7Oo,GiG - Green is Good,Restaurant,OPERATIONAL,Open
Gili Coffee Roasters,Gili Air,Cafe,6613fb81df1c6ff3e73f0c3b,ChIJXwL9D5_dzS0RPiUXUuPhFMI,GILI COFFEE ROASTERS,Cafe,OPERATIONAL,Open
Gilis Rock Creative Studios,Gili Trawangan,Coworking Space,6613fb804ce2334be5517dd0,ChIJQ3bN09_nzS0R6wFMnGVPHQg,Gilis Rock Creative Studios + Coworking Space,Coworking Space,OPERATIONAL,Open
Gladwell's Deli & Grocery,Southwark,Cafe,6809d008ea423d76c26e8cdb,ChIJ21Lg_LcDdkgRKfqkLsVpegA,Gladwell's Deli & Grocery,Grocery store,OPERATIONAL,Open
Glaswerk Oldenburg,Osternburg,Coworking Space,6749620d2dfe65c9a02077a8,ChIJdRKGU5jftkcRlcUQWWbHtbc,Glaswerk Oldenburg,Coworking space,CLOSED_PERMANENTLY,PERMANENTLY CLOSED
Glowfish,Sathon,Coworking Space,674b37a38dfb7342938a26ac,ChIJ90ybWC2f4jARiiXzLIaesNw,GLOWFISH SATHORN,Real estate agency,OPERATIONAL,Open
GoHub | Coworking | Boa Vista,Sal Rei,Coworking Space,676736cf08df50d034dac5b7,ChIJVaiVGdsjSwkRr7GZ09s3_zA,GoHub | Coworking | Boa Vista,Coworking space,CLOSED_PERMANENTLY,PERMANENTLY CLOSED
GoWork Park23,Kuta (Bali),Coworking Space,665ed1a567f91d7e7438583b,ChIJkSr5McdF0i0R6VWh42brx1E,GoWork Park23 - Office and Coworking Space,Coworking Space,OPERATIONAL,Open
Goldener Papagei,Leopoldstadt,Cafe,67dbb82fc24274cca94b372c,ChIJnU4p8f4HbUcRZZbKYUtCn2I,Goldener Papagei,Cafe,OPERATIONAL,Open
Good Measure,Carlton,Cafe,67dbb82bb2bb3bdb73a4859d,ChIJBwYNYs5D1moR8N657h-bHVQ,Good Measure,Coffee shop,OPERATIONAL,Open
Good Stuff Cafe & Eco Store Amed,Amed,Cafe,674339c68e26c188137a260f,ChIJMcR0qjEB0i0RjpIiBkCDSP8,Good Stuff Cafe & Eco Store Amed,Restaurant,OPERATIONAL,Open
Good Times Coffee Roasters,Old Town,Cafe,67dbb81c07076504f2483da9,ChIJXwCS1QGJbEcRnEu1tMhnCdA,Good Times Coffee Roasters,Cafe,CLOSED_PERMANENTLY,PERMANENTLY CLOSED
Goodies,General Luna,Cafe,6722fe1495b89fcd4c2b39cd,ChIJNfMXfQMJBDMRG67jZ51_XIc,"Goodies - Cafe, Restaurant Bar & Eco Shop",Restaurant,OPERATIONAL,Open
Green Waves Cafe,General Luna,Cafe,67246a3a857eb78fd4d7b309,ChIJxyo2vMn5AzMR6U2yYqxdKMo,Green Waves Café,Coffee Shop,OPERATIONAL,Open
Grey Kaffee,Hernals,Cafe,67dbb82fa763429798b841a5,ChIJzVbAbBEHbUcRNGiLCeXCxXg,Grey Kaffee,Cafe,OPERATIONAL,Open
Grind - Shoreditch,Shoreditch,Cafe,6809d007aaa66b13a54e9e30,ChIJLWv3G6YcdkgRm3YOJwo4rXc,Grind,Cafe,OPERATIONAL,Open
Gron,Canggu,Cafe,65fa86d0e0379bf78d52457b,ChIJVZ4Iw4g50i0RablE_hmVrgE,Gron Espresso Bar & Kitchen - Canggu,Cafe,OPERATIONAL,Open
Grounded London,Whitechapel,Cafe,6809d00bc24ac45af7799899,ChIJzcgxvsocdkgRQcs3eKI7-vM,Grounded London,Brunch restaurant,OPERATIONAL,Open
HANAKA COFFEE,Denpasar,Cafe,67a956428f227e475aaee65c,ChIJn8mOsj5B0i0R1gQnYTT20Xs,HANAKA COFFEE,Coffee shop,CLOSED_PERMANENTLY,PERMANENTLY CLOSED
HANAKA COFFEE CANGGU,Canggu,Cafe,67a95643ae3b2b07a92746cb,ChIJJ9tyJ3A50i0R1711OjMNxH4,HANAKA COFFEE CANGGU,Coffee shop,OPERATIONAL,Open
HOME Cafe,Ubud,Cafe,6809d00ce45574f02ae1603b,ChIJEZC9iU4j0i0RPx4n_MMYxko,HOME Cafe UBUD ™️(‼️ HOSTILE TAKEOVER,Cafe,OPERATIONAL,Open
Habitat Village Uluwatu,Uluwatu (Bingin),Cafe,65fa86d0e0379bf78d5246a0,ChIJFatDIQBF0i0Rdvjh8TalRio,Groceries Habitat Village,Supermarket,OPERATIONAL,Open
Halokedungu,Kedungu,Cafe,66329147330996152baca6e7,ChIJicmJ1oI30i0Rz4BFLLInjgs,HALOKEDUNGU,Restaurant,OPERATIONAL,Open
Heartwork the Sharing Space,Night Bazaar,Cafe,660a6637166465e32ed8e90b,ChIJzRfxMgow2jARj4bw7etGuSs,Heartwork the Sharing Space,Coworking Space,OPERATIONAL,Open
Heden Rossio,Baixa,Coworking Space,6809cff512a4f2a72acc7fa9,ChIJ86EF0mYzGQ0Rge8U_PmvS3c,Heden Workspaces - Rossio,Coworking space,OPERATIONAL,Open
Hedonist,Uluwatu (Ungasan),Coworking Space,665ed1a52e16798a3c6abf1f,ChIJO7yDT0Fb0i0RzrfFAX1Vcgk,HEDONIST SPACE restaurant | lounge | bar,Restaurant,OPERATIONAL,Open
Hello Kristof,Bica,Cafe,663e5f5927465035403b1f29,ChIJs2QPK4I0GQ0ReweViINIWxo,Hello Kristof Bica,Coffee Shop,OPERATIONAL,Open
Hello World Saigon,District 1,Coworking Space,67dbb827a763429798b83c79,ChIJ8xtnZU0pdTERyibOuLgMwwM,S&Z INVEST JOINT STOCK COMPANY,Coworking space,OPERATIONAL,Open
Hellocapitano Lifestyle Cafe,Gili Trawangan,Cafe,6613fb7f500c8e2486eee2e4,ChIJi8dy-gHezS0RozVgtFsjic8,Hellocapitano Lifestyle Café,Restaurant,OPERATIONAL,Open
Herr Sonnenschein,Mitte,Cafe,67dbb82c90eb89a5859e03e9,ChIJCyQB-8S6uUcRM3sknBdISVc,Herr Sonnenschein,Cafe,OPERATIONAL,Open
Hidden Coffee Roasters - El Born,El Born,Cafe,67dbb8180c22857f902f75ce,ChIJ_Rd6gU2jpBIRppS0tbTAe28,Hidden Coffee Roasters - El Born,Coffee shop,OPERATIONAL,Open
Hidden Gem Cafe Hanoi,The Old Quarter,Cafe,67dbb826ea3ad0a21ebb0609,ChIJjcSe2iKrNTERdmx-UM8RZIw,Hidden Gem Cafe Hanoi,Coffee shop,OPERATIONAL,Open
Highlands Coffee Vincom Landmark 81,Binh Thanh,Cafe,67dbb826a763429798b83be1,ChIJHY00tckpdTERE_LhbxoFQgU,Highlands Coffee Vincom Landmark 81,Cafe,OPERATIONAL,Open
Hive Five Coworking Space Trogir,Trogir,Coworking Space,692a198139ec79a2157ebf5f,ChIJJahdRwBrNRMR4ZWV51AL350,Hive Five Coworking Space_Trogir,Coworking space,OPERATIONAL,Open
Honey,Pererenan,Cafe,65fa86d0e0379bf78d5245ab,ChIJ8fy5GTg50i0Rs-bdzi_Hn14,"Honey,",Restaurant,OPERATIONAL,Open
HoriZon morn,Tanote Bay,Cafe,67c19544f6fe73dd04bc3d5d,ChIJSU4eJDahVTARwTvIJeNE2VA,HoriZon morn,Thai restaurant,OPERATIONAL,Open
House of Yoreh,Canggu,Cafe,67d0ecf94f0518af37e6a370,ChIJq6QHrhg50i0RJ8J3LNZwJSQ,House of Yoreh,Coffee shop,OPERATIONAL,Open
Hub Bali,Kuta (Bali),Coworking Space,6631cb0da256acf959355935,ChIJw61cI9pG0i0RDyuXkNL6Cn4,Hub Bali Coworking Legian,Coworking Space,OPERATIONAL,Open
Hub53 Coworking and Coliving Space,Nimman,Coworking Space,67dbb82121ae962504f3594b,ChIJvSqIVIsw2jARzD2AZd7JYCM,Hub53 Coworking and Coliving Space,Coworking space,OPERATIONAL,Open
Hundred Islands Coffee Bar,Baan Tai,Cafe,6784e21854cea2cf5f033c48,ChIJX8HmCzP8VDARmqvOQL4N2kA,Hundred Islands Coffee Bar,Coffee shop,OPERATIONAL,Open
Hurley Surf Club,Central,Cafe,682f68ce868bdbefdaaab531,ChIJYR3mGuAnHw0R-bwyTYu0yvU,Hurley Surf Club @ Ericeira,Sporting goods store,OPERATIONAL,Open
Hustle Club Koh Phangan,Nai Wok,Coworking Space,6784e20fe8d7ba0be2f3866b,ChIJ4XhSgq_9VDARfmZSIal1vH8,Hustle Koh Phangan,Cafe,OPERATIONAL,Open
I Am Vegan Babe,Canggu,Cafe,65fa86d0e0379bf78d52458b,ChIJbXTvjx450i0RFUEM8IfJu0U,I am Vegan Babe,Vegan Restaurant,OPERATIONAL,Open
I Found You Cafe’,Silom,Cafe,674b37a0cc980781b21b0b01,ChIJ5fHMUc-f4jAR-DmPOgR19eM,I Found You cafe’,Cafe,OPERATIONAL,Open
Idea Space,Battersea,Coworking Space,6809cff71f2325d5045f6070,ChIJ2XJRpaUFdkgRT1ggUPQa4TQ,Idea Space,Coworking space,OPERATIONAL,Open
Impact Brixton,Brixton,Coworking Space,6809cff8961511d665e9d6c4,ChIJ5_vAPGgEdkgR4IBYWwPb6ao,Impact Brixton,Coworking space,OPERATIONAL,Open
Impact Hub Budapest,District 7,Coworking Space,669a2349ecf0b0084c72732e,ChIJRdb4D0TcQUcR4JPomM0u8ik,Impact Hub Budapest,Coworking Space,OPERATIONAL,Open
Impact Hub Lisbon - Baixa,Baixa,Coworking Space,6809cff5369276b8469627bd,ChIJHxsOcq80GQ0RJxEI1ec1NT0,Impact Hub Lisbon - Baixa Chiado,Coworking space,OPERATIONAL,Open
Impact Hub London Euston,Euston,Coworking Space,6809cffe30e33b57847ddd0b,ChIJUeUQZFMbdkgRPJr65FLboJ4,Impact Hub London Euston,Coworking space,OPERATIONAL,Open
Impact Hub London King's Cross,King's Cross,Coworking Space,6809d00294d120b9c29c7b9b,ChIJ89Pfkz4bdkgRJppIm6Ugu7c,Impact Hub London King's Cross,Coworking space,CLOSED_PERMANENTLY,PERMANENTLY CLOSED
InFact Coffee & Workspace,District 1,Cafe,67dbb8277b580966f91db1ac,ChIJE_nClM2rNTEREJ4NzWfBSr8,,,ERROR:404,ERROR:404
Indigo Cafe & Eatery Thong Sala,Thong Sala,Cafe,6784e217a1caac0cd3e725c0,ChIJD9khwuT_VDARfkXE6PJWGOQ,Indigo Cafe & Eatery Thongsala,Coffee shop,OPERATIONAL,Open
Indigo Specialty Coffee & Bakery,Srithanu,Cafe,6784e20fcac506bc5144cfaa,ChIJibO3RYn_VDARfs7A2pCPm9g,Indigo Specialty Coffee & Bakery,Cafe,OPERATIONAL,Open
Industrious 245 Hammersmith Rd,Hammersmith,Coworking Space,6809d000fee47a27657c43e0,ChIJ3XEHU1IPdkgRsFt1nluQ6cI,Industrious,Coworking space,OPERATIONAL,Open
Industrious 70 St Mary Axe,City of London,Coworking Space,6809cffd146566dc3d30b316,ChIJnTbkUZoddkgR0vtvDTzLAf0,Industrious,Coworking space,OPERATIONAL,Open
Industrious 77 Coleman Street,Moorgate,Coworking Space,6809d004ad3417de7779e961,ChIJhVtKSFAddkgRHFIKDs-eFZ4,Industrious,Coworking space,OPERATIONAL,Open
Industrious St Peters Square,City Centre,Coworking Space,6809d00b95ba1239c121005a,ChIJtV-O5P-xe0gR1YkSEZYEE04,Industrious,Coworking space,OPERATIONAL,Open
Industrious Windmill Green,Spinningfields,Coworking Space,6809d009b596b2a76218ace0,ChIJ1z-s9nSxe0gRUzdFKrKwft4,Industrious,Coworking space,OPERATIONAL,Open
Inner Cafe & Bistro,Old City,Cafe,67c19546bddd0f94e2dfd425,ChIJeRDDLuw72jARqZZwtZMoaNA,Inner Cafe & Bistro,Cafe,OPERATIONAL,Open
Inner Space Coworking,Srithanu,Coworking Space,6784e20fdf81c9ffd09f7c18,ChIJoRLjJ14BVTARFE7aDbmgF3g,Inner Space Coworking,Coworking space,OPERATIONAL,Open
Into the Woods,Old City,Cafe,67dbb8204c5a803673f3d106,ChIJP--oF5c62jAR94Dk9kP9tw0,Into the Woods,Cafe,OPERATIONAL,Open
Itnig Cafe,Poblenou,Cafe,6667f39d6a52d785ab6f46df,ChIJpShTALmjpBIRr0RMPI0u4XA,Itnig Café,Coffee Shop,OPERATIONAL,Open
Itnig Coworking,Poblenou,Coworking Space,6667f39dfc62869767822cd0,ChIJ65zV4sKipBIRjf6IZkZZpsQ,Itnig Coworking,Coworking Space,OPERATIONAL,Open
Itt Várlak,District 5,Cafe,669a23496fdc1972db6b8707,ChIJyfVSQwDFQUcRw-86c-UbEEk,Itt Várlak - Specialty Coffee,Restaurant,CLOSED_PERMANENTLY,PERMANENTLY CLOSED
Ivy Cafe,Ubud,Cafe,65fa86d0e0379bf78d5247bc,ChIJw9fc4vw90i0RJsghm1LDzSk,Ivy Cafe,Cafe,OPERATIONAL,Open
J Hornig Kaffeebar,Neubau,Cafe,6676cf052abfbef196fc89e5,ChIJqfEt740HbUcRE8NQlWMKEfE,J. Hornig Kaffeebar,Cafe,OPERATIONAL,Open
JOE & THE JUICE 801 Lexington Ave,Manhattan,Cafe,6840bf2684f557d9f0837ab4,ChIJ8T-DP-9YwokRYQrL1bbb1pg,JOE & THE JUICE,Juice shop,OPERATIONAL,Open
Jelajah Coffee Gili Trawangan,Gili Trawangan,Cafe,6613fb7f1e3567ebe829cd12,ChIJ12iLopbdzS0RWQNt-BWsAwE,Jelajah Coffee Gili Trawangan,Coffee Shop,CLOSED_TEMPORARILY,Temporarily closed
Jelajah Coffee Kuta,Kuta,Cafe,6619cfabb0e7d37fe24f9224,ChIJRzXocpKpzS0RMzuUQH-mvBs,Jelajah Coffee Kuta,Cafe,OPERATIONAL,Open
Jiboia Studio,Ajuda,Coworking Space,68a2fa2903f08bf14606d2f3,ChIJY50I7jXLHg0RoSOVKkbcU4k,Jiboia Studio,Coworking space,OPERATIONAL,Open
Joe's Bar,Jardim do Mar,Cafe,67d6559425c4c8e6544510ee,ChIJ93qNyjtSYAwRKP_RD7srwPs,Joe's Bar,Bar & grill,OPERATIONAL,Open
Jonas Reindl Coffee Roasters Alsergrund,Alsergrund,Cafe,6676cf05e2f7aa2056c0092e,ChIJDbD-L7wHbUcRkOB0QT93fJg,Jonas Reindl Coffee Roasters,Coffee Shop,OPERATIONAL,Open
Jonas Reindl Coffee Roasters Josefstadt,Josefstadt,Cafe,6676cf06a56a3a9ca5a86d38,ChIJa-QFmD4HbUcRmSVcqBE3PXw,Jonas Reindl Coffee Roasters,Cafe,OPERATIONAL,Open
Jonas Reindl Coffee Roasters Neubau,Neubau,Cafe,6676cf06800e7ce0353e7198,ChIJg6qwRZgHbUcR-S5SjKjN-DA,Jonas Reindl Coffee Roasters,Coffee Shop,OPERATIONAL,Open
Jones the Grocer Dusit Thani Hotel,Trade Centre,Cafe,67d0057fac035010a7c1c08b,ChIJPWxKK4ZCXz4RTMTshoIOmK4,jones the grocer Dusit Thani Hotel,Australian restaurant,OPERATIONAL,Open
KAFFEIN home base,Innere Stadt,Cafe,67dbb82f68b145495a7cd801,ChIJpXYnaqMHbUcRz9sbooKarOA,KAFFEIN home base,Coffee shop,OPERATIONAL,Open
KAPTÁR coworking,District 6,Coworking Space,669a2349996baedf02aa3917,ChIJY6XEAmvcQUcRtSyVXwT54t0,"KAPTÁR coworking - közösségi iroda, tárgyaló bérlés, workshop helyszín",Coworking Space,OPERATIONAL,Open
KARIA Coworking,Kuta,Coworking Space,682f68ce3f5caf1d9b1fff69,ChIJlagOZYWpzS0RqrMwFD-zYW8,KARIA Coworking,Coworking space,OPERATIONAL,Open
KOKOS Kitchen & Bar,Medewi,Cafe,6809d00b709fce94fc706d8c,ChIJ5aSSzsLX0y0RloqOAXOJlfk,KOKOS Kitchen & Bar,Restaurant,OPERATIONAL,Open
KUDO (by hxi),Schwabing,Coworking Space,688cc1e525829eac2efe0cee,ChIJs2c9rKN1nkcR-wTN3Ig8cvg,KUDO (by hxi),Coworking space,CLOSED_PERMANENTLY,PERMANENTLY CLOSED
KURUMI - Healthy Vegan Food & Desserts,My An,Cafe,67dbb823ef5a30fcd3257d6a,ChIJJUh90s0XQjERlFHyk531H1M,KURUMI - Healthy Vegan Food & Desserts,Vegan restaurant,OPERATIONAL,Open
Kaffe 16,City Centre,Cafe,664d01f9ebf0715a6b27df3e,ChIJhZAZW5tJzDERoApOdwOoOgo,Kaffe 16,Cafe,OPERATIONAL,Open
Kafê Djan Djan,Mindelo,Cafe,676736d0943bc7a565c7f9b5,ChIJi4-bMd8fTwkRMbFQF0jTi_0,Kafê Djan Djan,Coffee shop,OPERATIONAL,Open
Kaif Deli & Restaurant,Chaloklum,Cafe,6784e214dad4a33d2f896f69,ChIJtwZoMYsDVTARsZQD3iQUgf4,Kaif,Restaurant,OPERATIONAL,Open
Kaizen Coffee Ekamai,Ekkamai,Cafe,674b37a0e281a34da8daf3fa,ChIJgQ0MLEye4jARHJXN1f_K5a0,Kaizen Coffee Ekamai,Cafe,OPERATIONAL,Open
Kalm​ Village​ Chiang Mai,Old City,Cafe,67dbb821507d6795321a8d07,ChIJLbX7JJI72jARhFaSmKv7fS0,Kalm​ Village​ Chiang Mai,,OPERATIONAL,Open
Kanso Coffee Lab,Altstadt-Lehel,Cafe,66c1ffe7d6f79a015a526223,ChIJu8rtL6h1nkcR4EhxOW81hBc,KANSO COFFEE LAB,Coffee Shop,OPERATIONAL,Open
Karma Kafe,Srithanu,Cafe,6784e21b5a861705e4831fac,ChIJwTJPet8BVTAROH53yDK3Ug0,Karma Kafe,Vegetarian restaurant,CLOSED_PERMANENTLY,PERMANENTLY CLOSED
Karya CoWorking,Berawa,Coworking Space,65fa86d0e0379bf78d5245b1,ChIJ6fBvIpg50i0R8764BCFFN60,B Work Bali,Coworking Space,OPERATIONAL,Open
Kastner Kommunity Cafe,District 8,Cafe,67dbb82021ae962504f35855,ChIJG0oDfozdQUcRMvyTfUW21gU,Kastner Kommunity,Coffee shop,OPERATIONAL,Open
Kastner Kommunity Coworking,District 8,Coworking Space,67dbb81f504f03ad3bff4643,ChIJG0oDfozdQUcRMvyTfUW21gU,Kastner Kommunity,Coffee shop,OPERATIONAL,Open
Kavana Procaffe,Spinut,Cafe,67dbb82d5203d0ff237913ce,ChIJ_Yikv_FdNRMR11pqmNUGmM8,Kavana Procaffe,Cafe,OPERATIONAL,Open
Kawisari Farm Shop Bali,Canggu,Cafe,68a2fa2ada4c4a5087adda9f,ChIJH21JAz5H0i0R9xl0tIvpu1w,Kawisari Coffee Farm Shop & Eatery Bali,Cafe,OPERATIONAL,Open
Kayu Cafe and Restaurant,Gili Trawangan,Cafe,6613fb81dda321d23ab5d00f,ChIJ4fITFv_dzS0RNcUbLBl8Tq0,Kayu Cafe and Restaurant,Cafe,OPERATIONAL,Open
Keep Banana,Sendling,Cafe,66c1ffe7c2f1bc92ad2e4c52,ChIJgyheZnDfnUcRdY8QD4t1SIE,Keep Banana Coffee & Gelato,Ice Cream Shop,OPERATIONAL,Open
Kelp Coworking Space Ericeira,Central,Coworking Space,67dbb8306a5781d34f54a7bf,ChIJB6gPC10nHw0RcRvqZe4q9OY,Kelp Coworking Space Ericeira,Coworking space,OPERATIONAL,Open
Kembali Innovation Hub,Seminyak,Coworking Space,6631c9dab3a10a2206c20839,ChIJvwMejyNH0i0RGqoZ478wf8Y,Kembali Innovation Hub,Coworking Space,OPERATIONAL,Open
Kenza Cafe & Restaurant,Kuta,Cafe,6613fb82988813fc04886269,ChIJjUIwWCuozS0RYMQ5nRsAdjg,Kenza Cafe & Restaurant Kuta Lombok,Restaurant,OPERATIONAL,Open
Kiez Kaffee Kraft,Prenzlauer Berg,Cafe,67dbb81b1eaac0167b91bbbc,ChIJKY0UIBtSqEcRt5V4KoYlcYM,Kiez Kaffee Kraft,Cafe,OPERATIONAL,Open
Kif,Sukhumvit,Cafe,674b37a0a680442a2a7da64a,ChIJ4QGle8Sf4jARXb8JwZrV9eQ,KIF,Cafe,CLOSED_PERMANENTLY,PERMANENTLY CLOSED
Kinoa Clean Eating,Pererenan,Cafe,6613fb7f7e56a77ee72e1d72,ChIJxalnKHE40i0RzS88Jn5sPR8,Kinoa Pererenan,Restaurant,OPERATIONAL,Open
Kismet,Ubud,Cafe,65fa86d0e0379bf78d5247be,ChIJaZ8GNJ890i0R8mupcbXg2cM,Kismet Bar & Kitchen,Bar,OPERATIONAL,Open
Klaire - Coffee & Brunch,Phra Nakhon,Cafe,674b37a0d50b5fd22bcfeff6,ChIJr7j8GheZ4jARiNWjGqP4_KU,KLAIRE - Coffee & Brunch,Brunch restaurant,OPERATIONAL,Open
Kleines Cafe,Innere Stadt,Cafe,6676cf0629de5e0a4761112c,ChIJHSt-WZ4HbUcRXXl2amYnv1E,Kleines Café,Cafe,OPERATIONAL,Open
Klippkroog,Altona,Cafe,67dbb8254b90ebc1123ca8e9,ChIJV2VGD4iFsUcR5YhCEh5L3HU,Klippkroog,Cafe,OPERATIONAL,Open
KoHub,Long Beach,Coworking Space,67d509dbb3b07aef0c3584a2,ChIJ49oAH2ADTjARwCkDJRp-mlc,KoHub,Coworking space,CLOSED_TEMPORARILY,Temporarily closed
"Kopi Kota, Buduk",Dalung,Cafe,67a956442fd30ee1c7c86cfd,ChIJRbiC_Rw50i0RedJY1Mx3CEA,Kopikota Bali,Cafe,OPERATIONAL,Open
Kopi Pangeran,Ubud,Cafe,65fa86d0e0379bf78d5247bf,ChIJwcmKJRU90i0RbrIUc4kRWyY,Kopi Pangeran Ubud,Coffee Shop,OPERATIONAL,Open
Kopi Susu,Gili Air,Cafe,6613fb813e12203aa057311a,ChIJZaeeKg_dzS0RKVEDAaov-Dw,Kopi Susu Gili Air,Brunch Restaurant,OPERATIONAL,Open
Kozpont,District 7,Cafe,67dbb81da4e8954f6bec5797,ChIJtzkEAGrcQUcRgcggJP56f34,Központ,Coffee shop,OPERATIONAL,Open
Kropka,Eimsbuettel,Cafe,67dbb825e400d4eb3b3db10e,ChIJ3Q7FBE2PsUcRYQ3yGcK6zsM,Kropkå,Cafe,OPERATIONAL,Open
Kybelle Cafe,Shoreditch,Cafe,67d0057fe660a8c7f2a6db6e,ChIJQb40l58ddkgRFbn9VWcLMJA,Kybelle Cafe,Brunch restaurant,OPERATIONAL,Open
Kynd Canggu,Canggu,Cafe,65fa86d0e0379bf78d5245a2,ChIJpVHyY3RH0i0RnKcfxgLUYgw,KYND COMMUNITY CANGGU,Vegetarian Restaurant,OPERATIONAL,Open
Kyso Cafe,Obergiesing-Fasangarten,Cafe,66c1ffe65f02084760873cd9,ChIJ5WKsQCffnUcRcyKoP7y0dvc,Kyso Café,Cafe,OPERATIONAL,Open
Käthe Kaffee Oldenburg,Oldenburg,Cafe,6749620ea56284c241daf68e,ChIJNwcd5gTftkcRfK_B9tQk47U,Käthe Kaffee Oldenburg,Cafe,OPERATIONAL,Open
L'ATELIER / PRAIA,Praia,Cafe,676736d01376786f173b888e,ChIJifjh7g6ZNQkRtnI2Riz6urk,L'ATELIER / PRAIA,Restaurant,OPERATIONAL,Open
LABS 90 High Holborn,Holborn,Coworking Space,6809d001744673d0e5f5a887,ChIJ7awT0SYbdkgRqIgHCXDFZdw,LABS 90 High Holborn,Real estate agency,OPERATIONAL,Open
LABS Atrium,Camden Town,Coworking Space,6809cff9b0476ee3035a45f2,ChIJ9ZOaE-QadkgRAEG1Zx871vw,LABS Atrium,Real estate agency,OPERATIONAL,Open
LABS Hawley Lock,Camden Town,Coworking Space,6809cff8369276b84696299c,ChIJp-zMuKIbdkgR_zyM4KBsz-s,LABS Hawley Lock,Real estate agency,OPERATIONAL,Open
LABS Hogarth House,Holborn,Coworking Space,6809d001e45574f02ae155b3,ChIJ9fDlMCIbdkgRiyuOALS9KLI,LABS Hogarth House,Real estate agency,OPERATIONAL,Open
LABS House,Holborn,Coworking Space,6809d001aaa66b13a54e97d5,ChIJjbgz95YbdkgRdMJVFi1f_7A,LABS House,Real estate agency,OPERATIONAL,Open
LITERAAT | Telliskivi Rahva Raamat,Telliskivi,Cafe,66f857f037d8e0032dee8e45,ChIJ5awqC5iTkkYRLgpDd8zJpeE,LITERAAT | Telliskivi Rahva Raamat,Restaurant,OPERATIONAL,Open
LULU & FLYN El Born,El Born,Cafe,67dbb818e400d4eb3b3d9ebf,ChIJ9WLtIP6ipBIRAKt6mQR5kDU,LULU & FLYN,Coffee shop,OPERATIONAL,Open
LULU & FLYN L'Eixample Dreta,L'Eixample Dreta,Cafe,67dbb8194c69903847e6c1b2,ChIJSWJZDFyjpBIR-KKwq6i7_Gc,LULU & FLYN,Coffee shop,CLOSED_PERMANENTLY,PERMANENTLY CLOSED
La Boulangerie,Sadama,Cafe,67dbb82f504f03ad3bff5070,ChIJreR0XQaTkkYRbx61GFJoUdo,La Boulangerie,Bakery,OPERATIONAL,Open
La Cite,Oltrarno,Cafe,66c9a000229c69b40827033e,ChIJdZCVuaxWKhMRa-mFXI9E4Tc,La Cité,Bistro,OPERATIONAL,Open
La Maison Rose,Montmartre,Cafe,67dbb82c0a49e102711f6ccb,ChIJcw7CFVtu5kcRsmQNutgxuJk,La Maison Rose,French restaurant,OPERATIONAL,Open
La Vaca Coworking Barcelona,Poble Sec,Coworking Space,6809cff42aa4ba2c3edff960,ChIJjbdR42aipBIRxLKXQY3JF0M,La Vaca Coworking Barcelona,Coworking space,OPERATIONAL,Open
Laanta@Lanta cafe,Long Beach,Cafe,67d509daa76aa2b2afcc7a37,ChIJea2bSZ8ETjAR5xi3NFKuayA,Laanta@Lanta cafe,Cafe,OPERATIONAL,Open
Lab.cafe,Old Town,Cafe,66838ea5f95e35cb4812568f,ChIJZQxjcj-uPIgRUHN8eNw1d0s,lab cafe,Coffee Shop,OPERATIONAL,Open
Laie Llibreria Cafe,L’Eixample Dreta,Cafe,6667f39d1b019af7ef755fa6,ChIJP07d6fGipBIR4ffhumY-aLE,Laie Llibreria Cafè,Book Store,OPERATIONAL,Open
Lama Cafe,Lamai,Cafe,67dbb8296de5ed125908b2b2,ChIJV26e34_zVDARjYEL6vUY3hU,Lama Samui,Coffee shop,OPERATIONAL,Open
Lamari Siargao,General Luna,Cafe,67246a3a623c6cfc8f2e2516,ChIJqwAOj7sJBDMRiydeYwQKfRI,Lamari Siargao Boutique Hotel,Hotel,OPERATIONAL,Open
Land Food & Coffee,Funchal,Cafe,67d65594c13128f252cdef69,ChIJ9ZwlSZdhYAwRUcO7ZVkPSmY,Land Food & Coffee,Restaurant,OPERATIONAL,Open
Landmark Office Space - Cavendish Square,Oxford Circus,Coworking Space,67d52fb35057b3fadcd55488,ChIJYT3k3tQadkgRDhrTArdeVKQ,Landmark Office Space - Cavendish Square,Real estate agency,OPERATIONAL,Open
Landmark Office Space - New Cavendish Street,Fitzrovia,Coworking Space,67d52fb37c2c7c93f510505e,ChIJVddPSQAbdkgRUXSv0weg-YE,Landmark Office Space - New Cavendish Street,Corporate office,OPERATIONAL,Open
Lanta Coffee Cup Club,Long Beach,Cafe,67d509da045042941d772bb2,ChIJj_aKtJgETjARQTwN7tXIeug,Lanta Coffee Cup Club,Cafe,OPERATIONAL,Open
Launchpad | Serviced Office,Silom,Coworking Space,67d810204bfa605e2961d41e,ChIJDSfo1s2Y4jARl0aSVZajmn4,Launchpad | Serviced Office | Main branch,Coworking space,OPERATIONAL,Open
Laut Cafe,Kedungu,Cafe,66329147b18df8fdb48f6374,ChIJF4uaSgA30i0RYjRQFu28alM,Cafe LAUT,Vegetarian Restaurant,OPERATIONAL,Open
Lazy Cats Cafe,Ubud,Cafe,65fa86d0e0379bf78d5247b4,ChIJN9yS3j890i0RgnLi_TiV9-w,Lazy Cats Cafe,Vegetarian Restaurant,OPERATIONAL,Open
Le Bajo Bali,Pererenan,Cafe,682f68cd8cb09f6ab7be4838,ChIJ2fbBG8c50i0R9AKYEYPflcc,Le Bajo Bali,Restaurant,OPERATIONAL,Open
Le Café Phénix,Sukhumvit,Cafe,674b37a0a92a17a46dbe3a4e,ChIJRYBiuXif4jAReXAAQeruQIk,Le Café Phénix,Cafe,OPERATIONAL,Open
Le Pain Quotidien,St Pancras International,Cafe,6749620dd55091acf47cbf85,ChIJWTFOqDsbdkgRjLJu7VmP8f4,Le Pain Quotidien,Restaurant,OPERATIONAL,Open
Lemanja Uluwatu,Uluwatu (Bingin),Cafe,660f6e1b495c0226b2266fe9,ChIJU7amM91F0i0R4fQAB5kRzKI,Lemanjá Uluwatu | Cafe | Bar | Coworking | Swimming Pool,Restaurant,OPERATIONAL,Open
Lexias Hostel Workspace Siargao,General Luna,Coworking Space,67246a39a182f8d77ef9a855,ChIJufHgdXgJBDMRfOlVwm2DPig,Lexias Hostel Workspace Siargao,Hostel,OPERATIONAL,Open
Libera Space,Kuta (Bali),Coworking Space,6631c9dba256acf959346886,ChIJrS9-jlBH0i0Re3WYRRk-ecQ,Libera Space Sunset Garden,Coworking Space,OPERATIONAL,Open
Libertine Cocktail Bar at Casa Bonay,L’Eixample Dreta,Cafe,6667f39d468c623366b68c64,ChIJr7EifO-ipBIRxuZT-TQmKhA,Libertine Cocktail Bar at Casa Bonay,Cocktail Bar,OPERATIONAL,Open
Library Cafe,Sukhumvit,Cafe,674b37a0fbc7383b4c994e9a,ChIJswvkcwSf4jARcQc-rIkl4Eo,Library café | ไล-บรา-รี่ คาเฟ่ ปรีดี 26,Cafe,OPERATIONAL,Open
Life Between,Kedungu,Cafe,66329147d668e0e191b0d61d,ChIJsWO_DUc30i0RGktrWtlBzu4,Life Between,Cafe,OPERATIONAL,Open
Likuid Spaces Centre Road,Colombo 2,Coworking Space,67c19548b957326990536b63,ChIJTTdXX1tZ4joR_CnUZNdbB8M,Likuid Spaces,Coworking space,OPERATIONAL,Open
Likuid Spaces Charles Place,Colombo 3,Coworking Space,67dbb822a4e8954f6bec5cb4,ChIJ-VAUR2FZ4joRf9mbdWuFDVM,Likuid Spaces,Coworking space,OPERATIONAL,Open
Linuxx Serviced Offices Emporium,Khlong Toei,Coworking Space,6840bf1f2865edd274230aa8,ChIJ4dQEgwGf4jARAV_PlFAF8C0,Linuxx Serviced Offices Emporium branch,Real estate agency,OPERATIONAL,Open
Linuxx Serviced Offices Vanissa,Lumphini,Coworking Space,6840bf1fccd14459496f7013,ChIJAQAAANee4jARlEjvyaLCaPA,Linuxx Serviced Offices Vanissa branch,Real estate agency,OPERATIONAL,Open
Lisbon-Cowork,Graca,Coworking Space,6809cff65b7d6598c8b425e1,ChIJC9Bfq0IzGQ0R4iDbZ09NUmE,Lisbon-Cowork,Coworking space,OPERATIONAL,Open
Little Cookies,Srithanu,Cafe,6784e211053e82772ef952d6,ChIJGXdi6gv_VDARNKw4SRBXOIc,Little Cookies,Cafe,OPERATIONAL,Open
Littletalks Ubud,Ubud,Cafe,65fa86d0e0379bf78d5247b1,ChIJ7-NvcQg90i0Rd3VFiJBs6xI,Littletalks Ubud,Cafe,OPERATIONAL,Open
Living Room Cafe & Restaurant,Long Beach,Cafe,67d509da32c7e0dc91166b5e,ChIJV6JpCp8ETjARWi8QDGSMsQo,Living Room Cafe & Restaurant,Bakery,OPERATIONAL,Open
Livit Hub Bali,Sanur,Coworking Space,65fa86d0e0379bf78d5245b8,ChIJdaobacpB0i0RPL6ZreX1S5s,Livit Hub - Coworking Space,Coworking Space,OPERATIONAL,Open
Livraria Nho Eugenio,Praia,Cafe,676736d0e55be10dc129f015,ChIJRfSCBPGYNQkRhnY9cqfoLR8,Livraria Nho Eugenio,Cafe,OPERATIONAL,Open
Local Noodle & Cafe,Situbondo,Cafe,6809d00d92fd7d3374c631c4,ChIJcaBxBQAp1y0R2vbrslw8ySc,Local Noodle & Cafe,Coffee shop,OPERATIONAL,Open
Local Stitch Creator Town Seogyo,Hongdae,Coworking Space,66cf5711048af48af52fbe97,ChIJpdWYTMmZfDURvIMh4wEHACk,Local Stitch Creator Town Seogyo,Hotel,OPERATIONAL,Open
Loja do Cha,Funchal,Cafe,67d6559495de9f50158f8a3c,ChIJI08puwhgYAwRPiTt3T2Vre8,Loja do Chá,Restaurant,OPERATIONAL,Open
Lokl Coffee Co,City Centre,Cafe,660f6e1b5593e3cece07071a,ChIJE7jFVtJJzDERgZoAEKorgIA,LOKL Coffee Co,Cafe,OPERATIONAL,Open
Loko Cafe,Berawa,Cafe,65fa86d0e0379bf78d5245ad,ChIJD3zUHIU40i0Rv50WhDLdJho,Ruko Cafe,Restaurant,OPERATIONAL,Open
Lost Weekend,Maxvorstadt,Cafe,66c1ffe65a276f51ed224f38,ChIJl1jXp-x1nkcRWOz1L2XZjOg,Lost Weekend,Cafe,OPERATIONAL,Open
Lost x Found,Jalan Imbi,Cafe,664d01f9a847e150fcf8b603,ChIJ8xCg1Gg3zDERtnrBXDt3Otc,LostxFound Cafe - Best All-Day Breakfast/Brunch in Kuala Lumpur,Coffee Shop,OPERATIONAL,Open
Luka Cafe,Sathon,Cafe,674b37a16541130c2bea45c9,ChIJhXVods6Y4jAR-rsOEBrSXdI,Luka Cafe,Cafe,OPERATIONAL,Open
Lumberjack Cafe,Southwark,Cafe,6809d008744673d0e5f5af59,ChIJ6UMlUn8DdkgRGc_MnuchyyE,Lumberjack Cafe,Coffee shop,OPERATIONAL,Open
Lumen Cafe,District 8,Cafe,66838ea4c9c44ab2cac000d5,ChIJ__9PsCFFE4cRQShZn9RXBF4,Lumen8 Rooftop Social,Restaurant,OPERATIONAL,Open
Lunchroom Borboleta,Nijmegen Centrum,Cafe,67dbb82ce95b63f8187e11de,ChIJAzuXEkIIx0cR-GuPjr8uu3U,Lunchroom Borboleta,Brunch restaurant,OPERATIONAL,Open
Lusa By Suka,Berawa,Cafe,65fa86d0e0379bf78d52459f,ChIJcYpksxVH0i0RCDMFafUy5N4,LUSA Bistro,Restaurant,OPERATIONAL,Open
MATES Coworking,Altstadt-Lehel,Coworking Space,66c1ffe8a92c91bc21116ef0,ChIJdTv5GYh1nkcRvVIR20pJld4,MATES Coworking,Coworking Space,CLOSED_PERMANENTLY,PERMANENTLY CLOSED
MAUI Beach Coworking,Poblenou,Coworking Space,6809cff53d3ee1234b7bd553,ChIJk_pjIGujpBIRDH4DRHwWuMo,MAUI Beach Coworking,Coworking space,OPERATIONAL,Open
MD amed,Amed,Cafe,674339c692db7d9f735ea23d,ChIJER1kZ_OcQIYRLc3S-iaJraU,"The Heart Center Dr Ahmed Ahmed, MD, FSCAI",Doctor,OPERATIONAL,Open
MERON Budapest - Specialty Coffee & Brunch,District 5,Cafe,67dbb81d911faea0a7114d36,ChIJqRv2j73dQUcR9SApVu6zkpE,MERON,Brunch restaurant,OPERATIONAL,Open
MOB Bailen - Coworking and Office Space,L'Eixample Dreta,Coworking Space,6809cff33edc9df7affd035d,ChIJUTho3uSipBIRts-X_zZHkbg,MOB Bailèn - Coworking and Office Space,Coworking space,OPERATIONAL,Open
MUNCHIES,Kuta,Cafe,661735cac336e9d49efc2cb4,ChIJUceQ37tG0i0RyR8bzGCaCiM,Munchies,Diner,OPERATIONAL,Open
Macro Kitchen,Munggu,Cafe,66329146d668e0e191b0d5ba,ChIJ83Ke1kk50i0RZR9VOk02R58,Macro Kitchen,Restaurant,OPERATIONAL,Open
Madal Cafe,District 5,Cafe,67dbb81c6a5db9ee9dddb944,ChIJC15ObUTcQUcRi-7fu1-AU7k,Madal Cafe,Coffee shop,OPERATIONAL,Open
Madal Cafe - Specialty Coffee Shop - Kavezo,District 7,Cafe,67dbb81d43db72ec1064ff30,ChIJM3LYUhHdQUcRape4ZLeptTg,Madal Cafe - Specialty Coffee Shop - Kávézó,Coffee shop,OPERATIONAL,Open
Madame Musur,Phra Nakon,Cafe,674b37a1e6116045f05e6d08,ChIJDfcEY3KZ4jARd76UWwtwXGc,Madame Musur,Thai restaurant,OPERATIONAL,Open
Madeira Friends Hub,Funchal,Coworking Space,68a2fa29da54a513639efb75,ChIJ4a5jC4hhYAwRxNaVp4Kz0ZM,Madeira Friends Hub,Community center,OPERATIONAL,Open
Magic Tea House,Funchal,Cafe,67d6559437ff54b81df3ef20,ChIJl1O8B4lfYAwRpJYo-xYmY20,Magic Tea House,Cafe,OPERATIONAL,Open
Magveto Cafe,District 7,Cafe,66838ea3cc73c29067482ae2,ChIJs_RNtULcQUcRH6opsQgohr8,Magvető Café,Coffee Shop,OPERATIONAL,Open
Maia Coffee Shop,Funchal,Cafe,664fb898b68f409634585694,ChIJI00UEbJhYAwR-KJMXIxeNCY,MaiaCoffeeShop,Cafe,OPERATIONAL,Open
Man vs Machine Muellerstrasse,Munich,Cafe,66c1ffe7788daf37985268f4,ChIJB2FdEV7fnUcRMykYvkgi0us,Man Versus Machine Coffee Roasters,Cafe,OPERATIONAL,Open
Man vs Machine Schellingstrasse,Maxvorstadt,Cafe,66c1ffe602f84885c8de1ba6,ChIJpxNQ4YB1nkcR-o3K1Nde8XU,Man versus Machine Specialty Coffee Roasters & Ceremonial Grade Matcha,Cafe,OPERATIONAL,Open
Mandatina Cafe,Canggu,Cafe,65fa86d0e0379bf78d5245b9,ChIJ9SUd-OY50i0RGj2NT1YPr8Q,Mandatina Cafe Canggu,Cafe,CLOSED_PERMANENTLY,PERMANENTLY CLOSED
Mango Rooftop,Selong Belanak,Cafe,6619cfac606efa5309eaa20b,ChIJofORbZmnzS0RixfDnu4e6i4,Mango Rooftop,Restaurant,OPERATIONAL,Open
Manjerica,Baixa,Cafe,67dbb82921ae962504f3631d,ChIJc5LC0d4zGQ0R4UADe3mmLCQ,Manjerica,Restaurant,OPERATIONAL,Open
Manufact Coffee Roasters,Sternschanze,Cafe,67dbb826504f03ad3bff4b1e,ChIJb8a7b-qPsUcRbRuWE3UQ8KA,Manufact Coffee Roasters,Cafe,CLOSED_PERMANENTLY,PERMANENTLY CLOSED
Mapogu Bali,Uluwatu (Jimbaran),Cafe,65fa86d0e0379bf78d5247a4,ChIJ71ziJPxF0i0Rnzwp1JUXnis,Mapogu Coffee & Eatery,Cafe,OPERATIONAL,Open
Maria Food Hub,Intendente,Cafe,67dbb82ba763429798b83dbc,ChIJPUqD-mIzGQ0RtFrmDzrKHBA,Maria Food Hub,Restaurant,OPERATIONAL,Open
Marquise da Mobler,Principe Real,Cafe,67dbb829a1ea83e165b76ca2,ChIJW6hbw4IzGQ0R8x-AiciAuxw,Marquise da Mobler,Bakery,OPERATIONAL,Open
Masco Coworking Space,George Town,Coworking Space,67dbb82c8db6988b7bc4d2f6,ChIJidMgbZTDSjARWcHtSaOY-lE,Masco Co-working Space,Coworking space,OPERATIONAL,Open
Matsu premium matcha & coffee,Old Town,Cafe,67dbb81c0a49e102711f6300,ChIJ-2vh9emJbEcRHTjyeLcWCOo,Matsu premium matcha & coffee,Cafe,CLOSED_PERMANENTLY,PERMANENTLY CLOSED
Medin Bali Cafe & Coffee,Sanur,Cafe,660f6e1ab2c6a776eb2f4b93,ChIJf_TJSs9B0i0RSdLxDb5OkIU,Medin Bali Cafe & Coffee,Italian Restaurant,OPERATIONAL,Open
Melograno Cafe,Pererenan,Cafe,65fa86d0e0379bf78d5245ba,ChIJp6G0aU450i0RP8xSEY3m-80,Melograno Bali,Coffee Shop,OPERATIONAL,Open
Merch Cafe Amsterdam,Pererenan,Cafe,660f6e1be9567132909c3cbe,ChIJM2buQxA50i0RI9sk11HxSsw,Merch Café Amsterdam,Restaurant,CLOSED_PERMANENTLY,PERMANENTLY CLOSED
Merchants Lane,City Centre,Cafe,664d01f9a2219d8f7a1c5ce8,,,,NOT_FOUND,Not found on Google
Mi Café,Mindelo,Cafe,676736d0a5ce67675dbc38f1,ChIJ02Pd_IwdTwkRJCCbB7fNRno,Mi Café,Coffee shop,CLOSED_TEMPORARILY,Temporarily closed
Miche Bangkok,Sukhumvit,Cafe,674b37a18f6a3b8d67dbede8,ChIJac4t0OWf4jARi3kfFp3t1HQ,Miche Boulangerie & Coffee Bar,Cafe,OPERATIONAL,Open
Miel,Canggu,Cafe,65fa86d0e0379bf78d524587,ChIJYXyNN5U50i0RmIUNsfH9tHw,MIEL SPECIALTY COFFEE CANGGU | CO-WORKING,Coffee Shop,OPERATIONAL,Open
Milk & Madu Berawa,Berawa,Cafe,65fa86d0e0379bf78d5245a0,ChIJMY56QXlH0i0RjcgOQcZWDXU,Milk & Madu Berawa,Cafe,OPERATIONAL,Open
Milk Espresso,Kuta,Cafe,6613fb82df1c6ff3e73f0c96,ChIJHwA6vyyozS0Rv9VgHEDcNYI,MILK,Cafe,OPERATIONAL,Open
Milu by Nook,Berawa,Cafe,65fa86d0e0379bf78d52453b,ChIJg2e00HhH0i0R6LXfx19yf0k,MILU By Nook,Restaurant,OPERATIONAL,Open
Mimi’s Café,Srithanu,Cafe,6784e21a0146afa43d35cc6d,ChIJfauDft8BVTARI3WWm2o8CA0,Mimi’s Café,Cafe,OPERATIONAL,Open
Mimpi Grocery,Canggu,Cafe,65fa86d0e0379bf78d524553,ChIJzXC1G0A50i0RRtOZNiTSri0,Mimpi Grocery,Bistro,CLOSED_TEMPORARILY,Temporarily closed
Mindspace Friedrichstrasse,Mitte,Coworking Space,67dbb81bc24274cca94b1ff9,ChIJa-cbfNpRqEcR-7OtwASSiFI,Mindspace Friedrichstraße,Coworking space,OPERATIONAL,Open
Mindspace Hammersmith,Hammersmith,Coworking Space,67d0057eed7fb89b8d6ef78d,ChIJOWDu444PdkgRtRHxCVJADms,Mindspace Hammersmith,Coworking space,OPERATIONAL,Open
Mindspace Hausvogteiplatz,Mitte,Coworking Space,67dbb81a5203d0ff237908bb,ChIJT3KF8UhRqEcRxtpv-1wIY-4,Mindspace Hausvogteiplatz,Coworking space,OPERATIONAL,Open
Mindspace Krausenstrasse,Mitte,Coworking Space,67dbb81bddcf0747ac9b4624,ChIJZXO14dBRqEcR0zJ2QRco9SM,Mindspace Krausenstraße,Coworking space,OPERATIONAL,Open
Mindspace Muenzstrasse,Mitte,Coworking Space,67dbb81a1b29a29f6ac56e2e,ChIJBzVpiSxRqEcRCqohoqj6_HY,Mindspace Münzstraße,Coworking space,OPERATIONAL,Open
Mindspace Old Street,Old Street,Coworking Space,67d0057ee23f36cf1738212f,ChIJsU4XTxwddkgRYSH25Rrp4Qc,Mindspace Old Street,Coworking space,OPERATIONAL,Open
Mindspace Shoreditch,Shoreditch,Coworking Space,67cd80c9e31d55649009408f,ChIJkQYK57EcdkgR7ENg5Xr_GpA,Mindspace Liverpool Street,Coworking space,OPERATIONAL,Open
Mindspace Zimmerstrasse,Mitte,Coworking Space,67dbb81a74e3ee07a6fd76f9,ChIJ7wrGaHpRqEcRut27Nd7rvs4,Mindspace Zimmerstrasse,Coworking space,OPERATIONAL,Open
Mingle Cafe,City Centre,Cafe,664d01f9b6e884482db2d9b3,ChIJLXu3ErVJzDERAmxPV5jPGq4,Mingle Cafe,Cafe,OPERATIONAL,Open
Mingmitr Tha Phae,Old City,Cafe,660a6636ba6cc2370a21deef,ChIJOz7egHow2jARD7_X7rbStX4,Mingmitr Coffee,Coffee Shop,OPERATIONAL,Open
Minimal Coffee Maker,Old City,Cafe,67c19546b0d618a06b1648d9,ChIJ07JJdRM72jAR2E2DkI-vW6k,,,ERROR:404,ERROR:404
Missionworks,Hammersmith,Coworking Space,6809d0001f2325d5045f64d8,ChIJKRSL3wwPdkgRgKMpTVlkS5k,Missionworks,Coworking space,OPERATIONAL,Open
Mon Cheri Coffee Shop Budapest,District 5,Cafe,67dbb81de95b63f8187e087b,ChIJlYezN7bdQUcRF-2Cq3WSKvU,Mon Chéri Coffee Shop Budapest,Cafe,OPERATIONAL,Open
MonAmi Cafe,Bangrak,Cafe,67dbb829f75acbcb4abf6238,ChIJ5XIjrNrxVDARIMeYYBtNxfY,MonAmi Café,Cafe,OPERATIONAL,Open
Monday,Uluwatu (Ungasan),Coworking Space,65fa86d0e0379bf78d52478d,ChIJlRayeSBb0i0RYoZ2H5iiYyE,Monday Co-Working,Coworking Space,OPERATIONAL,Open
Mondayyy's Siargao Cafe,General Luna,Cafe,67246a39487b0a37a62b9d98,ChIJCzBaEIH3AzMRNa_4fJtfBT8,mondayyy's siargao cafe,Cafe,OPERATIONAL,Open
Monsieur Spoon Canggu,Canggu,Cafe,67a956433b17907c34541923,ChIJyzvgQ3k40i0ROS0Y11H7FQM,Monsieur Spoon Canggu,Bakery,OPERATIONAL,Open
Moonface,Seminyak,Cafe,6631c9dbb3a10a2206c208b3,ChIJxWG2AxJH0i0Rwo2B860pKh8,MOONFACE - Neighbourhood All Day Cafe & Bar,Restaurant,OPERATIONAL,Open
Mother,Ubud,Cafe,66428dc5c6067cca9a7b7d8c,ChIJbfWvRAo90i0RrcQCiVbn8sg,MOTHER,Restaurant,OPERATIONAL,Open
Motion Cafe,Canggu,Cafe,65fa86d0e0379bf78d5245a7,ChIJ9yNYUnk40i0RDcIQEnOzQq0,Motion Cafe Canggu | Healthy Foods & Meal Plans,Cafe,OPERATIONAL,Open
Mowie's Berawa,Berawa,Cafe,660f6e192e7f00724dc06856,ChIJ48l52oZH0i0RV6-f8WABRRk,Mowies Bali,Restaurant,OPERATIONAL,Open
Mowie's Gili Air,Gili Air,Cafe,6613fb81a2e2f00e648eda44,ChIJ7UlOwMjdzS0RT7PwuhjGTys,Mowie’s Gili Air – Beachfront Restaurant & Boutique Resort,Restaurant,OPERATIONAL,Open
Musa Cookery,Gili Air,Cafe,6613fb823e12203aa0573158,ChIJTxXD983dzS0RaN0_nOypqlo,Musa Cookery,Vegetarian Restaurant,CLOSED_TEMPORARILY,Temporarily closed
Mustache Cafe Bali,Munggu,Cafe,6632914636097d417f6772fa,ChIJ8-oJ8Gs50i0RzE_i_jPmG0A,Mustache Cafe Bali,Coffee Shop,OPERATIONAL,Open
My Bali Coffee,Uluwatu (Ungasan),Cafe,6667f39dd7a7ebd13f0f01ed,ChIJ3ZB4wbZb0i0RcCtf6t7aliQ,My Bali Coffee,Cafe,OPERATIONAL,Open
NOHI,Kuta,Cafe,661751ac84aa1260b7bb8a82,ChIJBZsu1aGpzS0RWUxbO0qUQos,NOHI (Restaurant ~ Fresh food & Pastry),Restaurant,OPERATIONAL,Open
Nagara Boutique Hotel and Coworking,Uluwatu (Ungasan),Coworking Space,65fa86d0e0379bf78d52478e,ChIJtVzD2NJE0i0RaMDGN-vmt-4,Nagara Boutique Hotel and Coworking,Hotel,OPERATIONAL,Open
Nana Coffee Roasters Ari,Ari,Cafe,674b37a18dfb7342938a259a,ChIJl0zcc1ud4jAR6LEHnouPOEo,NANA Coffee Roasters Ari,Coffee shop,OPERATIONAL,Open
Naplab Chula,Chulalongkorn,Coworking Space,674b37a3db75f1b2a4159bb7,ChIJwVb-Bi6Z4jARXPxQjlh3F7w,NapLab Chula,Coworking space,OPERATIONAL,Open
Natura Coffee Shop,Praia,Cafe,676736d089a1188e682361e5,ChIJX8X1XH2ZNQkRX2deNEwPR-Y,Natura Coffee Shop,Coffee shop,OPERATIONAL,Open
Natys Bar & Grill,Ubud,Cafe,6809d00c8fb333d4e527351c,ChIJs6zZ0Lc90i0RAPIGeiyJrrk,Natys Bar & Grill Ubud,Restaurant,OPERATIONAL,Open
Navish Cafe & Hostel,Mae Haad,Cafe,67c19545a61dc8864e8b6ae7,ChIJUwt0JAChVTARViqx-VwfZrM,Navish Cafe & Hostel,Hostel,OPERATIONAL,Open
Nebula,Berawa,Coworking Space,665ed1a52920d92b2630f77e,ChIJY1RJ9Zs50i0R5x8HN0qZa9g,Nebula Entrepreneur Coworking Space,Coworking Space,OPERATIONAL,Open
Neighbourhood Food,Berawa,Cafe,6631c9dae78668b308db9949,ChIJq_svKGxH0i0RU-zAhMppq8Y,Neighbourhood Food,Restaurant,OPERATIONAL,Open
Nes Cafe,Old City,Cafe,67dbb821a4e8954f6bec5be7,ChIJYV081aI62jARSHGmZmEcch4,Nes Cafe,Cafe,OPERATIONAL,Open
Nira's Home Bakery,Thong Sala,Cafe,6784e218fe2abce0a8c0f434,ChIJZWizpYD-VDARjQc6MZpa29Q,Nira's Home Bakery,Restaurant,OPERATIONAL,Open
Nirvana Kitchen,Berawa,Cafe,65fa86d0e0379bf78d5245a5,ChIJf37pxIJH0i0RnI3gpkPoUn4,Kitchen Nirvana Life,Western Restaurant,OPERATIONAL,Open
No Panic Coffee Paniglgasse,Wieden,Cafe,67dbb8302484dbfd03be2252,ChIJeTiFrb4HbUcRnyfFWDRWAKk,No Panic Coffee,Coffee shop,OPERATIONAL,Open
Noah Cafe,Pererenan,Cafe,65fa86d0e0379bf78d5245b4,ChIJFbwvsgQ50i0RFsDvAziel2g,NOAH cafe,Coffee Shop,OPERATIONAL,Open
Nook Coworking,JLT,Coworking Space,67dbb8246c76d644eeb542fe,ChIJhZrGd-htXz4Rk5VCzJsH2xE,Nook Coworking,Coworking space,OPERATIONAL,Open
Nord Coast Coffee,Hoheluft,Cafe,666d61617b96efb34741f8e8,ChIJNcH-G9mPsUcRK5pOWgwujUU,Nord Coast Coffee Roastery,Coffee roastery,OPERATIONAL,Open
Nord Coast Coffee Roastery,Neustadt,Cafe,67dbb825af3498ee80e11caa,ChIJL4bBwgSPsUcREGHgiON_uVA,Nord Coast Coffee Roastery,Cafe,OPERATIONAL,Open
Norn Nee Nor,Nimman,Cafe,660a6637a2dd5862e976dbfd,ChIJva24zIA72jARWpqzV08ooPE,Norn Nee Nor Hostel & Cafe,Hostel,OPERATIONAL,Open
Nourish Cafe Uluwatu,Uluwatu (Bingin),Cafe,65fa86d0e0379bf78d5247a0,ChIJlxJgjhdF0i0RA7gwkWNzFaw,NOURISH CAFE ULUWATU,Western Restaurant,OPERATIONAL,Open
Nourish Cafe Ungasan,Uluwatu (Ungasan),Cafe,65fa86d0e0379bf78d5247a1,ChIJKeNBQjlb0i0RF8nNDg67fqE,NOURISH CAFE WHOLEFOODS PIZZERIA & BAKERY - UNGASAN,Restaurant,OPERATIONAL,Open
Nude Cafe Babakan,Canggu,Cafe,65fa86d0e0379bf78d52457c,ChIJFay1BbM50i0RLOYPPnFgc2k,nüde cafe Babakan,Cafe,OPERATIONAL,Open
Nude Cafe Berawa,Berawa,Cafe,65fa86d0e0379bf78d52457d,ChIJZ6Jj8oFH0i0R0sKhEJMIyd8,nüde cafe Berawa,Cafe,OPERATIONAL,Open
Nui Bakery & Sandwiches Koh Tao,Sairee Beach,Cafe,67c19544f1accb724c1a6600,ChIJnRqkauehVTARpsBxrzB1ZC0,Nui Bakery,Coffee shop,OPERATIONAL,Open
Nyom Nyom,Berawa,Cafe,65fa86d0e0379bf78d524582,ChIJX8goOVdH0i0R-Ehm5x7UfcE,Nyom Nyom Coffee,Coffee Shop,OPERATIONAL,Open
OAT New Inn Yard,Shoreditch,Cafe,67c195479a91d10441b8f058,ChIJuTOsR1QddkgR9W4BBn-_8tY,OAT,Coffee shop,CLOSED_PERMANENTLY,PERMANENTLY CLOSED
OKKIO Caffe - Tu Do,District 1,Cafe,67dbb8271eaac0167b91c04d,ChIJDQ1r0-svdTER10fnSvktlVw,OKKIO Caffe,Coffee shop,OPERATIONAL,Open
Oasis Coffee Chula,Chulalongkorn,Cafe,677bc82ce480f9dca98f5b03,ChIJ15ORdACZ4jARPfFImlaDPCg,Oasis Coffee,Coffee shop,OPERATIONAL,Open
Oasis Coffee Huai Khwang,Huai Khwang,Cafe,674b37a1f8c8e65f34560eaa,ChIJ7ya-Wzyd4jARU1ZPQ3H4yk8,Oasis Coffee Huai Khwang,Coffee shop,OPERATIONAL,Open
Oasis Coffee Thanon Rang Nam,Ratchathewi,Cafe,674b37a16067c08a088f3edc,ChIJLcRy5Lae4jAR0c5XYX7_fyY,Oasis Coffee Rangnam,Coffee shop,OPERATIONAL,Open
Oblate Cafeteria,Duomo,Cafe,66c9a000a43762e556a453f1,ChIJpfyeIwRUKhMRBxY6AzmS3Io,Caffetteria delle Oblate,Coffee Shop,OPERATIONAL,Open
Ocean Lane - Handcraft Coffee @ SOL,Bophut,Cafe,67dbb8298db6988b7bc4ce71,ChIJC6pbBSDxVDARPurBBMuttKY,Ocean Lane - Handcraft Coffee @ SOL,Coffee shop,OPERATIONAL,Open
OfficeFirst,Sathon,Coworking Space,674b37a3ab62ac5800dbe070,ChIJsTXSzjKf4jARdBWLRr5I-4c,OfficeFirst,Business center,OPERATIONAL,Open
Ofis Voyvoda Istanbul,Karaköy,Coworking Space,66d86b89956e2e75497bf514,ChIJCwiIT665yhQRC7tIYlVqHMw,Ofis Voyvoda- Coworking Space / Instant Offices / Virtual Office / Meeting Rooms,Coworking Space,OPERATIONAL,Open
Ohana,District 5,Cafe,669a234945922c6668d4ef09,,,,NOT_FOUND,Not found on Google
Oikia Cafe and Eatery,Probolinggo,Cafe,6809d00c9b273d029c33b6e0,ChIJGzZ1UwSt1y0R5ZYvJEsqxgQ,Oikia Cafe and Eatery,Cafe,OPERATIONAL,Open
Oku Cafe & Bistro Balangan,Uluwatu (Ungasan),Cafe,67a21a24dab3de17fef18978,ChIJl02oaGtF0i0R7BrY0RsCfuk,Ula Cafe,Breakfast restaurant,OPERATIONAL,Open
Old Muse Canggu,Canggu,Cafe,665ed1a567f91d7e74385813,ChIJxSbb3WM50i0RrbjA2SyL0Ak,Old Muse,Restaurant,OPERATIONAL,Open
Ole & Steen,Victoria,Cafe,6809d00a12a4f2a72acc8edf,ChIJf8AyRqQFdkgRJbYd46M6ztE,Ole & Steen,Bakery,OPERATIONAL,Open
Ombra Cafe,Nimman,Cafe,660a6637d4cb0876d097f85c,ChIJ0VnDUwA72jAR3hmXxy2rDoI,Ombra Caffe Nimman,Brunch Restaurant,OPERATIONAL,Open
One Life Kitchen & Cafe (JVC),JVC,Cafe,67dbb82410fcee80de3205fb,ChIJ0_rbKXdtXz4Rki2cejLQ9OQ,One Life Kitchen & Café (JVC),Restaurant,OPERATIONAL,Open
One Life Kitchen and Cafe (d3),Dubai Design District,Cafe,67dbb8236cc27ddd6936866c,ChIJ627xThFoXz4R49vvxoMOw8s,One Life Kitchen and Café (d3),Restaurant,OPERATIONAL,Open
OneCoWork Catedral,Gothic Quarter,Coworking Space,6667f39f541a6794de3c60c5,ChIJvxA2IJOjpBIRk-5oY63nXwA,OneCoWork Catedral | Coworking Barcelona,Coworking Space,OPERATIONAL,Open
OneCoWork Placa Catalunya,Placa Catalunya,Coworking Space,6667f39d5c334145f794c84f,ChIJWWQj3fCipBIRfQLyRRuFwPk,OneCoWork Plaça Catalunya | Coworking Barcelona,Coworking Space,CLOSED_PERMANENTLY,PERMANENTLY CLOSED
Oneway Espresso,Amed,Cafe,674339c636e86e0b98d8fed4,ChIJ2dYmX9EB0i0Rb_zsOgUJzi0,Oneway Espresso,Coffee Shop,OPERATIONAL,Open
Only Connect Kings Cross,King's Cross,Coworking Space,6809d002ab10cbeb29fc77b9,ChIJl49JuUcbdkgR4fDn9_deq0Q,Only Connect Kings Cross,Coworking space,OPERATIONAL,Open
Open House,Phloen Chit,Cafe,6668001c12cc74f3b0e70dc3,ChIJ_c93mNye4jAR6UrMGgTzkeU,Open House Central Embassy,Book Store,OPERATIONAL,Open
Openhouse Cafe,Pererenan,Cafe,6725a28edc6305cc1d05e5fd,ChIJRfVHDQA50i0R78l1hYjP2iM,openhouse cafe | Pererenan,Cafe,OPERATIONAL,Open
Orion Cafe,Srithanu,Cafe,6784e21342cb3312d6bd4c87,ChIJfw-EqSH-VDARtzmovmEfAqE,Orion Cafe,Cafe,OPERATIONAL,Open
Outpost Ubud Coworking,Ubud,Coworking Space,67a956434bf28c588cfe8479,ChIJJQhT6KA90i0RiIrfxiXiYmU,Outpost Ubud Nyuh Kuning Coworking,Coworking space,OPERATIONAL,Open
Outpost Ubud Penestanan,Ubud,Coworking Space,65fa86d0e0379bf78d5247a8,ChIJD6nZrCM90i0RqgwiEXpBRrQ,Outpost Ubud Penestanan,Hotel,OPERATIONAL,Open
Outsite Cowork Cafe - Lisbon,Principe Real,Coworking Space,67dbb82bed6cebb08a3d7324,ChIJmXvhdQs1GQ0RW12nb7Rmn-w,Outsite Cowork Café - Lisbon,Coworking space,OPERATIONAL,Open
PAU Coworking,Sant Antoni,Coworking Space,6809cff4f1c03b3ee7301806,ChIJs5DRIV6ipBIRORrxwgoN2GM,PAU Coworking - Creative Hub,Coworking space,OPERATIONAL,Open
PJ's Beach Bar & Grill,Gili Air,Cafe,67a95645a3411b789b68e3a9,ChIJowkuFUndzS0RXzhzmpNXpHg,PJ's Beach Bar & Grill,Western restaurant,OPERATIONAL,Open
PLAY House,Guapulo,Coworking Space,682f68cf5ea7af73c20f95c0,ChIJ68_AhP-b1ZER9jWtUTiVuGM,PLAY House Quito,Coworking space,CLOSED_TEMPORARILY,Temporarily closed
PUCO Rooftop,Canggu,Coworking Space,65fa86d0e0379bf78d524577,ChIJOy4VgxU50i0R8mawVCoFiRw,PUCO Rooftop Coworking space & Eatery,Coworking Space,OPERATIONAL,Open
PULP Cafe Bangsar,Bangsar,Cafe,67dbb8298db6988b7bc4cea5,ChIJm6JWXJBJzDERQ-oI2YmC6VU,PULP Cafe Bangsar,Cafe,CLOSED_TEMPORARILY,Temporarily closed
Paccari Experience House,Guapulo,Cafe,682f68cfd76c09cb79ce280b,ChIJtbofVQma1ZERse9G98gODJI,Paccari Experience House,Food,OPERATIONAL,Open
Pachamama Organic Cafe,Gili Air,Cafe,6613fb823251d290b2da8a93,ChIJX5nYbtPdzS0RQUqLd_ctAjA,Pachamama Organic Cafe • Villa • Spa,Cafe,OPERATIONAL,Open
Paddington Works Coworking & Meeting Rooms,Paddington,Coworking Space,6809d00596ac59bddca355d7,ChIJkycdE5AbdkgREE6ar2-45ls,Paddington Works,Coworking space,OPERATIONAL,Open
Palo Alto Club,Telliskivi,Coworking Space,67dbb82e9d6996c79dc04e0f,ChIJT8agz9yTkkYRtRPydCI277M,Palo Alto Club,Coworking space,OPERATIONAL,Open
Pan Kralicek Priestor,Old Town,Cafe,67dbb81c98d3364802634e45,ChIJy8CSJDiJbEcRQALlgWQvaS4,Pán Králiček Priestor,Coffee shop,OPERATIONAL,Open
Papaya Cafe Cabo Verde,Santa Maria,Cafe,676736cff6ff5b3bc250884c,ChIJoTeSWpZdSwkRw3H9wNA4C6w,Papaya Cafe Cabo Verde,Restaurant,OPERATIONAL,Open
Paper Plane Project,Thonglor,Cafe,66428dc52c8f91f5c0e69bad,ChIJuVjhBQmf4jARQIUPLDHyIEU,Paper Plane Project,Restaurant,OPERATIONAL,Open
Parq,Ubud,Coworking Space,65fa86d0e0379bf78d5247ac,ChIJD7QfecIj0i0R1OALvkVGTZA,PARQ UBUD,Resort hotel,OPERATIONAL,Open
Paul Le Café Iconsiam,Khlong San,Cafe,674b37a18dfb7342938a25cb,ChIJ5SSjBjeZ4jARGoUFRgAFM3A,PAUL ICONSIAM,Cafe,OPERATIONAL,Open
Peak Cafe Koh Lanta,Klong Khong,Cafe,67d509dbd0b07d0b71f60e24,ChIJ5Wv2-8EETjAR4JUI33EFIHo,Peak Café,Coffee shop,OPERATIONAL,Open
Phangan Coffee,Thong Sala,Cafe,6784e21328014e1b748e7550,ChIJFwBVtlT9VDARAI8Mm5tQsMM,Phangan Coffee by Nita,Coffee shop,OPERATIONAL,Open
Phe Coffee - The Garden,Da Nang,Cafe,6666b048562f1e37d4f78b25,ChIJ16txpoYXQjERHDGfdU6EoAI,Phê Coffee - The Garden,Coffee Shop,OPERATIONAL,Open
Phil Coffee Co,Thonglor,Cafe,674b37a17c16244ffee9224a,ChIJbcoTwj1eHTERLEXOshJuVjg,Phil Coffee Co,Cafe,OPERATIONAL,Open
Pi55 Coworking Space,Athens,Coworking Space,66f6dc5cd3a1bde5c5fbdb21,ChIJkadX7DlrJi4R3nXcguCTUQ8,Π55 Coworking Space,Coworking Space,OPERATIONAL,Open
Piccolo Backyard Picoroaster,Chulalongkorn,Cafe,67dbb8189b9a7bd5d4e4ecb6,ChIJh8lZT_if4jARPwhwMa0L6k8,Piccolo Backyard Picoroaster,Coffee shop,OPERATIONAL,Open
Piccolo Vicolo Café,Ratchathewi,Cafe,6668001ca635cdc13c73bffb,ChIJL9DOr2KZ4jAR--KZokj__o0,Piccolo vicolo,Coffee Shop,OPERATIONAL,Open
Pickwicks,Innere Stadt,Cafe,6676cf0652d6a726321f48f8,ChIJu7_wgKEHbUcR9WmiUhJefiA,Pickwick's,Pub,OPERATIONAL,Open
Plexal Shoreditch,Shoreditch,Coworking Space,6809d00a41cbbf7c9a3974f4,ChIJG-2cCTYddkgRdrfcVcXaQ34,Plexal Shoreditch,Coworking space,OPERATIONAL,Open
Plexal Stratford,Hackney,Coworking Space,6809d000961511d665e9e1b5,ChIJqRdzUA0ddkgRCVvKOKNCX5Q,Plexal,Coworking space,OPERATIONAL,Open
Porcupine Café,Ari,Cafe,674b37a1334d8fa6dd913fe7,ChIJt2-nHR2c4jARFOFl8saao7U,Porcupine Café,Coffee shop,OPERATIONAL,Open
Prima Caju,Funchal,Cafe,67d6559481c2dd042f14962d,ChIJdYpbPb1hYAwRRNuNfKXcOk4,Prima Caju – Brunch & Lunch,Restaurant,OPERATIONAL,Open
Prime Cafe,Thong Sala,Cafe,6784e2173e2d6e2a81c444b2,ChIJt7behy__VDARFDL7_A_isDI,Prime Cafe,Cafe,OPERATIONAL,Open
Prime Coworking Palmarejo Baixo,Praia,Coworking Space,676736d055a65924fbd005a1,ChIJR9N-Q1aYNQkROj3az7SCkxs,Prime Coworking Palmarejo Baixo,Services,OPERATIONAL,Open
Prufrock Coffee,Holborn,Cafe,6809d0028141cc203339b509,ChIJac2MJkwbdkgREaRKCWzWrHc,Prufrock Coffee,Coffee shop,OPERATIONAL,Open
Public Coffee Roasters Wexstrasse,Neustadt,Cafe,67dbb8254d8a2c443942e8c8,ChIJB-5I8RCPsUcRevUnfWh__SM,Public Coffee Roasters,Cafe,OPERATIONAL,Open
Punspace Tha Phae Gate,Old City,Coworking Space,660a663590a05eb56f0ebadc,ChIJSaQd-KE62jARrw6mKtblSS4,Punspace Tha Phae Gate,Coworking Space,OPERATIONAL,Open
Punspace Wiang Kaew,Old City,Coworking Space,67c1954788ef56df50c5646b,ChIJ70YKaJc62jARBad3R1y7O2E,Punspace Wiang Kaew,Coworking space,OPERATIONAL,Open
Pura Vida Seseh,Seseh,Cafe,66329146445ac40030a97b5d,ChIJ9cBIY6s50i0R1zPwJ6NycbI,Pura Vida Seseh,Coffee Shop,CLOSED_TEMPORARILY,Temporarily closed
Puri Rai Restaurant,Padang Bai,Cafe,6613fb83428d9ba62b16bb12,ChIJHe2kyGcO0i0RcmH6yNT8l_o,Puri Rai Restaurant,Indonesian Restaurant,OPERATIONAL,Open
Puritan,Ari,Cafe,674b37a2ef4caa499b5c1e80,ChIJtbHdM6ie4jAR1W_bTWd3ifA,Puritan,Cafe,OPERATIONAL,Open
Qima Cafe and Patisserie - Fitzrovia,Fitzrovia,Cafe,6809cffe9b7082d7ab2616de,ChIJtXePX5kbdkgRkSTC1tyoZiI,Qima Café and Pâtisserie - Fitzrovia,Coffee shop,OPERATIONAL,Open
Q’s,Srithanu,Cafe,6784e2116afb8172e6e9818a,ChIJJY3OV9QBVTARsHlr_b36jOA,Q’s,Vegetarian restaurant,OPERATIONAL,Open
R Coffee,Munggu,Cafe,663291462f3606ae84b835c6,ChIJBRQXJbo50i0Revq3eMf8-vo,R coffee,Coffee Shop,CLOSED_PERMANENTLY,PERMANENTLY CLOSED
RONG CAFE,Baan Tai,Cafe,6784e21952c3fbabb938e276,ChIJw44MFE_8VDARXKYEB_vQsbM,RONG CAFE - Coffee Roastery,Coffee shop,OPERATIONAL,Open
ROST Bakery,Rotermann Quarter,Cafe,67dbb82fddbd6ff42ecee53b,ChIJP73vtWCTkkYRAAmn7hNt9aM,RØST Bakery,Bakery,OPERATIONAL,Open
Rabbithole Bakery Project,Berawa,Cafe,65fa86d0e0379bf78d5245b6,ChIJgadPUWY50i0Rz5FAwj1IjxY,rabbithole bakery project,Bakery,OPERATIONAL,Open
Ranjana Café & Coworking Space,Kerobokan,Coworking Space,660a351143bf1e4a02e97799,ChIJ79gkCCxH0i0RzLNG1z-sgRA,Ranjana Cafe & Coworking Space,Coffee Shop,OPERATIONAL,Open
Recharge Bar and Restaurant,Kuta,Cafe,6619cfabfac8bec5e7ddb491,ChIJ6UWSCPKpzS0R2qgf_B5sf_U,Recharge Mandalika Resto & Bar,Restaurant,OPERATIONAL,Open
Red Drip - Specialty Coffee (Banthatthong),Chulalongkorn,Cafe,67c195436cc3bde415cd6c01,ChIJ_7d8BsOZ4jARVXyH9-sMZTI,Red Drip - Specialty Coffee (Banthatthong),Coffee shop,OPERATIONAL,Open
Red Panda Hostel & Cafe,Santitham,Cafe,67dbb8221b29a29f6ac5712b,ChIJwUYs5fI72jARlVFokOLYma8,Red Panda Hostel & Cafe,Hostel,OPERATIONAL,Open
Redemption Roasters - Covent Garden,Covent Garden,Cafe,6809cffd369276b846962d54,ChIJh52Doo4FdkgRdm2mh5wlPeo,Redemption Roasters - Covent Garden,Coffee shop,OPERATIONAL,Open
Redemption Roasters - Holborn,Holborn,Cafe,6809d001fee47a27657c44b2,ChIJj8TIK9UbdkgR4rmyckNclVg,Redemption Roasters - Holborn,Coffee shop,OPERATIONAL,Open
Redemption Roasters - Piccadilly,Piccadilly,Cafe,6809d00512a4f2a72acc8a83,ChIJOz7-aUAFdkgRLKpJOJgFthw,Redemption Roasters - Piccadilly,Coffee shop,OPERATIONAL,Open
Remote&Digital Coworking @ The District,Thong Sala,Coworking Space,6784e20f2c567ba362777bd8,ChIJWyFL0Nn9VDARMTtfyVRBYCo,Remote&Digital Coworking @ The District,Coworking space,CLOSED_PERMANENTLY,PERMANENTLY CLOSED
Remote&Digital Coworking La Casa,Baan Tai,Coworking Space,6784e21eef53f58d51dd260a,ChIJXV1vMJ79VDARHTfq4FD9py0,Remote&Digital Coworking La Casa,Coworking space,OPERATIONAL,Open
Restaurante Anabel,Praia,Cafe,676736d0172848529ca6a830,ChIJC_yo1liZNQkRCNcuq23tVv0,Restaurante Anabel,Brunch restaurant,OPERATIONAL,Open
Restaurante Arraial da Imperatriz,Funchal,Cafe,67d65594fae0bf02991b6881,ChIJ6yQulYlfYAwR8j3M5PzM3Qg,Restaurante Arraial da Imperatriz,Restaurant,OPERATIONAL,Open
Restaurante Tambake,Praia,Cafe,676736d0a6c4a906421570cf,ChIJX7yI1riZNQkRjq8ufveGv9g,Restaurante Tambake,Vegan restaurant,OPERATIONAL,Open
Revolver Canggu,Canggu,Cafe,65fa86d0e0379bf78d524576,ChIJnY-evaw50i0RD_tH6R6pDyw,Revolver Canggu,Cafe,OPERATIONAL,Open
Rhodes Project SCE,Rhodes,Coworking Space,66e7cd909fc161515f714c6d,ChIJNY7tJZNhlRQR2qvUiYwqLJs,Rhodes Project SCE,Research Institute,OPERATIONAL,Open
RiZE Cafe,Pererenan,Cafe,65fa86d0e0379bf78d5245a9,ChIJXX4Otcs50i0Rs8ioBRw66Ms,rize pererenan,Indian Restaurant,OPERATIONAL,Open
Rimba Cafe,Amed,Cafe,674339c6c8c703d92acf948a,ChIJQwRB_mIA0i0RchCKEOmujkE,Rimba Cafe,Restaurant,OPERATIONAL,Open
Ring Djinar,Canggu,Cafe,65fa86d0e0379bf78d524579,ChIJh2_sQDg50i0RuZcoQOHMHJs,RingDjinar Coffee & Resto,Restaurant,OPERATIONAL,Open
Ristr8to Original,Nimman,Cafe,660a66367197f3107c46168b,ChIJIdQIQbc72jARb7Z3AF_aLSg,Ristr8to Original,Coffee Shop,OPERATIONAL,Open
Roast Coffee & Eatery,Thonglor,Cafe,674b37a2e281a34da8daf684,ChIJicwRRFOe4jARAcJ7qJDLIe8,ROAST coffee & eatery,Coffee shop,OPERATIONAL,Open
Roast8ry Lab,Nimman,Cafe,660a6636ad8b19263359afc9,ChIJAzODB2I62jARfrOZvzaVTwM,Roast8ry Coffee Lab,Coffee Shop,OPERATIONAL,Open
Roastniyom Coffee - Nimman,Nimman,Cafe,67dbb81f0a49e102711f649a,ChIJw8USpIk62jARvNmN_v-NE0k,Roastniyom Coffee,Coffee shop,OPERATIONAL,Open
Rockaway Kintamani,South Batur,Cafe,67d0057fb74e588f084245fb,ChIJ-QwgKAD10S0RyMO-pv7CRso,Rockaway Kintamani Bali,Restaurant,OPERATIONAL,Open
Rocket Coffeebar,Sathon,Cafe,674b37a231a2fd6ff89b7516,ChIJfUsyjs2Y4jARjtWzoP89ggU,Rocket Coffeebar,Cafe,OPERATIONAL,Open
Roma & Sants,Sants,Cafe,67dbb81bfd6d8320609aa597,ChIJAeMfE4SYpBIRQJL8Nium06Q,Roma & Sants,Coffee shop,OPERATIONAL,Open
Roots Plant Based Cafe,Da Nang,Cafe,665eca884b52d264879a89f7,ChIJAc8D7xwXQjERg_lCDxkqvAg,Roots Plant-Based Cafe,Restaurant,OPERATIONAL,Open
Rusters,Ubud,Cafe,65fa86d0e0379bf78d5247b3,ChIJQ25192U90i0RmRM5fXOmY8A,RÜSTERS,Restaurant,OPERATIONAL,Open
Rybka Cafe and Bookshop,New Town,Cafe,67dbb82cd5406b36281692ba,ChIJI1T_l_GUC0cRxJbtGUgEZTI,Rybka Café - Café and bookshop,Coffee shop,OPERATIONAL,Open
SAGA Coffee Stories,L'Eixample Dreta,Cafe,67dbb81a6a5db9ee9dddb732,ChIJsdF83BajpBIRKmmbdJpHGY8,SAGA Coffee Stories | Casp,Coffee shop,OPERATIONAL,Open
SERENDIPITY Coffee House,Pimlico,Cafe,6809d006c6ebe30715270158,ChIJVRhkUkcFdkgRIH2iITaYrn0,Serendipity Coffee House- ILLY,Coffee shop,OPERATIONAL,Open
SIX ON SIX Cafe,My An,Cafe,67dbb8236c76d644eeb54283,ChIJiaXn52YXQjERbd2jnJ1Xmg0,SIX ON SIX CAFE - BRUNCH & RESTAURANT,Restaurant,OPERATIONAL,Open
SMOON,Klong Nin,Cafe,67d509dbec8577ad324a0da4,ChIJMeHDTcsFTjARKxJRW78Zrls,SMOON,Cafe,CLOSED_PERMANENTLY,PERMANENTLY CLOSED
SOKKOOL Coliving & Coworking,Berawa,Coworking Space,67d78a0bd01eb8fd6ab57efe,ChIJWSkl1jRH0i0RQtjmt402op0,SOKKOOL Coliving & Coworking Canggu,Coworking space,OPERATIONAL,Open
STANDARD CAFE,Old Town,Cafe,67dbb82cddcf0747ac9b5a11,ChIJRTCgje-UC0cRT2cQUrlJV18,STANDARD CAFE,Coffee shop,OPERATIONAL,Open
STORIES,Old City,Cafe,660a6636dcbe8e82168d0d35,ChIJL_sXf4XIxokRHJDoOsMUYKA,Old City District,Local Government Office,OPERATIONAL,Open
STUDIOS 94,Suthep,Coworking Space,6861a7d71ecd566aa10a46e2,ChIJPVzEk6g72jARAFhFmEKnGbA,STUDIOS 94,Art studio,OPERATIONAL,Open
Salty Coffee Bali,Uluwatu,Cafe,67a956432fd30ee1c7c86bbd,ChIJ86AFEThF0i0R4dA8p8fzSfY,Salty Coffee Bali,Brunch restaurant,CLOSED_PERMANENTLY,PERMANENTLY CLOSED
Samm's Farm,Canggu,Cafe,65fa86d0e0379bf78d52458a,ChIJAyYw3ZU50i0RjXvlIm0daHA,Samm's Farm,Restaurant,OPERATIONAL,Open
Sand & Tan,Haad Rin,Cafe,6784e21266b29ec2d9e6fb47,ChIJI8q3IWX9VDARv3z77MZRRlk,Sand & Tan,Restaurant,OPERATIONAL,Open
Sangha Cowork Funchal,Funchal,Coworking Space,664fb898e38eec241d3ce301,ChIJmWqViV8IBSIRhdCtkXufphU,Sangha Cowork Funchal,Coworking Space,OPERATIONAL,Open
Sangkala,Canggu,Cafe,65fa86d0e0379bf78d5245b5,ChIJIWycMVs50i0RV4E05bRNKiw,Sangkala Coffee and Eatery,Coffee Shop,OPERATIONAL,Open
Sari Kitchen,Canggu,Cafe,65fa86d0e0379bf78d524583,ChIJVwZGvMo50i0R5i1fzyT73S4,Sari Kitchen & Community - by Ekosistem,Restaurant,OPERATIONAL,Open
Sarnies Cafe Sukhumvit,Sukhumvit,Cafe,66428dc544d81e3a3f30c255,ChIJAaXn2tmf4jARTkcXEwcV17M,Sarnies Cafe Sukhumvit,Cafe,OPERATIONAL,Open
SatuSatu Coffee Company,Berawa,Cafe,65fa86d0e0379bf78d524581,ChIJI3fw3n1H0i0RuMkOSYRJueQ,SATUSATU COFFEE COMPANY,Coffee Shop,OPERATIONAL,Open
Saute Canggu,Canggu,Cafe,67a956420121dd9da02354d9,ChIJ08qBy1A50i0RIeFEjyhMlaY,Sauté Canggu,Coffee shop,OPERATIONAL,Open
Savor Pererenan,Pererenan,Cafe,674339c659d39d6f8dc86602,ChIJ_UHGV4U50i0RyhbzWsVMw8U,Savor Pererenan,Restaurant,OPERATIONAL,Open
Saya Work,Berawa,Coworking Space,65fa86d0e0379bf78d5245a4,ChIJy3uTGOxH0i0RiEclMao8kjw,SAYA Club Gym Canggu & Recovery,Fitness center,OPERATIONAL,Open
Sayuri Healing Food,Ubud,Cafe,65fa86d0e0379bf78d5247b2,ChIJSx0V1W490i0RkKnUpIOljuU,Sayuri Healing Food Cafe & Academy,Vegan Restaurant,OPERATIONAL,Open
Schoendorf Bio Cafe,Old Town,Cafe,66838ea34c9bbcdc5491c5a9,ChIJSQfZ3ESJbEcRklBNFZxm7G0,Schöndorf Bratislava,Bistro,OPERATIONAL,Open
Seagull Method Cafe - Brunch,Principe Real,Cafe,67dbb82bddcf0747ac9b5973,ChIJv8XqLzozGQ0RPvwuKpDAi0I,Seagull Method cafe • Brunch,Cafe,OPERATIONAL,Open
Second Home Holland Park,Holland Park,Coworking Space,67d0057ee4386956d5233847,ChIJXQIJYecPdkgRcMck1hsB3ks,Second Home Holland Park,Coworking space,OPERATIONAL,Open
Second Home Mercado,Cais do Sodre,Coworking Space,67d0057e94816bfdd92d2a34,ChIJz7YW9H00GQ0RXQjcw9JEVqo,Second Home Mercado,Coworking space,OPERATIONAL,Open
Second Home Spitalfields,Spitalfields,Coworking Space,67cd80c9bca334002604a20e,ChIJrWaBB7YcdkgRw6Fv--wBXIU,Second Home Spitalfields,Coworking space,OPERATIONAL,Open
Secret Spot Canggu,Canggu,Cafe,67c19547747f55c0778ab2ea,ChIJmZf0Vlc50i0RR3Z4gOnFmUM,Secret Spot Canggu,Vegan restaurant,CLOSED_TEMPORARILY,Temporarily closed
See Cafe @ Arcoris Mont Kiara,Mont Kiara,Cafe,6749620d7f89197226299b5c,ChIJ75DAryJJzDER5B8PIWVNUlc,See Cafe,Cafe,OPERATIONAL,Open
Selina Secret Garden & Cowork,Bica,Coworking Space,663e5f59095083a5889f7b68,ChIJ51BJ43E1GQ0R8236gveB8cw,Secret Patio Lisbon,Hotel,OPERATIONAL,Open
Selva Comedy Cafe,Alcantara,Cafe,67dbb82974e3ee07a6fd8117,ChIJQ-YsKkA1GQ0RHT20br1_pxY,Selva Comedy Cafe,Coffee shop,OPERATIONAL,Open
Sendero Specialty Coffee - Patcham Terrace,Battersea,Cafe,6809cff7961511d665e9d686,ChIJcRYoQ1kFdkgRwrW5dF-Mxtw,Sendero Specialty Coffee - Battersea Exchange,Coffee shop,OPERATIONAL,Open
Seniman Coffee Studio,Ubud,Cafe,65fa86d0e0379bf78d5247c0,ChIJu5hbBmo90i0R4po77axHom8,Seniman Coffee,Coffee Shop,OPERATIONAL,Open
Setter Coworking,Berawa,Coworking Space,65fa86d0e0379bf78d524578,ChIJc5xIUklH0i0R-2R5iW_1nx0,SETTER Coworking & Private Offices,Coworking Space,OPERATIONAL,Open
Setter Ubud Coworking,Ubud,Coworking Space,66f857f0ac399ec84dac1ff0,ChIJmbTYPAM90i0RkrXB4A6X-aw,SETTER (Ubud) Coworking Space & Private Offices,Coworking Space,CLOSED_TEMPORARILY,Temporarily closed
ShaPel Hostel x Cafes,Old City,Cafe,67dbb8217b580966f91da921,ChIJ6dcaVS472jARiwDPqAMab9w,ShaPel Hostel x Cafés,Hostel,OPERATIONAL,Open
Sharkbites,Gili Air,Cafe,6613fb81b2bbc8244697e86d,ChIJ6bccB8zdzS0RT1FSDu-dfvc,Sharkbites Restaurant,Restaurant,OPERATIONAL,Open
Shinei Serviced Office and Coworking Space,Sukhumvit (Asoke),Coworking Space,67483b8907a182a525ff87dd,ChIJQ4o-JR2f4jARLbQsGrxzzrA,Shinei Serviced Office & Co working space,Real Estate Agency,OPERATIONAL,Open
Shoreditch Exchange,Shoreditch,Coworking Space,6809d00612a4f2a72acc8b80,ChIJ6_M8-tkddkgRr58QwdnyikQ,Shoreditch Exchange,Coworking space,OPERATIONAL,Open
Shortcut Cafe,Pererenan,Cafe,65fa86d0e0379bf78d5245a1,ChIJaVmz5AU50i0Rfo2xgbTBr-E,"Shortcut Cafe Canggu, Pererenan",Cafe,OPERATIONAL,Open
Shortcut Coffee Jimbaran,Uluwatu (Jimbaran),Cafe,65fa86d0e0379bf78d5247a9,ChIJaVmz5AU50i0Rfo2xgbTBr-E,"Shortcut Cafe Canggu, Pererenan",Cafe,OPERATIONAL,Open
Sierra Cartel,HSR Layout,Coworking Space,689ea4445fd1f4dfba3264c7,ChIJu50ZwZMUrjsRsMn1p_FjEeI,Sierra Cartel,Coworking space,OPERATIONAL,Open
Simposium Coffee,Probolinggo,Cafe,6809d00c8b8009b34b3a05a5,ChIJvX5JTtKt1y0RJQOrL0Z9d4c,Simposium Coffee (Headquarter),Coffee shop,OPERATIONAL,Open
Sinag Hostel,General Luna,Coworking Space,67246a3a7b2496726a8137a6,ChIJVzMyhPsJBDMRJOi9P6wwQcw,Sinag Hostel,Hostel,OPERATIONAL,Open
Single Origin Store Tha Pae,Old City,Cafe,67dbb821b2bb3bdb73a47b73,ChIJAfkNgQY72jAR1h4H5dkgMys,Single Origin Store Tha Pae,Coffee shop,CLOSED_PERMANENTLY,PERMANENTLY CLOSED
SixLetter Coffee Co.,District 7,Cafe,669a23493d668678317b8014,,,,NOT_FOUND,Not found on Google
Slavic Roots cafe and eatery,Berawa,Cafe,68a2fa295bf48671df8927f3,ChIJuTf5A3A50i0RhChAtfroTZE,Slavic Roots cafe and eatery,Cafe,OPERATIONAL,Open
Son of a Baker,Uluwatu (Bingin),Cafe,65fa86d0e0379bf78d52469c,ChIJxXK2x5ZF0i0RnAjbSVECL_U,Son of A Baker- Art & Bakehouse,Cafe,OPERATIONAL,Open
South Lombok Cowork,Kuta,Coworking Space,6619cfab6042563326c231f6,ChIJ0ZuxtqWpzS0RAYVTHxotyhE,South Lombok Cowork,Coworking Space,CLOSED_PERMANENTLY,PERMANENTLY CLOSED
Southway Coffee Bar,Thong Sala,Cafe,6784e21aed4a0ca08cff0fab,ChIJX93tlCz8VDAR0B8xSv_Vx0M,Southway Coffee Bar,Cafe,OPERATIONAL,Open
Sowo Coworking Barcelona,L'Eixample Dreta,Coworking Space,67dbb81921ae962504f34997,ChIJURz6K1KjpBIRJbE11JtyIUk,Sowo Coworking Barcelona,Coworking space,OPERATIONAL,Open
SpaceBox - Coworking Space,WTC,Coworking Space,67dbb8246de5ed125908b0f0,ChIJmQIJwnhDXz4RioElpXRrJu4,"SpaceBox - Coworking Space, Private Offices, Virtual Offices & Meeting Rooms",Coworking space,CLOSED_PERMANENTLY,PERMANENTLY CLOSED
"Spaces, Oxford Street",Oxford Circus,Coworking Space,67d52fb4355e10f05a1167eb,ChIJ9Xe13iobdkgR_DNr2NLkV58,Spaces Oxford Street,Coworking space,OPERATIONAL,Open
Spare Street Works,Southwark,Coworking Space,6809d0082aa4ba2c3ee00e6b,ChIJ3c1DUyQFdkgRUjpUlLjp1N4,Spare Street Works,Coworking space,OPERATIONAL,Open
SpecOps network,Mitte,Cafe,67dbb82c3d9e84649e43f7b8,ChIJGbli9tu6uUcRH59ABOO5yFg,SpecOps network,Cafe,OPERATIONAL,Open
Spotted Pig Cafe,General Luna,Cafe,67246a39b1e35b11a8c12213,ChIJnY5ThTkJBDMRLFNclFXr3B0,Spotted Pig Cafe,Cafe,OPERATIONAL,Open
St. Oberholz,Mitte,Cafe,67dbb81bf75acbcb4abf5bba,ChIJs-VFCgBSqEcRIXMpYwHzbuQ,St. Oberholz,Cafe,OPERATIONAL,Open
St. Vitus,Telliskivi,Cafe,66f857f0fd59f1e533a11360,ChIJw7sX1n2TkkYRtQslVjqZWjU,St. Vitus,Bar,CLOSED_PERMANENTLY,PERMANENTLY CLOSED
StarWork Chiang Mai,Wat Ket,Coworking Space,67dbb8220a49e102711f6584,ChIJy8X8b0wl2jARx4OZOpCGXTc,StarWork Chiangmai,Coworking space,OPERATIONAL,Open
Starbucks Jungfernstieg,Neustadt,Cafe,67dbb82543db72ec10650390,ChIJk0fvBBmPsUcR-afH6b130ow,Starbucks,Coffee shop,OPERATIONAL,Open
Starbucks Reserve Chao Phraya Riverfront ICONSIAM,Khlong San,Cafe,66f6dc5c991043ca2f96d97f,ChIJAeJGvteZ4jARHd_2G7NNWIg,Starbucks Reserve Chao Phraya Riverfront (ICONSIAM),Coffee Shop,OPERATIONAL,Open
Starbucks Samyan Mitrtown,Samyan,Cafe,674b37a202306752fb737da3,ChIJiYKvNTWZ4jARFx2fwtZVa78,Starbucks,Coffee shop,OPERATIONAL,Open
Starbucks Siam Center,Siam,Cafe,674b37a2aa9025ffb599816f,ChIJHfvVS7Gf4jARNNelScJ57uY,Starbucks Siam Center,Coffee shop,OPERATIONAL,Open
StartUp Nijmegen,Nijmegen,Coworking Space,6749620db2122279a61abc5f,ChIJywatmWcIx0cRbU-LkEFZt_w,StartUp Nijmegen,Business Center,OPERATIONAL,Open
Sticky Island Cafe,Srithanu,Cafe,6784e21d54282d6114317059,ChIJBVfYE87_VDARNgswO-o6Fm8,Sticky Island Cafe,Restaurant,OPERATIONAL,Open
Stir Coffee Brixton,Brixton,Cafe,6809cff800ffd0361151c42c,ChIJqxRLJ0kbdkgRz_7OO9t_OQY,Stir Coffee Brixton,Coffee shop,OPERATIONAL,Open
Stomping Grounds,Jumeirah,Cafe,67dbb8240c22857f902f8057,ChIJM_wSWUVCXz4Rv38p0x0McuQ,Stomping Grounds,Cafe,OPERATIONAL,Open
Stone Soup,Exarcheia,Coworking Space,67ca769f00f6ce5b547d4283,ChIJG4LnrDC9oRQRFkajoLamry0,Stone Soup Coworking,Real estate agency,OPERATIONAL,Open
Stroek Feierabend,Neubau,Cafe,6676cf056617805c99ef7444,ChIJ0SlXS3kHbUcR26aKYyH62kY,Ströck - Feierabend Burggasse,Restaurant,OPERATIONAL,Open
Stullen,Victoria,Cafe,6809d00a8fb333d4e52733b4,ChIJxT9LDHMFdkgR7jSrRm7OfOc,Stullen,Sandwich shop,OPERATIONAL,Open
Suburbia Cafe,Uluwatu (Ungasan),Cafe,67481c8bbc56713bcc03a5d0,ChIJncHcno1b0i0RIuf4p9WPbP0,Suburbia Cafe,Cafe,OPERATIONAL,Open
Sunset Bamboo,Central,Cafe,67dbb8246c76d644eeb5437b,ChIJq1Z6eQsnHw0RToKOAo96mCs,Sunset Bamboo,Restaurant,OPERATIONAL,Open
Superfood Canggu,Canggu,Cafe,65fa86d0e0379bf78d5245a8,ChIJf_Fxn6RH0i0RpToLiPTX1GY,Superfood Canggu,Restaurant,OPERATIONAL,Open
Surf Kitchen,Selong Belanak,Cafe,6619cfabd8e053c19e4af23c,ChIJeR-S9EmnzS0RuWTQdUgFobo,Surf Kitchen,Restaurant,OPERATIONAL,Open
Szikra Coworking,District 7,Coworking Space,67dbb81e05b2a7fae38f6dc5,ChIJfdXX6UXdQUcRZ5iYj8jsy5c,Szikra Coworking,Coworking space,OPERATIONAL,Open
Söderberg Soho,Soho,Cafe,6809d0077a5c39fcdc92683c,ChIJ1fS0KFAFdkgR_wb5kGPXeqM,Söderberg Soho,Cafe,CLOSED_PERMANENTLY,PERMANENTLY CLOSED
TEMPT Cafe & Brunch,Old City,Cafe,67dbb821b2bb3bdb73a47b3f,ChIJbceAKQA72jAR0w5m2LqLe64,TEMPT cafe&brunch,Coffee shop,OPERATIONAL,Open
THINQTANQ,Stonehouse,Coworking Space,67f8adc6a4f7481d14a8a101,ChIJ_5XpPU2TbEgRBCAMO11ex_4,THINQTANQ,Coworking space,OPERATIONAL,Open
TLoft Coworking Space,Bang Rak,Coworking Space,674b37a4040573bdb642152a,ChIJ_TE8Vh-Z4jARHrbLApAm1z4,TLoft Co-Working Space,Coworking space,OPERATIONAL,Open
TMO Coffee Bali Kedungu Beach,Kedungu,Cafe,663291477cbacb36233e7c58,ChIJxwLIkG830i0ROHmqBD_v2nQ,TMO COFFEE BALI | KEDUNGU BEACH |,Cafe,OPERATIONAL,Open
Talks kaviaren,Old Town,Cafe,66838ea4f54d17573352a8a5,ChIJDdIS4kiJbEcRWcp2ilUgWLU,Talks kaviaren,Coffee Shop,OPERATIONAL,Open
Tang Cafe,Silom,Cafe,677bc82c70de7bd5c1c99ed7,ChIJX8jtOQ-f4jARpmBnmBvWFB8,Tang Cafe,Coffee shop,OPERATIONAL,Open
Taoni Cafe,Chalok,Cafe,67c1954568b5e977f37a9461,ChIJ69ohMWChVTARlQfi9w2ODSo,Taoni,Restaurant,OPERATIONAL,Open
Tarisa Cafe,Seseh,Cafe,6809d00b92fd7d3374c6311d,ChIJU9AwgJU50i0RhzXtnG4V7fA,Tarisa Café,Cafe,OPERATIONAL,Open
Teak Food&Bar,Old Town,Cafe,67dbb82e6a5781d34f54a3b2,ChIJk2os2Y1dNRMRwRJYqRBXDaQ,Teak Food&Bar,Coffee shop,OPERATIONAL,Open
Tease,Principe Real,Cafe,67dbb82b911faea0a7115d2c,ChIJ4X3WzX0zGQ0Rlel2cqKkBNc,Tease,Cafe,OPERATIONAL,Open
Terra - Plant Based Food,Kuta,Cafe,6613fb823b8a53c412f490d0,ChIJv2fow5OpzS0RouOgHaNlYN4,Terra - Plant Based Food,Vegan Restaurant,CLOSED_TEMPORARILY,Temporarily closed
Tha Ploook,Wang Lang,Coworking Space,674b37a3713557a76c1b454a,ChIJkSByRIyZ4jARmPgcjvOjbyY,Tha Ploook - ท่าปลูก,Coworking space,CLOSED_TEMPORARILY,Temporarily closed
The Acai Girls Belgravia,Victoria,Cafe,6809d00a2b95fde8a6490648,ChIJ_wSoSioFdkgRe_-_6aYidPE,The Acai Girls Belgravia,Cafe,OPERATIONAL,Open
The Banyan Tree,Gili Trawangan,Cafe,6613fb8033b66fff075099d2,ChIJmZeNrf_dzS0RVtCD23tt7Qs,The Banyan Tree,Vegetarian Restaurant,OPERATIONAL,Open
The Baristro Asian Style,Suthep,Cafe,67c195475dfe681ca64b0399,ChIJ9T2bGy872jARyAyAWix9M0o,The Baristro Asian Style,Cafe,OPERATIONAL,Open
The Barn Cafe,Mitte,Cafe,67dbb81c9d6996c79dc0407c,ChIJC-EDf-ZRqEcRiVrnNG31igA,THE BARN Café Mitte,Cafe,OPERATIONAL,Open
The Barn Eatery And Design,Nimman,Cafe,67dbb81f1bbb0a6e72afdef2,ChIJ-xSCcH462jARWWlZ5Q_jBT0,The Barn Eatery And Design,Cafe,OPERATIONAL,Open
The Block Lisboa,Avenidas Novas,Coworking Space,67dbb8294d8a2c443942eaaa,ChIJsXrTNKEzGQ0Rt0Z2O9Lwvtg,The Block Lisboa,Coworking space,OPERATIONAL,Open
The Breakery,Kuta,Cafe,6619cfaca457f12b5e659e34,ChIJgciw__-pzS0RQ-FbG_5-nR8,The Breakery,Cafe,OPERATIONAL,Open
The Brew Eagle House - Shoreditch,Shoreditch,Coworking Space,6809d006443445c220870e8d,ChIJRctCV6YcdkgRGWntVepnddo,"The Brew Eagle House – Coworking Space & Office Space, Shoreditch",Coworking space,OPERATIONAL,Open
The Brick Startup Space,Nimman,Coworking Space,67dbb81fa4e8954f6bec58f8,ChIJ77ssGYY62jARQr_TRG_x19A,The Brick Startup Space,Coworking space,OPERATIONAL,Open
The Capricorn Bali,Berawa,Cafe,6725a28f4e06a595785f5a6b,ChIJMcp8YJM50i0R-GSdHiNc-DY,The Capricorn Bali,Restaurant,OPERATIONAL,Open
The Capsule,Central,Cafe,682f68cea052aea1cac1d918,ChIJO97GaignHw0RL_xxVObtEzQ,The Capsule Ericeira. Specialty coffee shop with beans roasted in-house.,Coffee shop,OPERATIONAL,Open
The Cashew Tree,Uluwatu (Bingin),Cafe,65fa86d0e0379bf78d5247ab,ChIJUxiPm0dF0i0RagUyxqyib8c,The Cashew Tree,Restaurant,OPERATIONAL,Open
The Charivari Drinkery,Vechta,Cafe,6666b0d0d81191c395dfb918,ChIJB9OFyGlIt0cRIjWPfFfIuA4,The Charivari Drinkery,Cafe,OPERATIONAL,Open
The Chelsea Gardener Cafe,Chelsea,Cafe,67d0057f2b0f8cde8c058611,ChIJW-a3mMwFdkgRqrF2d4aQmwA,The Chelsea Gardener Cafe,Coffee shop,OPERATIONAL,Open
The Clement Rooms by Spacemade,Fleet Street,Coworking Space,67d52fb0111e2972054ec208,ChIJfcf50yUFdkgR35m0xoJLmms,The Clement Rooms by Spacemade,Real estate agency,OPERATIONAL,Open
The Co-Spaces (Downtown Dubai),Downtown Dubai,Coworking Space,67dbb830a75607567a511206,ChIJ4Qr6TSloXz4Ru9Irol1mfUQ,The Co—Spaces (Downtown Dubai),Coworking space,OPERATIONAL,Open
The Coffee Academics,Lumphini,Cafe,674b37a27d4012b5ceec15e2,ChIJBZ2Lh26D4jARl-Pd1HQXWG4,The Coffee Academics,Coffee shop,OPERATIONAL,Open
The Coffee Club - Shama Hotel,Khlong Toei,Cafe,674b37a246b1507886392741,ChIJQS8SSPif4jARIHnKCe-eX8w,THE COFFEE CLUB - Shama Hotel,Coffee shop,OPERATIONAL,Open
The Coffee House,Da Nang,Cafe,6666b0480d9304729217b288,ChIJu0Ud-tsZQjERupkb3A3mxro,THE LEAF HOUSE CAFE,Coffee Shop,OPERATIONAL,Open
The Cofreze,Nimman,Cafe,67dbb820ee26f6b1058f4a7f,ChIJjwHURuQ72jARIJg860g08CU,The cofreze,Coffee shop,OPERATIONAL,Open
The Common,Canggu,Cafe,65fa86d0e0379bf78d52457f,ChIJHzyhoW450i0Rub7_EEvisDY,The Common,Cafe,OPERATIONAL,Open
The Daun Cafe,Canggu,Cafe,65fa86d0e0379bf78d524588,ChIJ1_XOtHg40i0R6eyPmtRK6bc,Cafe The Daun,Cafe,OPERATIONAL,Open
The Daun Coworking,Canggu,Coworking Space,6631c9da9facf5b27d131d77,ChIJ1_XOtHg40i0R6eyPmtRK6bc,Cafe The Daun,Cafe,OPERATIONAL,Open
The Factory Cafe,Sairee Beach,Cafe,67c19548e7cd2d963f1c40a9,ChIJx-n4wJmhVTARGM6J_0izLko,The Factory Cafe,Coffee shop,OPERATIONAL,Open
The Fleet Street Press,Fleet Street,Cafe,6809cfffab3e78356fccc2e1,ChIJ7bbVobQEdkgRITbFGuray3E,The Fleet Street Press,Coffee shop,OPERATIONAL,Open
The Gingerbread House,Phra Nakhon,Cafe,674b37a2926734b936a25b34,ChIJMf5R3fKZ4jAR2u3T8ESth9k,The Gingerbread House,Dessert restaurant,OPERATIONAL,Open
The Glass House,Long Beach,Cafe,67d509dad0b07d0b71f60dbc,ChIJQYdP0BUDTjARdQyM4t6bqz0,The Glass House,Coffee shop,OPERATIONAL,Open
The Great Room Gaysorn Tower,Siam,Coworking Space,674b37a38dfb7342938a26df,ChIJIwI6ULWf4jARLXyjDdUgJLU,Industrious Gaysorn Tower,Coworking space,OPERATIONAL,Open
The Hideout Cafe,Da Nang,Cafe,6666b0484ddea593c1fcc797,ChIJKbpWc6IXQjERMZMSscftz9I,The Hideout Cafe,Cafe,OPERATIONAL,Open
The Hive Prakanong,Phra Khanong,Coworking Space,674b37a37d4012b5ceec1777,ChIJy2nfermf4jARCOcOF_ChsjY,the Hive Prakanong,Coworking space,OPERATIONAL,Open
The Hive Thonglor,Thonglor,Coworking Space,674b37a3e6116045f05e6dc5,ChIJk29fqVWe4jARpjO_NU9jqPk,the Hive Thonglor,Coworking space,OPERATIONAL,Open
The Hub by Lokal Lab,General Luna,Cafe,67246a3abe3e0525fa25c478,ChIJLfL377v3AzMRvZZfmH_BYJU,The Hub by Lokal Lab- General Luna,Restaurant,OPERATIONAL,Open
The Hula,Pererenan,Cafe,6725a28e9bbcd67059bd4714,ChIJczNO87850i0Rrb7gpsT2v2k,The Hula,Breakfast Restaurant,OPERATIONAL,Open
The Kavarna.,Vinohrady,Cafe,67dbb82d911faea0a7115e04,ChIJx16rKISUC0cRYopcgafydOs,The Kavárna.,Coffee shop,OPERATIONAL,Open
The Landing by Spacemade,Putney,Coworking Space,67d52fb095de9f5015c35919,ChIJuaSoF78PdkgR06mEadF-Kyo,The Landing by Spacemade,Real estate agency,OPERATIONAL,Open
The Laundry,Brixton,Cafe,66edafbbd1ce4a25b222f350,ChIJ4XvJ6ccFdkgRCT8xJ-qMFqk,The Laundry - Restaurant Brixton,Bistro,OPERATIONAL,Open
The Living Room,Pererenan,Cafe,660ca83efdd0e5b112e8fabe,ChIJTQHmvbU50i0Rs6dGvIJ4pus,The Living Room,Cafe,OPERATIONAL,Open
The Local Beans,Hai Chau,Cafe,67c19543b0d618a06b16449c,ChIJZ-P8KgAZQjERSzFxeVWi-7Y,The Local Beans | Coffee - Roastery & co-Working Space – Da Nang,Coffee shop,OPERATIONAL,Open
The Locals Chelsea,Chelsea,Cafe,67d0058079b300bc140abc9f,ChIJExT_zBsFdkgRu1BTxaZT4vs,The Locals Chelsea,Cafe,OPERATIONAL,Open
The Lodge,Munggu,Cafe,663291466a35f48bfee85a1a,ChIJnxCxYao50i0RQjwhtH82eBU,Paddy's Glamping,Hotel,OPERATIONAL,Open
The Loft,Uluwatu (Bingin),Cafe,65fa86d0e0379bf78d5247a5,ChIJy3VtGlZF0i0RDXnEY1cIVi8,The Loft,Restaurant,OPERATIONAL,Open
The Miners Coffee Churchill,Vinohrady,Cafe,67dbb82dfd6d8320609aacf4,ChIJY02fMGyVC0cRbvdSZT2Wgrg,The Miners Coffee Churchill,Coffee shop,OPERATIONAL,Open
The Miners Coffee JZP,Vinohrady,Cafe,67dbb82d4c5a803673f3d8d5,ChIJFSeVQKOVC0cRed9iUJ8saFY,The Miners Coffee JZP,Coffee shop,OPERATIONAL,Open
"The Ministry, Borough | Workspace & Members' Club",Borough,Coworking Space,66edafbaf8ed8e1c2284762b,ChIJbXN6NaEEdkgRUnvLLRaBz5g,"The Ministry, Borough | Workspace & Members' Club | South London",Coworking Space,OPERATIONAL,Open
The Observatory Coffee Shop,Bloomsbury,Cafe,6809d29f79bb466f4f66fecc,ChIJ1_7qnTAbdkgRqRD9PM7gcZk,The Observatory Coffee Shop,Coffee shop,CLOSED_TEMPORARILY,Temporarily closed
The Ohm Cafe,General Luna,Cafe,67246a3add2bc1bc91c944a2,ChIJ-VvzeIMJBDMREzlZxoT8Sic,The Ohm Café: All-Day Dining & Poolside Cocktails,Restaurant,OPERATIONAL,Open
The Park East,Bang Na,Coworking Space,674b37a4dd188bc8871b7d9a,ChIJoa6NZgeh4jAR094crhZCfcI,The Park East,Coworking space,OPERATIONAL,Open
The Pedlar,Vieng Tai,Cafe,67dbb82c9d6996c79dc04c15,ChIJwwCL7IqB2jARzPLCZxRvi3g,The Pedlar,Coffee shop,OPERATIONAL,Open
The Place with No Name,Uluwatu (Bingin),Cafe,65fa86d0e0379bf78d5247a7,ChIJL5wvDTJF0i0RYyEQUZ6mUDg,The Place With No Name,Restaurant,CLOSED_PERMANENTLY,PERMANENTLY CLOSED
The Roasting,Pimlico,Cafe,6809d0052b95fde8a64903e3,ChIJL8_CTOAEdkgRBetnQFdOWw8,The Roasting,Coffee shop,OPERATIONAL,Open
The Royal Rawness,Marvila,Cafe,67dbb82b2484dbfd03be1f86,ChIJ6SEPepIzGQ0R7NDjs4Wva88,The Royal Rawness,Coffee roastery,OPERATIONAL,Open
The Seaside Cafe,Wok Tum,Cafe,6784e21497020a242c7159d0,ChIJHXSW2TH_VDAR306ONc_Re34,The Seaside Cafe,Cafe,OPERATIONAL,Open
The Sentry C,District 1,Coworking Space,67dbb8277b580966f91db169,ChIJhT3ZOBcvdTERLS0Qo5jqrPQ,The Sentry C,Coworking space,OPERATIONAL,Open
The Sentry P,District 2,Coworking Space,67dbb8281b29a29f6ac57537,ChIJ-TRnnhcndTERUkcpKy_C1gQ,The Sentry P,Coworking space,OPERATIONAL,Open
The Sentry Z,District 1,Coworking Space,67dbb82621ae962504f35e1f,ChIJ46NnV24vdTERWZL-ZzogsaQ,The Sentry Z,Coworking space,OPERATIONAL,Open
The Shed CoWorking,Salamanca,Coworking Space,67c195450c9b98325f98217b,ChIJwf-Ed70oQg0R8scDRHMbmz4,The Shed CoWorking,Coworking space,OPERATIONAL,Open
The Shell Lounge: Resturant and Beach Bar,Hin Kong,Cafe,6784e211053e82772ef952a7,ChIJpflxN6__VDARLjRtpUL-CYg,The Shell Lounge: Resturant and Beach Bar,Restaurant,OPERATIONAL,Open
The Social Hub Coworking Barcelona Poblenou,Poblenou,Coworking Space,6809cff4146566dc3d30aefe,ChIJz1qORhGjpBIRucNFtGw8JgA,The Social Hub Coworking Barcelona Poblenou,Coworking space,OPERATIONAL,Open
The Solimans,Seseh,Cafe,66329146b0f77cf9fe43cd3d,ChIJs805q1k50i0R5YW7EIQL4yU,The Solimans,Restaurant,OPERATIONAL,Open
The Space Bali,Uluwatu (Bingin),Coworking Space,65fa86d0e0379bf78d52469e,ChIJr744Q8ZF0i0Rex2ge-AMfc0,The Space Bali Yoga & Co-working Uluwatu,Yoga Studio,OPERATIONAL,Open
The Spell Creperie,Ubud,Cafe,6600e81807fad7c7a15f2788,ChIJffg-lGs90i0RvbigvaRCFFs,The Spell Creperie,Dessert Shop,OPERATIONAL,Open
"The Spot, Coworking Space",Kuta,Coworking Space,6619cfaba457f12b5e659d47,ChIJc_w0U82pzS0RHiNF8a-g31Q,The Spot Lombok,Restaurant,OPERATIONAL,Open
The Story 106,Old City,Cafe,660a66350b296d0efa1274b5,ChIJsR9NjXM72jARLF49G-h_OOU,The Story 106 Co-Working Space &Cafe,Coffee Shop,OPERATIONAL,Open
The Urban Office,Sukhumvit,Coworking Space,674b37a4464b231db2ce0ba6,ChIJew1mBgGf4jARm5MCHcXT1qc,The Urban Office,Coworking space,OPERATIONAL,Open
The Urban Office Asoke,Sukhumvit (Asoke),Coworking Space,674b37a4aa9025ffb5998386,ChIJlxMDlnGf4jARO6bixKWcEX8,The Urban Office Asoke,Coworking space,OPERATIONAL,Open
The Urban Office Phra Khanong,Phra Khanong,Coworking Space,674b37a4ab62ac5800dbe0e8,ChIJFZHVx3Kf4jARhdrQYEuUgbc,The Urban Office Phra Khanong,Coworking space,OPERATIONAL,Open
The Work Loft Silom,Sathon,Coworking Space,674b37a4e6116045f05e6e6e,ChIJ8UI3DSyf4jARARZlmXaiFLQ,The Work Loft Silom,Coworking space,OPERATIONAL,Open
The WorkWell @EC1,Angel,Coworking Space,6809cff6b0476ee3035a449e,ChIJETqSh1sbdkgRB1qu3p_ULOc,The WorkWell @EC1,Real estate agency,OPERATIONAL,Open
The Workers' League Blackheath,Blackheath,Coworking Space,6809cff82b95fde8a648fd90,ChIJt1xVGvGp2EcRIB3EEf5eFlc,The Workers' League Blackheath,Coworking space,OPERATIONAL,Open
The Workers' League Bonhill Street,Old Street,Coworking Space,6809d0049b273d029c33ad94,ChIJsURprbwddkgRMrYOXxxGHp8,The Workers' League - Bonhill,Coworking space,CLOSED_TEMPORARILY,Temporarily closed
The Workspace - By Amparo,Machico,Coworking Space,664fb8982673479a5d6dcc4d,ChIJB-cWS1hjYAwRS-u2EZd-ly8,The Workspace - By Amparo,Coworking Space,CLOSED_PERMANENTLY,PERMANENTLY CLOSED
The Xym Cafe,Hai Ya,Cafe,67c195478b996d4ced6233ff,ChIJ67E5gXow2jARLb1v76lFcKk,The Xym Cafe,Coffee shop,OPERATIONAL,Open
Thens.coffee,Hai Chau,Cafe,67c195432ca7b17c4cfd82c9,ChIJd7ZsJvMZQjER2n-dH5nqiRc,Thens.coffee,Coffee shop,OPERATIONAL,Open
Think SOciety Coworking Space & Coffee,Bang Na,Coworking Space,674b37a4fbc7383b4c995215,ChIJrQJKCQOg4jARSRqoFP-P2y0,THINK Society: Co-working space & coffee,Coworking space,OPERATIONAL,Open
Three O'clock Nguyen Dinh Chieu,District 3,Cafe,67dbb828af3498ee80e1236c,ChIJ-wtbte4vdTERIU0BCYo7AT4,Three O'clock Nguyễn Đình Chiểu,Coffee shop,CLOSED_PERMANENTLY,PERMANENTLY CLOSED
Thuc Coffee Ly Tu Trong,District 1,Cafe,67dbb8271b29a29f6ac574d1,ChIJRXSYCjgvdTERdEhINLe19Os,Thức Coffee,Coffee shop,OPERATIONAL,Open
Time To Cowork,Cais do Sodre,Coworking Space,6809cff59b7082d7ab261209,ChIJA3nCiDo1GQ0RJsUaadfc9yg,Time To Cowork,Coworking space,CLOSED_PERMANENTLY,PERMANENTLY CLOSED
Tiny Cup Cafe,Thonglor,Cafe,674b37a2334d8fa6dd9140a0,ChIJEYK-S1Ke4jARoB8EQyagLWc,Tiny Cup Cafe,Cafe,OPERATIONAL,Open
Toby's at Noble Play,Phloen Chit,Cafe,67dbb81807076504f2483654,ChIJB4m2sYif4jARauzfFyBQB8M,Toby's at Noble Play,Brunch restaurant,OPERATIONAL,Open
Together Cafe Koh Lanta,Long Beach,Cafe,67d509da9f95d7192f5afc42,ChIJKYBZjNUDTjARDB-XHytdn-g,Together Cafe • Koh Lanta,Restaurant,OPERATIONAL,Open
Tom&Serg,Al Quoz,Cafe,67dbb8230a49e102711f66f2,ChIJj3fdMipqXz4RFMG6snLxSaY,Tom&Serg.,Restaurant,OPERATIONAL,Open
Tomorrow X,Haad Salad,Cafe,6784e21228014e1b748e7410,ChIJiR3q4-oBVTAR6WF_SIjU7Y8,Tomorrow X,Cafe,OPERATIONAL,Open
Too Fast To Sleep - Siam,Siam,Cafe,674b37a2cc980781b21b0d0f,ChIJC9rRGF2f4jARS16rtqx_T3g,Too Fast To Sleep - Siam,Cafe,CLOSED_PERMANENTLY,PERMANENTLY CLOSED
Torrefaktum - Kaffeeroesterei,Ottensen,Cafe,67dbb8261b29a29f6ac573f3,ChIJtxsSFo6FsUcRIUl7TXtQ4uI,Torrefaktum - Kaffeerösterei,Coffee roastery,CLOSED_TEMPORARILY,Temporarily closed
Torst,Pererenan,Cafe,6667f39d4620266c4db3b397,ChIJXYKZxrM50i0RexqucElUTTE,Torst Coffee,Coffee Shop,OPERATIONAL,Open
Tostao,L'Eixample Dreta,Cafe,67dbb819e95b63f8187dfe1d,ChIJr7EifO-ipBIRTHR_RRatzQ4,Tostao,Cafe,OPERATIONAL,Open
Touche,Pererenan,Cafe,65fa86d0e0379bf78d52457a,ChIJx2GvT6U50i0R63BCiKSluUw,Touché Cafe & Restaurant,Cafe,OPERATIONAL,Open
Tree House Cafe,Chalok,Cafe,67c195468c90db03472505bd,ChIJrSJtMZyhVTAREUd1D6488NU,Tree House Cafe,Thai restaurant,OPERATIONAL,Open
Tribal Bali Coworking Hostel,Pererenan,Cafe,65fa86d0e0379bf78d5244d6,ChIJH4qy2jI50i0RIKy3qMSsdYc,Tribal Bali Coworking Hostel,Hostel,OPERATIONAL,Open
Tribe Social Club - Coworking,Bairro Alto,Coworking Space,6809cff57a5c39fcdc925c4d,ChIJkXZMFQA1GQ0RovxB_uOSRr0,"Tribe Social Club - Cowork, Bar, Events",Community center,CLOSED_TEMPORARILY,Temporarily closed
Tropical Nomad Members Area,Canggu,Coworking Space,65fa86d0e0379bf78d5244af,ChIJvf4Cf7pF0i0RGVMhsUCiNBY,Tropical Nomad Coworking Space,Coworking Space,OPERATIONAL,Open
Tropical Nomad Non-Members Area,Canggu,Cafe,65fa86d0e0379bf78d52468d,ChIJvf4Cf7pF0i0RGVMhsUCiNBY,Tropical Nomad Coworking Space,Coworking Space,OPERATIONAL,Open
True Coffee Emquartier,Sukhumvit,Cafe,674b37a2040573bdb642132f,ChIJ-Q4V9AGf4jARlIFGXkXHubY,TrueCoffee (Emquartier),Coffee shop,OPERATIONAL,Open
Twenty Eight Cafe,Bugis,Cafe,67dbb81e4c69903847e6c41f,ChIJERQVObwZ2jERYTdCKJW4gog,Twenty Eight Cafe Wilkie Road,Cafe,OPERATIONAL,Open
Two Face / Coffee & Brunch,Canggu,Cafe,6631c9dbcd830ff47f64b1cf,ChIJq42lSa850i0RziccPzDJXhU,TWO FACE Canggu,Cafe,OPERATIONAL,Open
UNBOX Community - API World Tower,WTC,Coworking Space,67dbb824911faea0a7115876,ChIJcYFCl-RDXz4RVEjjzdZlevo,UNBOX Community - API World Tower,Coworking space,OPERATIONAL,Open
UNCLE Cafe,Srithanu,Cafe,6784e21aed4a0ca08cff1115,ChIJGQRapQ4BVTARcQ4tifhtjBg,UNCLE Cafe,Cafe,OPERATIONAL,Open
Ubud Coffee Roastery,Ubud,Cafe,65fa86d0e0379bf78d5247b0,ChIJsaCfQmw90i0R0jUeLLvA7zc,Ubud Coffee Roastery - Ubud,Coffee Shop,OPERATIONAL,Open
Ubud.Space Coworking and Coffee,Ubud,Coworking Space,65fa86d0e0379bf78d5247a6,ChIJY3j-wTY90i0R4GXUE4P7lio,Ubud.Space Coworking and Coffee,Coworking Space,OPERATIONAL,Open
Ulu Artisan Ungasan,Uluwatu (Ungasan),Cafe,65fa86d0e0379bf78d5247ad,ChIJLcbe0m1b0i0R6djTTMkCQyU,Artisan - Ungasan,Restaurant,OPERATIONAL,Open
Ulu Garden,Uluwatu (Ungasan),Cafe,65fa86d0e0379bf78d5247ae,ChIJtyJyXP9P0i0RUiHHL26xoUM,ULU Garden,Restaurant,OPERATIONAL,Open
Uncommon Borough - Flexible Office Work Space,Borough,Coworking Space,6809cff8e55fef2e1e088016,ChIJq6pq8FgDdkgR00mfXSJQ_lE,Uncommon Borough,Real estate agency,OPERATIONAL,Open
Uncommon Fulham - Flexible Office Work Space,Fulham,Coworking Space,6809cfffe45574f02ae15494,ChIJYeZo30cPdkgRkjoJ2pQR-v8,Uncommon Fulham - Flexible Office Work Space,Coworking space,OPERATIONAL,Open
Uncommon Highbury - Flexible Office Work Space,Higbury,Coworking Space,6809d0009b273d029c33aa58,ChIJLYKV53AbdkgRRrGVI9jBLZ4,Uncommon Highbury,Coworking space,OPERATIONAL,Open
Uncommon Holborn - Flexible Office Work Space,Holborn,Coworking Space,6809d001709fce94fc7067f1,ChIJj7Q4hzUbdkgRcWBnl6bCP8o,Uncommon Holborn - Flexible Office Work Space,Real estate agency,OPERATIONAL,Open
Uncommon Liverpool Street - Flexible Office Work Space,Liverpool Streeet,Coworking Space,6809d003744673d0e5f5ad21,ChIJ81XC488ddkgR1m3RFl2ybHA,Uncommon Liverpool Street - Flexible Office Work Space,Coworking space,OPERATIONAL,Open
Urban Bistro,Old Town,Cafe,66838ea3a0e10752e40fde2c,ChIJUfKk3FyJbEcRXCEfhJGjJQQ,Urban Bistro,Bistro,OPERATIONAL,Open
Urban Bites Cafe,Berawa,Cafe,65fa86d0e0379bf78d5245ae,ChIJxaHhO2U50i0RhMezgLsUngs,Urban Bites Cafe,Cafe,OPERATIONAL,Open
Urban House,Old Town,Cafe,66838ea39e72c94ab3c62c89,ChIJkQyABbmxt4kRm0mIT87zy9A,CityHouse Old Town,Real Estate Agency,OPERATIONAL,Open
Us&Co Monument,City of London,Coworking Space,6809cff9ad3417de7779e4fa,ChIJZ6DtBU4DdkgRHdPqrVSBKCA,Us&Co Monument | Premium Office Space & Meeting Rooms,Real estate agency,OPERATIONAL,Open
Us&Co Stratford | Coworking & Meeting Rooms,Stratford,Coworking Space,6809d009744673d0e5f5afe4,ChIJbzw-Df4ddkgRkGakk_oBuG8,Us&Co Stratford,Real estate agency,OPERATIONAL,Open
VAPIANO Oldenburg Kasinoplatz,Oldenburg,Cafe,6749620e2c1fc7a5bd3f8942,ChIJoZ3J7QjftkcR2uXYUExbzEM,VAPIANO Oldenburg Kasinoplatz,Restaurant,OPERATIONAL,Open
VCR,Bukit Bintang,Cafe,664d020b64a89e11b9bc2595,ChIJPYhalddJzDERgRWIgOgOTvA,VCR,Cafe,OPERATIONAL,Open
VERSE baR＆cafe,Da’an District,Cafe,67c19547158419155ebd60e7,ChIJN_eNBA6rQjQRgfX7_2Nih_A,VERSE baR＆cafe,Coffee shop,CLOSED_PERMANENTLY,PERMANENTLY CLOSED
Vagga Bar Cafe,Haad Yao,Cafe,67a956443ca0442425c77d5a,ChIJh_D8_cABVTARZxkGduGa-Yg,Vagga Bar cafe,Bar,OPERATIONAL,Open
ViOS Autograph Athens,Athens,Coworking Space,66df1faf92b716c215bfd0fa,ChIJcx435xSZoRQRwI4V7ig0cCk,ViOS Coworking (Autograph NEO Psychiko),Real Estate Agency,OPERATIONAL,Open
ViOS Co-Lab Athens,Athens,Coworking Space,66df1faf587225f8f7da6501,ChIJdTyL3S69oRQR3MrMxq0UxoM,ViOS Co-working,Real Estate Agency,OPERATIONAL,Open
ViOS Downtown Athens,Athens,Coworking Space,66df1fafd45c3b9c49f31f0d,ChIJdTyL3S69oRQR3MrMxq0UxoM,ViOS Co-working,Real Estate Agency,OPERATIONAL,Open
Vits Kaffee,Altstadt-Lehel,Cafe,66bbc200c03c05268b843f63,ChIJOSqGc2LfnUcRVPRBh7gAEfU,Vits Kaffee GmbH & Co.KG,Cafe,OPERATIONAL,Open
Vogelmaier Kaffeerösterei,Bogenhausen,Cafe,66c1ffe63562faa7756f381a,ChIJeWcbCHx1nkcRsZ5RM2eEvL8,VogelMaier Kaffeerösterei,Coffee roastery,OPERATIONAL,Open
W8 X Viangpha Cafe,Old City,Cafe,660a663675d51e3272f5c3ab,ChIJTdHOuiw72jARipMP8utmxAw,W8 x viangpha cafe,Coffee Shop,CLOSED_PERMANENTLY,PERMANENTLY CLOSED
WAKO BAKE Suthep,Suthep,Cafe,67dbb8224c5a803673f3d1d2,ChIJc549XGc62jARVorTrk_mPAw,WAKO BAKE,Restaurant,OPERATIONAL,Open
WAKO BAKE at Old Town Chiang Mai,Old City,Cafe,67dbb821911faea0a711562c,ChIJp-bwSfU72jARuHBisujgBMQ,WAKO BAKE at Old Town Chiang Mai,Restaurant,CLOSED_PERMANENTLY,PERMANENTLY CLOSED
WOLFOX SAVOY LONDON,Covent Garden,Cafe,6809cffd84cf6fe0ca12c631,ChIJFebJXtYFdkgR1NSIe5mH5kU,WOLFOX SAVOY LONDON,Italian restaurant,OPERATIONAL,Open
WONDERLUST - Coffee & Souvenir,Hai Chau,Cafe,67c19546254b014e0389f7c9,ChIJQRIRJDIYQjER4JvYKu_Qnak,WONDERLUST - Coffee & Souvenir,Coffee shop,OPERATIONAL,Open
WORX Gower House,Colombo 5,Coworking Space,67dbb822f75acbcb4abf5edb,ChIJlSuzNChb4joRoqQqO0C1Tsc,WORX Gower House,Coworking space,OPERATIONAL,Open
WORX Havelock House,Colombo 5,Coworking Space,67dbb8220c22857f902f7e94,ChIJwR1ZEa9b4joRGS-NVgpGkgc,WORX Havelock House,Coworking space,OPERATIONAL,Open
WORX Jawatte House,Colombo 5,Coworking Space,67c195476a9fcf2d19dd3f50,ChIJe2FWgaFb4joRnuRe2Eb1ih4,WORX Jawatte House,Coworking space,OPERATIONAL,Open
WORX Nawala House,Kotte,Coworking Space,67dbb822a75607567a5103ac,ChIJVdsqS01b4joRP7Yk4KiUbYA,WORX Nawala House,Coworking space,OPERATIONAL,Open
Warung Café & Restaurant,Srithanu,Cafe,6784e21b28014e1b748e80f8,ChIJ6QgiSTQBVTARsvlNAtOamuQ,Warung Café & Restaurant,Cafe,OPERATIONAL,Open
WatchHouse Hanover,Mayfair,Cafe,6809d003e55fef2e1e088919,ChIJGYh5zF4FdkgRbF1Qs98MEVc,WatchHouse Hanover,Coffee shop,OPERATIONAL,Open
WatchHouse Marylebone,Marylebone,Cafe,6809d0037e404065049f6df8,ChIJD1xcEigbdkgR_rS0GDp6t9M,WatchHouse Marylebone,Coffee shop,OPERATIONAL,Open
WatchHouse Somerset House,Covent Garden,Cafe,6809cffd00ffd0361151c758,ChIJD3EFm1gFdkgRiPW6GgLcdM0,WatchHouse Somerset House,Cafe,OPERATIONAL,Open
Watercress Cafe,Ubud,Cafe,65fa86d0e0379bf78d5247ba,ChIJLS7Y2mw90i0R2rbAvAiYWXU,Watercress Ubud,Cafe,OPERATIONAL,Open
Werklab Inc,Strathcona,Coworking Space,6749620d16ec5811acf144d6,ChIJp-BR1WpxhlQRBqWBOUp6wDg,Werklab Inc,Coworking space,OPERATIONAL,Open
WerkzeugH,Margareten,Cafe,6676cf056b3b94617753b1b6,ChIJc0XzPSiobUcRDLMKFRzNaAE,WerkzeugH,Bar,OPERATIONAL,Open
What's cup!,Haad Yao,Cafe,6784e211b2a7feb5e79c79db,ChIJ_YBYXpMBVTAR2Uu0odsMso4,What's cup!,Cafe,OPERATIONAL,Open
WinPlace Coworking Space,District 1,Coworking Space,67dbb828186cec74323ab9fa,ChIJDWHQ8aUpdTERKdVHXo3zxNQ,WinPlace Working Space | Cho thuê văn phòng | Quận 1,Coworking space,OPERATIONAL,Open
Work.Life Aldersgate Street,City of London,Coworking Space,67d52fa9a79f0c901cbad1ae,ChIJTciSpogbdkgRYlWk5GOM9bM,Work.Life Aldersgate Street - Office Space & Coworking,Real estate agency,OPERATIONAL,Open
Work.Life Bermondsey,Bermondsey,Coworking Space,67d52fadc13128f252051c2a,ChIJC9BYx0QDdkgRM8cEOlJ-cgQ,Work.Life Bermondsey,Real estate agency,OPERATIONAL,Open
Work.Life Borough,Borough,Coworking Space,67d52fadb214ed85a9e6d0ab,ChIJpe9mkTwDdkgR2_1uihrNRPA,Work.Life Borough - Office Space & Coworking,Real estate agency,OPERATIONAL,Open
Work.Life Camden,Camden Town,Coworking Space,67d52fad191e39fba6dbd531,ChIJXcTRiOEadkgR9d2Yly1rmgg,Work.Life Camden,Real estate agency,OPERATIONAL,Open
Work.Life Camden Coworking,Camden Town,Coworking Space,6809cffccca1f7b77befde5b,ChIJXcTRiOEadkgR9d2Yly1rmgg,Work.Life Camden,Real estate agency,OPERATIONAL,Open
Work.Life Fitzrovia,Fitzrovia,Coworking Space,67d52fa9c56b4eec49f572c5,ChIJLzEW52YbdkgR_Tojdlgd8Kw,Work.Life Fitzrovia - Office Space & Coworking,Real estate agency,OPERATIONAL,Open
Work.Life Hammersmith,Hammersmith,Coworking Space,67d52fa9dc72582cf7c0ff3d,ChIJETPoyBUFdkgRY26DzxaFpbI,Work.Life Hammersmith - West London Office Space & Coworking,Real estate agency,OPERATIONAL,Open
Work.Life Holborn,Holborn,Coworking Space,67d52fa931f06ae8f08f122c,ChIJs0Z1xXQbdkgRc_BWuIqnpmU,Work.Life Holborn,Real estate agency,OPERATIONAL,Open
Work.Life Liverpool Street,Liverpool Street,Coworking Space,67d52fa9ae483e2d920987e2,ChIJN786tG0ddkgRTWFksnCiuP4,Work.Life Liverpool Street - Office Space & Coworking,Real estate agency,OPERATIONAL,Open
Work.Life Old Street,Old Street,Coworking Space,67d52fa930406223ba184320,ChIJ8W9jXKUcdkgRD6fdbTPxsTU,Work.Life Old Street - East London Office Space & Coworking,Real estate agency,OPERATIONAL,Open
Work.Life Soho,Soho,Coworking Space,67d52fb2fff86e042a2beefa,ChIJD9k1GngbdkgROGKcFvyQx9I,Work.Life Soho,Real estate agency,OPERATIONAL,Open
Work.Life St Cross Street,Holborn,Coworking Space,67d52facff9f765cf4c76f61,ChIJiVpt67UbdkgRIOkPnexx6f8,Work.Life St Cross Street,Real estate agency,OPERATIONAL,Open
WorkFlow Thao Dien - Working Space,District 2,Coworking Space,67dbb8283caa81895e3f0c19,ChIJkfsaXES_aIYRzc8XE6wZZ2E,WorkFlow Thảo Điền - Working Space & Café,Coffee shop,OPERATIONAL,Open
WorkFlow Thao Dien Cafe,District 2,Cafe,67dbb8284d8a2c443942e9c1,ChIJkfsaXES_aIYRzc8XE6wZZ2E,WorkFlow Thảo Điền - Working Space & Café,Coffee shop,OPERATIONAL,Open
WorkStories Serviced Office,Khlong Toei,Coworking Space,674b37a4019791da08eabeb1,ChIJmwKkvUmf4jARt5CiXsiLvUc,Workstories Serviced office,Coworking space,OPERATIONAL,Open
WorkWize Coworking Space,Huai Khwang,Coworking Space,674b37a49ddadf84a13c1c1f,ChIJnSpbitSf4jARckFoWOuUR-s,WorkWize,Real estate agency,OPERATIONAL,Open
Workin'CV,Praia,Coworking Space,676736d025a33401d6527468,ChIJHf-p1Q90k4MR_orddD1A3bQ,Workin'CV,Coworking space,OPERATIONAL,Open
Working on Air,Gili Air,Coworking Space,6613fb8149a091e1a4d49da8,ChIJC2RMFendzS0Rw8OdOgZL16w,Working on Air,Coworking Space,OPERATIONAL,Open
Workland Fahle,Ulemiste,Coworking Space,67dbb82e89928f8e5c836e5c,ChIJx4i5HxeVkkYR7gxm0ZO02CU,Workland Fahle,Real estate agency,OPERATIONAL,Open
Workshop17 Kloof Street,Gardens,Coworking Space,67d81020f5512df966898e94,ChIJhZ7xY1pnzB0R0oal5T5yr0w,Workshop17 Kloof Street,Coworking space,OPERATIONAL,Open
Workspace 6,Centrum,Coworking Space,6840bf20edd5a1245b84305b,ChIJf7bpI8wJxkcRKhCAw-fiqm0,Workspace 6,Coworking space,OPERATIONAL,Open
Woyton Oldenburg Haarenstraße,Oldenburg,Cafe,6749620ed55091acf47cbffc,ChIJDaa52gfftkcRq7nGgjjSORk,Woyton,Cafe,OPERATIONAL,Open
Wrkhub by Tutmak,Ubud,Coworking Space,65fa86d0e0379bf78d5247aa,ChIJRTIhAaw90i0RFI6q0aHUIeQ,Wrkhub By Tutmak,Coworking Space,CLOSED_PERMANENTLY,PERMANENTLY CLOSED
XLIII Specialty Coffee,My An,Cafe,67dbb823e95b63f8187e0c36,ChIJ7xtm7rMXQjER7ye2fxPfbFE,XLIII Specialty Coffee,Coffee shop,OPERATIONAL,Open
Xom Space,District 1,Coworking Space,67dbb827ddbd6ff42ecee057,ChIJzZHdUoYvdTEReFWbBoKxAds,Xóm Space,Coworking space,CLOSED_PERMANENTLY,PERMANENTLY CLOSED
Y'Est Works Coffee Bar,Sukhumvit,Cafe,674b37a25713b502134106b4,ChIJFTzHXSCf4jAR2MDQTHUOXwQ,Y'EST WORKS Coffee Bar,Coffee shop,OPERATIONAL,Open
Y'Est Works Coffee Roastery,Sukhumvit (Asoke),Cafe,674b37a204fee7c9b3adfee9,ChIJlSpmMOWf4jARfdSrmlYLyyE,Y'EST WORKS Coffee Roastery,Cafe,OPERATIONAL,Open
Yellow Coworking Space,Nimman,Coworking Space,660a6636d708a5ea159e49f8,ChIJAe6hv_o72jARruNHpKHt2_I,Yellow Coworking Space (Co-working),Coworking Space,OPERATIONAL,Open
Yes Surf Siargao,General Luna,Cafe,67246a3a77bc6d78c33441c7,ChIJYwZrJG0JBDMRheoGYgBlrRU,Yes Surf Siargao,Hostel,OPERATIONAL,Open
Yolk House Brighton Rock Place,Kemptown,Coworking Space,68a2fa29a392c76e4ce3160d,ChIJ59W-90CFdUgRC_hB9mxREow,Yolk House Ltd,Coworking space,OPERATIONAL,Open
Yolk House Farringdon,Farringdon,Coworking Space,68a2fa294f772123c82934f3,ChIJmbftluwbdkgRKQj_6QfuHCo,,,ERROR:404,ERROR:404
You and Me,Srithanu,Cafe,6784e212668d29537c3dee7e,ChIJM8YKYwABVTARVq6FCQ9FNXo,You and Me,Coffee shop,OPERATIONAL,Open
Young Son Cafe,Wok Tum,Cafe,6784e21b54282d61143169f4,ChIJ9V1w7lT9VDARlVO5GXqQtWw,Young Son Cafe,Coffee shop,OPERATIONAL,Open
Z! Coffee & Roastery,My An,Cafe,67dbb8238db6988b7bc4caa9,ChIJs4YU9IIXQjERt21AKrnYj68,Zi Coffee & Roastery,Cafe,OPERATIONAL,Open
ZEIT Cafe,Neustadt,Cafe,666d6161832653f698d5b27f,ChIJP4tBeB2PsUcRVyGTPTz5Epo,ZEIT Café - Torrefaktum Kaffeerösterei,Cafe,CLOSED_TEMPORARILY,Temporarily closed
ZIN Cafe,Canggu,Cafe,65fa86d0e0379bf78d52457e,ChIJ1a70wvFH0i0RajIckWuoU14,ZIN Cafe,Restaurant,OPERATIONAL,Open
ZMOY CAFE,Old City,Cafe,67dbb8202484dbfd03be17fd,ChIJ_-L2YL062jARXCKsqtXsxjQ,Zmoy Cafe,Cafe,OPERATIONAL,Open
Zentralbibliothek Hamburg,St. Georg,Cafe,6666b10cbdb5c245d1fcc29c,ChIJq9okvTWjY0ERKRyR5d1bJ2g,Zentralbibliothek,Library,OPERATIONAL,Open
Zest Ubud,Ubud,Cafe,65fa86d0e0379bf78d5247b7,ChIJX5cf_T090i0RNTmzcpw74_Y,Zest,Vegan Restaurant,OPERATIONAL,Open
Zohng Coffee,Old City,Cafe,660a66353df4a74b7e6752ea,ChIJXZRWons72jAR26Ig85Kbg44,Zohng Coffee,Breakfast Restaurant,OPERATIONAL,Open
Zoku Vienna,Leopoldstadt,Coworking Space,67dbb82f6cc27ddd69368cec,ChIJxVPN_hkHbUcRsFkytwur4Dc,Zoku Vienna,Hotel,OPERATIONAL,Open
bean batter,Altstadt-Lehel,Cafe,66c1ffe65f02084760873c87,ChIJH348-MPZnUcRzpkJG3L0T4Q,bean batter,Cafe,CLOSED_PERMANENTLY,PERMANENTLY CLOSED
betahaus HafenCity,Hafencity,Coworking Space,67dbb825e95b63f8187e0e6c,ChIJTazvhvmOsUcR2Z-BU3BlE88,betahaus | HafenCity,Coworking space,OPERATIONAL,Open
betahaus Schanze,Sternschanze,Coworking Space,67dbb826a763429798b83bb4,ChIJu-Z5G2mPsUcRQVBdqBCMN80,betahaus | Schanze,Coworking space,OPERATIONAL,Open
betahaus | Kreuzberg,Kreuzberg,Coworking Space,67dbb81ab2bb3bdb73a475bb,ChIJqQFHjS1OqEcR8d99mafShxY,betahaus | Kreuzberg,Coworking space,OPERATIONAL,Open
black.,Old Town,Cafe,66838ea377d056cf201b64d4,ChIJuT-1Uvqwt4kRfo6LFV8_uRs,Alexandria Black History Museum,Museum,OPERATIONAL,Open
braena - coffee&breakfast,Eimsbuettel,Cafe,67dbb825c24274cca94b2e24,ChIJubzo1xiPsUcRZnF5ULw7akI,braena - coffee&breakfast I lunch I bar,Cafe,OPERATIONAL,Open
bright cafe,Canggu,Cafe,6809d00b146566dc3d30c443,ChIJ72ejGBU50i0RHhrjEnAbTWc,BRIGHT coffee and brunch,Restaurant,OPERATIONAL,Open
das cafe,Neubau,Cafe,6676cf066b98a81f2ce7c06a,ChIJL_bmjpEHbUcRyrTtS8sLvZw,das café,Cafe,OPERATIONAL,Open
eOffice Fitzrovia,Fitzrovia,Coworking Space,6809cffe8b8009b34b39fc38,ChIJp82Vo9QEdkgRKHAe09jr19c,eOffice Soho HQ,Coworking space,OPERATIONAL,Open
ecos work spaces hannover süd,Döhren,Coworking Space,688cc1e4c04b37d19159d16f,ChIJ37Ic7OAKsEcRhuAJG0jsSc8,ecos work spaces hannover-süd,Real estate agency,OPERATIONAL,Open
hugsandcoffee,St. Georg,Cafe,67dbb826e400d4eb3b3db22e,ChIJcwJW2GWPsUcRRIYdSu3GXwU,hugsandcoffee,Cafe,OPERATIONAL,Open
mit cafe’,Wok Tum,Cafe,6784e213dbc183768451ccb2,ChIJxyByHN_9VDARmNRQnkARoFM,mit cafe’,Cafe,OPERATIONAL,Open
myOffice - Downtown Dubai,Downtown Dubai,Coworking Space,67dbb823ed6cebb08a3d6ec8,ChIJU1J8XYFCXz4RAe9lK4B4bLk,myOffice - Downtown Dubai,Coworking space,OPERATIONAL,Open
myOffice - Dubai Marina Plaza,Dubai Marina,Coworking Space,67dbb824a75607567a510403,ChIJvZwgg7ATXz4RHjBTj1xeBsE,myOffice - Dubai Marina Plaza,Coworking space,OPERATIONAL,Open
phil,Vienna,Untagged,6676cf05ea920b2e47e717eb,ChIJYwHMaoUHbUcRklFybRm2EAY,"phil - Café, bookshop & bar",Cafe,OPERATIONAL,Open
rabowls Grosse Johannisstrasse,Neustadt,Cafe,67dbb82505b2a7fae38f7cf4,ChIJOXcK6pePsUcRn_BcPDEBRDU,råbowls,Scandinavian restaurant,OPERATIONAL,Open
redNERD Coliving,Mubarak 7,Coworking Space,6809d00f3d3ee1234b7be39f,ChIJbcGVW6N9UhQRVWSY-42hzj8,redNERD-Coliving & Coworking Hurghada,Bed & breakfast,OPERATIONAL,Open
the Hive District 1,District 1,Coworking Space,67dbb8276a5db9ee9dddbe5b,ChIJB7ZTfA0pdTER8FjIuHEiU0w,the Hive District 1,Coworking space,OPERATIONAL,Open
the Hive Thao Dien,District 2,Coworking Space,67dbb8280c22857f902f82ec,ChIJDZpz_xkmdTERp4ox5YRf3ng,the Hive Thao Dien,Coworking space,OPERATIONAL,Open
the Hive Villa,District 2,Coworking Space,67dbb8284b90ebc1123caa15,ChIJ0bGWhREndTERDEv4xgNNFEI,the Hive Villa,Coworking space,OPERATIONAL,Open
theCOMMONS,Thonglor,Cafe,674b37a1fbc7383b4c994f2f,ChIJmZKsCFOe4jARjZUEQW7WV58,The Commons Thonglor,Shopping mall,OPERATIONAL,Open
tuesday coworking - Schoneberg,Schoneberg,Coworking Space,67dbb8306c76d644eeb54d13,ChIJt8y2PjZRqEcRaT8gatTnonk,tuesday coworking - Schöneberg,Coworking space,OPERATIONAL,Open
Nomio Coworking Lounge,Tivat,Coworking Space,6a43ad33a5ab5166508cb67a,ChIJG5cu5uUzTBMRlgcJho0aCto,Nomio - Nomad's Paradise,Hotel,OPERATIONAL,Open
