name,city,kind,item_id,place_id,primary_type,business_status,is_lodging,lodging_types,all_types
(working title) LASALLE,Bugis,Cafe,67dbb81e90eb89a5859dfc47,ChIJ_RixlFQZ2jERUW_DjiCS6GQ,Cafe,CLOSED_PERMANENTLY,,,"cafe, point_of_interest, food, establishment"
190° Coffee And Tea,Lincoln Park,Cafe,688cc1e52c5a3b0ccf60a3e0,ChIJ6Su6-61NrlIRG3eWnXHycEE,Coffee shop,OPERATIONAL,,,"coffee_shop, cafe, food_store, food, store, point_of_interest, establishment"
39 Degraus,Santo Antonio,Cafe,67dbb82b5990780b5fce759a,ChIJx1iO6CgzGQ0RkUztOWBAOCs,Restaurant,OPERATIONAL,,,"restaurant, cafeteria, bar, food, point_of_interest, establishment"
4 WALLS Coworking,Neustadt,Coworking Space,67d810202b24736bd92f2972,ChIJMef71FuPsUcRFQJOge0poOk,Cafe,OPERATIONAL,,,"cafe, coworking_space, food, point_of_interest, establishment"
7.AM Bakers Pererenan,Pererenan,Cafe,6809d00b2aa4ba2c3ee0112c,ChIJyfvleuI50i0R56jJ7bcE-Fs,Bakery,OPERATIONAL,,,"bakery, brunch_restaurant, sandwich_shop, pastry_shop, dessert_shop, coffee_shop, cafe, confectionery, food_store, restaurant, food, store, point_of_interest, establishment"
ACE Coworking Space,My An,Coworking Space,67dbb8235990780b5fce6e74,ChIJ-Z9VY1sXQjERKdCDqBhoHmo,Coworking space,OPERATIONAL,,,"coworking_space, point_of_interest, establishment"
ACME Pererenan,Pererenan,Cafe,65fa86d0e0379bf78d52478c,ChIJ-z4qeBQ50i0RbjmWrYkafYg,Bakery,OPERATIONAL,,,"bakery, coffee_roastery, food_store, food, store, point_of_interest, establishment"
AIDA Cafe Konditorei Singerstrasse,Innere Stadt,Cafe,6809d00d25e5cac9d891ffc0,ChIJSwalOZ8HbUcRfddOf99g4Lg,Coffee shop,OPERATIONAL,,,"coffee_shop, cafe, food_store, store, food, point_of_interest, establishment"
AIDA Shoreditch,Shoreditch,Cafe,67d0057fe23f36cf173821e8,ChIJbSL-a7ocdkgRZdUhwWYFJKg,Clothing store,CLOSED_PERMANENTLY,,,"clothing_store, womens_clothing_store, cafe, home_goods_store, store, food, point_of_interest, service, establishment"
ALTER SPACE Siargao Workspace,General Luna,Coworking Space,67246a39070155fc18588f75,ChIJBcxdH3cJBDMRyv-ffv745qs,Coworking Space,OPERATIONAL,YES,lodging,"coworking_space, lodging, point_of_interest, establishment"
ARK Coworking,Angel,Coworking Space,6809cff6709fce94fc706079,ChIJ7XcKUj8bdkgRCv04bJNZHDc,Coworking space,CLOSED_PERMANENTLY,,,"coworking_space, point_of_interest, establishment"
AT 06,Canggu,Coworking Space,65fa86d0e0379bf78d5245b3,ChIJiVKnl0850i0RAd7mEs7lVNc,Restaurant,OPERATIONAL,,,"restaurant, coworking_space, wellness_center, gym, sports_activity_location, health, food, point_of_interest, establishment"
AWAN Connection,Canggu,Coworking Space,65fa86d0e0379bf78d52451e,ChIJ4WoPrzw50i0Rc3zZTiUNY7s,Coworking Space,OPERATIONAL,,,"coworking_space, real_estate_agency, cafe, food, point_of_interest, service, establishment"
Ahoy Berlin,Wedding,Coworking Space,67dbb81b89928f8e5c835aba,ChIJPZDUWfRRqEcRHIEMEqFSkTk,Coworking space,CLOSED_PERMANENTLY,,,"coworking_space, business_center, real_estate_agency, event_venue, point_of_interest, service, establishment"
Akha Ama Phrasingh,Old City,Cafe,660a6635ba6cc2370a21dc5c,ChIJkZyVmJs62jARav_dgGLEBr0,Cafe,OPERATIONAL,,,"cafe, food, point_of_interest, establishment"
Alchemy Ubud,Ubud,Cafe,65fa86d0e0379bf78d52478a,ChIJ-c4tzlM90i0RKf-B2o_c-Ww,Yoga Studio,OPERATIONAL,,,"yoga_studio, sports_complex, fitness_center, gym, sports_school, health, sports_activity_location, point_of_interest, establishment"
Alchemy Uluwatu,Uluwatu (Bingin),Cafe,65fa86d0e0379bf78d52469b,ChIJ9XI8QXJF0i0R_GzfcqL5QKk,Restaurant,OPERATIONAL,,,"restaurant, grocery_store, food_store, store, food, point_of_interest, establishment"
Aletheia Back House,Ubud,Cafe,65fa86d0e0379bf78d5247af,ChIJI54JMDE90i0RMEC6l5YDKAw,Cafe,CLOSED_PERMANENTLY,,,"cafe, dessert_shop, confectionery, food_store, store, food, point_of_interest, establishment"
Alily Lounge Restaurant & Bar,Penida Island,Cafe,6809d00d94d120b9c29c84bb,ChIJ_TrvDslz0i0RfcOIMYjSVCY,Restaurant,OPERATIONAL,,,"restaurant, coworking_space, lounge_bar, coffee_shop, cafe, cocktail_bar, night_club, live_music_venue, bar, event_venue, point_of_interest, food_store, store, food, establishment"
Almond.,Pererenan,Cafe,65fa86d0e0379bf78d524580,ChIJKy9UsFU50i0RVXHHAxJEMaQ,Restaurant,OPERATIONAL,,,"restaurant, food, point_of_interest, establishment"
Alt_ChiangMai - coliving & coworking space,Old City,Coworking Space,67dbb83010fcee80de321324,ChIJ4zPcJEw72jARdGYLa7Rpeak,Coworking space,OPERATIONAL,,,"coworking_space, point_of_interest, establishment"
Amolas Cafe,Canggu,Cafe,65fa86d0e0379bf78d524574,ChIJD63X4IU50i0RFkjm_Q5AwGs,Cafe,OPERATIONAL,,,"cafe, food, point_of_interest, establishment"
Amon Cafe,General Luna,Cafe,67246a3a49dd3e0404417462,ChIJs3RWJBP3AzMRxBeqLJ_m544,Coffee Shop,OPERATIONAL,,,"coffee_shop, cafe, food_store, food, store, point_of_interest, establishment"
Andaliman Gili Air,Gili Air,Cafe,6613fb81b431f33cf8cd5273,ChIJre0JBBzdzS0RmV_LGqYkaAw,Restaurant,OPERATIONAL,,,"restaurant, food, point_of_interest, establishment"
Anomali Coffee Ubud,Ubud,Cafe,67a95643cfcb17dd39520f73,ChIJJZkw5Cwi0i0RRlndGdatOY0,Cafe,OPERATIONAL,,,"cafe, coffee_shop, food_store, store, restaurant, food, point_of_interest, establishment"
Apichada view point,Baan Tai,Cafe,6784e2130f8b7e29bed7d16e,ChIJqcTN9_78VDARmYFNQxvKCsk,,ERROR:404,,,
Arch & Beans Kavemuvek,District 5,Cafe,668b8ee838fddafe57a331af,,,NOT_FOUND,,,
Argyll - 1 Cornhill,City of London,Coworking Space,6809cffb12a4f2a72acc82e3,ChIJKaeQFFMDdkgRbECFmkRD-qI,Real estate agency,OPERATIONAL,,,"real_estate_agency, point_of_interest, service, establishment"
Argyll - 1 King William Street,City of London,Coworking Space,6809d29f812c1fb97363c9ba,ChIJeTVTgVQDdkgROOBGx7cPH68,Real estate agency,OPERATIONAL,,,"business_center, coworking_space, real_estate_agency, service, point_of_interest, establishment"
Argyll - 20 North Audley Street,Mayfair,Coworking Space,6809d00484cf6fe0ca12cae0,ChIJ-397lzIFdkgRymqgkIoPzo4,Real estate agency,OPERATIONAL,,,"business_center, coworking_space, real_estate_agency, service, point_of_interest, establishment"
Argyll - 288 Bishopsgate,Liverpool Street,Coworking Space,6809d0061f2325d5045f697d,ChIJuUon1rMcdkgR1tbetCWkK6U,Real estate agency,OPERATIONAL,,,"coworking_space, business_center, real_estate_agency, point_of_interest, service, establishment"
Argyll - 85 Gresham Street,City of London,Coworking Space,6809cffaea423d76c26e82bc,ChIJ8dhs0qocdkgR6O6ZOkL7SeU,Real estate agency,OPERATIONAL,,,"business_center, coworking_space, real_estate_agency, service, point_of_interest, establishment"
Argyll - Central Court,Holborn,Coworking Space,6809d000744673d0e5f5a536,ChIJw5xHeksbdkgR8z40zKnvmmU,Real estate agency,OPERATIONAL,,,"business_center, coworking_space, real_estate_agency, service, point_of_interest, establishment"
Argyll - Michelin House,Chelsea,Coworking Space,6809cffccca1f7b77befdec3,ChIJtzfcbWoFdkgRAZCv9_98iSI,Real estate agency,OPERATIONAL,,,"real_estate_agency, service, point_of_interest, establishment"
Argyll - Nova North,Victoria,Coworking Space,6809d009ef2baf52183a38ab,ChIJ0-V7rf8FdkgR6GINYfO92BE,Real estate agency,OPERATIONAL,,,"business_center, coworking_space, real_estate_agency, service, point_of_interest, establishment"
Argyll - Octagon Point,City of London,Coworking Space,6809cffac6dc5faef1523d44,ChIJ-dgZLKsEdkgRYcz9lHlqTi0,Real estate agency,OPERATIONAL,,,"real_estate_agency, service, point_of_interest, establishment"
Aroon Cafe,Sukhumvit,Cafe,674b379f207c69628c4cecf4,ChIJp7wxhyqf4jARHQ5N_NseXrA,Coffee shop,OPERATIONAL,,,"coffee_shop, cafe, food_store, food, store, point_of_interest, establishment"
Art Cafe,Srithanu,Cafe,6784e2122c567ba362777f47,ChIJ6f-4rcQBVTAR-NphUfn29tc,Cafe,OPERATIONAL,,,"cafe, point_of_interest, food, establishment"
Art Food Corner,Funchal,Cafe,664fb8985043bf3daf5dd16e,ChIJE7YGfgVgYAwRqxLAoAXFemg,Coffee Shop,OPERATIONAL,,,"coffee_shop, brunch_restaurant, breakfast_restaurant, cafe, vegetarian_restaurant, bar, food_store, store, restaurant, food, point_of_interest, establishment"
"Art Kafé, Santa Maria",Santa Maria,Cafe,676736cf9d7b3a96011eb914,ChIJ6Wiqe-hbSwkRvJbnyh3m604,Restaurant,OPERATIONAL,,,"restaurant, food, point_of_interest, establishment"
Artis Coffee Bangkok,Sukhumvit,Cafe,674b379f02306752fb737bbd,ChIJj-lzz-Ke4jAREFnwwEkAIB8,Coffee shop,OPERATIONAL,,,"coffee_shop, cafe, food_store, store, food, point_of_interest, establishment"
Artisan Cafe,Hai Ya,Cafe,67dbb81f507d6795321a8a9c,ChIJz9PXLncw2jAR9GDoUHCuEKw,Coffee shop,OPERATIONAL,,,"coffee_shop, cafe, food_store, store, food, point_of_interest, establishment"
Attendant Coffee Roasters - Bank,Bank,Cafe,6809cff77a5c39fcdc925da1,ChIJLfDRmTkDdkgRkaTYL1AXfeo,Coffee shop,OPERATIONAL,,,"coffee_shop, cafe, point_of_interest, food_store, store, food, establishment"
Attendant Coffee Roasters - Fitzrovia,Fitzrovia,Cafe,6809cfff7a5c39fcdc92641f,ChIJT3lsCSobdkgRsmpQbI2yp5w,Coffee shop,OPERATIONAL,,,"coffee_shop, tea_store, brunch_restaurant, cafe, breakfast_restaurant, restaurant, point_of_interest, food_store, store, food, establishment"
Attendant Coffee Roasters - Shoreditch,Shoreditch,Cafe,67d0057fe660a8c7f2a6dbb5,ChIJG0K3_68cdkgRiwtSEMbrTco,Cafe,CLOSED_PERMANENTLY,,,"cafe, breakfast_restaurant, restaurant, food, point_of_interest, establishment"
Augusto Smoothy Bar,Surat Thani Airport,Cafe,679c449b1f44d535f9e2db38,ChIJJzSDnbOrVjARA58ZO2cFYoI,Restaurant,OPERATIONAL,,,"restaurant, point_of_interest, food, establishment"
Avila Spaces,Saldanha,Coworking Space,6809cff63edc9df7affd054d,ChIJMUIsYAozGQ0RxnGf2TgYIgE,,OPERATIONAL,,,"coworking_space, corporate_office, point_of_interest, establishment"
Avila Spaces Parque Das Nacoes,Parque das Nacoes,Coworking Space,6809cff795ba1239c120e7d2,ChIJJ0csu7AxGQ0R2IBBZx8hU-M,Business center,OPERATIONAL,,,"business_center, coworking_space, real_estate_agency, corporate_office, point_of_interest, service, establishment"
Avocado Resto,Medewi,Cafe,67a956430e939dfa15213318,ChIJxYT2x6vV0y0RnwsY8EfBhdI,Restaurant,OPERATIONAL,,,"restaurant, food, point_of_interest, establishment"
BO.KA Workspace,"Old Town, Paphos",Coworking Space,68a2fa296ea37c7e45863609,ChIJS-wpQr8H5xQRY9WdewfuHTU,Coworking space,OPERATIONAL,,,"coworking_space, business_center, service, point_of_interest, establishment"
BOB Coffee,Chang Phueak,Cafe,67d0057f7ff194b7a30e5b59,ChIJPVCRjZE72jARsC3ny39S-KY,Coffee shop,OPERATIONAL,,,"coffee_shop, coworking_space, cafe, food_store, store, food, point_of_interest, establishment"
BREKKY Cafe Pererenan,Pererenan,Cafe,679c5e8ec8a9859eed886315,ChIJ9dakCho50i0RjqjQLKthFB0,,ERROR:404,,,
BWork Cafe,Canggu,Cafe,65fa86d0e0379bf78d5245a6,ChIJ6fBvIpg50i0R8764BCFFN60,Coworking Space,OPERATIONAL,,,"coworking_space, yoga_studio, fitness_center, coffee_shop, cafe, gym, sports_school, sports_complex, sports_activity_location, food_store, food, store, health, event_venue, point_of_interest, establishment"
BWork Members Area,Canggu,Coworking Space,65fa86d0e0379bf78d524490,ChIJ6fBvIpg50i0R8764BCFFN60,Coworking Space,OPERATIONAL,,,"coworking_space, yoga_studio, fitness_center, coffee_shop, cafe, sports_school, sports_complex, gym, sports_activity_location, food_store, event_venue, store, health, food, point_of_interest, establishment"
Baan Manali Beach Café,Nai Wok,Cafe,6784e2178dc303e48a2184d4,ChIJX9yaGLX_VDARI1ARJzUI2bA,Brunch restaurant,OPERATIONAL,,,"brunch_restaurant, restaurant, point_of_interest, food, establishment"
Baguccino,Pererenan,Cafe,69c349f3cc1ef85a9098c404,ChIJc0DutUg50i0RL9jFBF4bX10,Coffee shop,OPERATIONAL,,,"coffee_shop, cafe, food_store, food, store, point_of_interest, establishment"
Bake Brothers,Sukhumvit (Asoke),Cafe,674b379f207c69628c4cecfb,ChIJb_Omn-Oe4jARjgJcHXp-b0M,Restaurant,OPERATIONAL,,,"restaurant, food, point_of_interest, establishment"
Bake Sense coffee,Wok Tum,Cafe,6784e2109557868af88b30b6,ChIJFxfBExL-VDARnjbKOrsJBHw,Cafe,OPERATIONAL,,,"cafe, food, point_of_interest, establishment"
Baked Berawa,Berawa,Cafe,65fa86d0e0379bf78d5245ac,ChIJU0lp4SNH0i0R7x72tr13TmY,Bakery,OPERATIONAL,,,"bakery, bagel_shop, pastry_shop, breakfast_restaurant, dessert_restaurant, brunch_restaurant, coffee_shop, cafe, dessert_shop, confectionery, food_store, store, restaurant, food, point_of_interest, establishment"
Balagan,Central,Cafe,682f68cfdfdebe7cbc3a4acc,ChIJJ8sswvEnHw0RwyCFK4eSBlA,Restaurant,OPERATIONAL,,,"restaurant, bar, cafe, food, point_of_interest, establishment"
Balance Specialty Coffee,Wok Tum,Cafe,6784e211b7f8692649cd1f17,ChIJIZrIMyr9VDAR8Tywkk89kHE,Cafe,OPERATIONAL,,,"cafe, food, point_of_interest, establishment"
Bali Bustle Coworking & Coliving,Kuta (Bali),Coworking Space,6631cb0d5be6e2bfb1874f04,ChIJ_8ZN7HlH0i0R9SVLx2VoD3M,Hotel,OPERATIONAL,YES,"extended_stay_hotel, hotel, lodging","hotel, extended_stay_hotel, coworking_space, lodging, service, point_of_interest, establishment"
Baltic Cowork,Kesklinn,Coworking Space,67dbb82e05b2a7fae38f8129,ChIJ4eQVPQSVkkYRH04LKAKP19k,Coworking space,OPERATIONAL,,,"coworking_space, point_of_interest, establishment"
Banana Rock,Ao Leuk,Cafe,67c195482ceb224f64c7a4f2,ChIJYZXHGYGhVTARdX18R8Zk4PA,Bar,OPERATIONAL,,,"bar, point_of_interest, establishment"
Baoba Cafe Bica,Bica,Cafe,67dbb82a6de5ed125908b36c,ChIJHQJg3hY1GQ0RT6SJsiKwTvI,Cafe,OPERATIONAL,,,"cafe, brunch_restaurant, cafeteria, coffee_roastery, restaurant, food, point_of_interest, establishment"
Bartels Sukhumvit,Sukhumvit,Cafe,674b379f04fee7c9b3adfd79,ChIJvQVc8Quf4jAR-bvn--T1QiM,Bakery,OPERATIONAL,,,"bakery, juice_shop, coffee_shop, coworking_space, cafe, sandwich_shop, food_store, store, restaurant, food, point_of_interest, establishment"
Bay Aree,Ari,Cafe,674b379f31a2fd6ff89b722c,ChIJL6oMxRid4jARO32aVKwK_9Q,Cafe,OPERATIONAL,,,"cafe, food, point_of_interest, establishment"
Beachub,Srithanu,Coworking Space,6784e2104f1f500b3ca69c90,ChIJkZoQvtgBVTAR6fZuHLksTig,Services,OPERATIONAL,,,"coworking_space, service, point_of_interest, establishment"
BeansLiquor Chiang Mai,Nimman,Cafe,67c19546d1fd4b90cf0a055b,ChIJA8yHlKc72jARa9ZYxIbYjfw,Coffee shop,OPERATIONAL,,,"coffee_shop, cafe, bar, food_store, store, restaurant, food, point_of_interest, establishment"
Beehive Lofts Coworking,Ancoats,Coworking Space,6809cff67a5c39fcdc925cac,ChIJ9xVfNruxe0gRA2KNhp-vh-0,Coworking space,OPERATIONAL,,,"coworking_space, business_center, corporate_office, real_estate_agency, event_venue, service, point_of_interest, establishment"
Begadang Beer Garden - Gili Air,Gili Air,Cafe,67a9564532c3199ae053831c,ChIJB0F_q57dzS0RtKKAWYvgz_8,Restaurant,OPERATIONAL,,,"restaurant, food, point_of_interest, establishment"
Behongli Coworking Space,Mapo-gu,Coworking Space,67f8adc6d69e2722cd625a3c,ChIJkaDhizaZfDURemtciMYlkDE,Coworking space,OPERATIONAL,,,"coworking_space, point_of_interest, establishment"
Beluna - House of Creatives,Ubud,Coworking Space,65fa86d0e0379bf78d52469d,ChIJ8_-IDzI90i0RUHBNPAjcils,Coworking Space,CLOSED_PERMANENTLY,,,"coworking_space, community_center, real_estate_agency, cafe, event_venue, store, food, point_of_interest, service, establishment"
Bespoke Spaces Coworking - Archway,Archway,Coworking Space,6809cff7e45574f02ae14dba,ChIJB9iT4i4bdkgRZMUlhh4YZEA,Coworking space,OPERATIONAL,,,"coworking_space, point_of_interest, establishment"
Bespoke Spaces Coworking - Hornsey Rd,Archway,Coworking Space,6809cff694d120b9c29c6cfe,ChIJjwV4rrwbdkgR6Os5nWEmq6s,Coworking space,OPERATIONAL,,,"coworking_space, point_of_interest, establishment"
Betahaus | Coworking Barcelona,Gracia,Coworking Space,6809cff3443445c22086feee,ChIJL2uOcbuipBIRPFrHBWTTkNc,Coworking space,OPERATIONAL,,,"coworking_space, corporate_office, real_estate_agency, event_venue, service, point_of_interest, establishment"
Beton by Spacemade,Clerkenwell,Coworking Space,67d52fb0be684099921b007c,ChIJO-QoS1MbdkgRtTgxaCdUAuU,Real estate agency,OPERATIONAL,,,"coworking_space, real_estate_agency, point_of_interest, service, establishment"
Bibli Library Cafe,District 1,Cafe,67dbb8306cc27ddd69368d55,ChIJLZSvHzcvdTER6KEjhbzJm_Y,Cafe,OPERATIONAL,,,"cafe, food, point_of_interest, establishment"
Biliq Seminyak,Seminyak,Coworking Space,6631c9da9377358b028c2fb2,ChIJyzsusSdH0i0RTWXHC57T4lI,Coworking Space,OPERATIONAL,,,"coworking_space, cafe, food, event_venue, point_of_interest, establishment"
Biliq Sunset,Kuta (Bali),Coworking Space,6631cb0dbdcb81d0e34d99ed,ChIJBf6rrkNH0i0Rl0dxSR6EcbM,Corporate Office,OPERATIONAL,,,"corporate_office, coworking_space, point_of_interest, establishment"
Black Coffee On The Roof,Old Town,Cafe,67dbb81d7b580966f91da3f2,ChIJUXuRQ7eJbEcRB-dyLwmsHPg,Cafe,CLOSED_PERMANENTLY,,,"cafe, food, point_of_interest, establishment"
Black Sheep Coffee - Elizabeth Street,Victoria,Cafe,6809d00b92fd7d3374c6308a,ChIJ7ZPIBa0FdkgRSXDJSAETx-E,Coffee shop,OPERATIONAL,,,"coffee_shop, bagel_shop, breakfast_restaurant, cafe, acai_shop, brazilian_restaurant, bakery, food_store, wholesaler, restaurant, food, store, point_of_interest, service, establishment"
Black Sheep Coffee Victoria St,Westminster,Cafe,6809d00a9b7082d7ab262065,ChIJa7pL_yAFdkgRmSIQtsbCFuc,Coffee shop,OPERATIONAL,,,"coffee_shop, acai_shop, bagel_shop, brazilian_restaurant, breakfast_restaurant, cafe, wholesaler, bakery, food_store, store, restaurant, food, service, point_of_interest, establishment"
Blacklist Coffee Roasters,Canggu,Cafe,65fa86d0e0379bf78d5245b0,ChIJLwBu4ns50i0RXv6XHyBYYxc,Cafe,OPERATIONAL,,,"cafe, food, point_of_interest, establishment"
Blacktip Cafe & Workspace,Mae Haad,Coworking Space,67c19545c7059a51dd786c30,ChIJxyK0YVehVTARvL0TFf4pfXk,Restaurant,OPERATIONAL,,,"restaurant, coworking_space, cafe, food, point_of_interest, establishment"
Bliss Casa,Gili Trawangan,Cafe,6613fb7fd0695b597ed3f3e6,ChIJu4fWv__dzS0RKUNqovkxMiE,Vegetarian Restaurant,OPERATIONAL,,,"vegetarian_restaurant, restaurant, food, point_of_interest, establishment"
Blue Coffee at Agriculture CMU,Suthep,Cafe,67d0057e4db2a5ec5517a61b,ChIJvwv3Wiwx2jAR2HAqPvdSLX4,Cafe,OPERATIONAL,,,"cafe, food, point_of_interest, establishment"
Blue Garage Coworking Space,Lewisham,Coworking Space,6809d00392fd7d3374c629d8,ChIJ3aVmThYDdkgR7Sw0nKvF5zQ,Coworking space,OPERATIONAL,,,"coworking_space, community_center, event_venue, store, manufacturer, service, point_of_interest, establishment"
Blue Light Wine Bar & Bistro,Sairee Beach,Cafe,67c1954413d0ea57bc8b66fa,ChIJqfmk2ub_VDARUgyuFNtlkmA,Bistro,OPERATIONAL,,,"bistro, wine_bar, cocktail_bar, bar, restaurant, food, point_of_interest, establishment"
Boardriders Quiksilver | Ericeira,Central,Cafe,6840bf1fbfd7bd3fee0521fa,ChIJ-yW89AMnHw0RQw-gMNWbwc8,Sporting goods store,OPERATIONAL,,,"fast_food_restaurant, sporting_goods_store, store, restaurant, food, point_of_interest, establishment"
Boheme Canggu,Pererenan,Cafe,65fa86d0e0379bf78d524575,ChIJ84DyXzU50i0R4OoVNCCiH6g,Restaurant,OPERATIONAL,,,"restaurant, food, point_of_interest, establishment"
Bombu Mininu,Mindelo,Cafe,676736d0d39b71a90ae30d5a,ChIJ-ZcNcKQfTwkRbB3z-jO5x-Y,Cafe,OPERATIONAL,,,"cafe, point_of_interest, food, establishment"
Bonanza Coffee Heroes,Prenzlauer Berg,Cafe,67dbb81b06a7e0d321e784e8,ChIJyWdFA_lRqEcRPDXaiTYiPmk,Coffee shop,OPERATIONAL,,,"coffee_shop, cafe, food_store, food, store, point_of_interest, establishment"
Brain Awake,Old City,Cafe,660a66379d538bd994550e86,ChIJ3SA2ej3HxokR3leH3v7JMrg,Wellness Center,OPERATIONAL,,,"wellness_center, health, point_of_interest, establishment"
Brave Roasters - Siam Discovery,Siam,Cafe,674b37a011bf5448aba7531a,ChIJkeZNeM2e4jARcTi2CnQGAbk,Coffee shop,OPERATIONAL,,,"coffee_shop, cafe, food_store, store, food, point_of_interest, establishment"
Bravo Beach Resort Siargao,General Luna,Cafe,67246a3962a5f35d6b0ce43a,ChIJOWDyiBv2AzMRpVvm7y_rqv4,Hotel,OPERATIONAL,YES,"hotel, lodging, resort_hotel","hotel, resort_hotel, sporting_goods_store, store, lodging, restaurant, food, point_of_interest, establishment"
Bread Basket Bakery - Canggu Bali,Canggu,Cafe,67a956456c0cce17d1ff1ad1,ChIJwzQBEtw50i0RMnQpllFb0a4,Bakery,OPERATIONAL,,,"bakery, food_store, food, store, point_of_interest, establishment"
Break Brunch Lisbon,Bica,Cafe,67dbb82a911faea0a7115ce9,ChIJxZRVRMw1GQ0ReaI6chvNj80,Brunch restaurant,OPERATIONAL,,,"brunch_restaurant, breakfast_restaurant, restaurant, food, point_of_interest, establishment"
Brew Garden - Caffe Vergnano 1882,Holborn,Cafe,6809d00284cf6fe0ca12c9ae,ChIJYWkMeUwbdkgRD3JyJDEqCmM,Coffee shop,OPERATIONAL,,,"coffee_shop, cafe, food_store, store, food, point_of_interest, establishment"
Broccoli Revolution Sukhumvit 49,Sukhumvit,Cafe,674b379f040573bdb6420eb0,ChIJuxpP96mf4jARqZPYPN045Xs,Vegan restaurant,OPERATIONAL,,,"vegan_restaurant, vegetarian_restaurant, restaurant, food, point_of_interest, establishment"
Brunch Club Berawa,Berawa,Untagged,65fa86d0e0379bf78d52459e,ChIJnxFCS3pH0i0RE9mJ0v6ZkHA,Cafe,CLOSED_TEMPORARILY,,,"cafe, brunch_restaurant, breakfast_restaurant, dessert_restaurant, western_restaurant, coffee_shop, food_store, family_restaurant, restaurant, food, store, point_of_interest, establishment"
Brunch Club Pererenan,Pererenan,Untagged,65fa86d0e0379bf78d524597,ChIJkfDSHYg50i0RBdXQigmMn54,Cafe,OPERATIONAL,,,"cafe, brunch_restaurant, coffee_shop, family_restaurant, western_restaurant, dessert_restaurant, breakfast_restaurant, food_store, store, restaurant, food, point_of_interest, establishment"
Brunch Spot,General Luna,Cafe,67246a3ae051ce3154cde01b,ChIJ9c7uFI_3AzMRb69qwGF385U,Restaurant,OPERATIONAL,,,"restaurant, brunch_restaurant, breakfast_restaurant, coffee_shop, cafe, cocktail_bar, food_store, food, bar, store, point_of_interest, establishment"
Bubba's Coffee Baan Tai,Baan Tai,Cafe,6784e219668d29537c3df4f0,ChIJpbAG5r79VDARYvFdLxxixRU,Cafe,OPERATIONAL,,,"cafe, coffee_roastery, brunch_restaurant, coffee_shop, breakfast_restaurant, restaurant, point_of_interest, food_store, store, food, establishment"
Bubba's Roastery,Haad Yao,Cafe,6784e2165a861705e48317d4,ChIJLwl5NcABVTARzDSHHb_FpAI,Cafe,OPERATIONAL,,,"cafe, brunch_restaurant, australian_restaurant, coffee_shop, coffee_roastery, breakfast_restaurant, food_store, store, restaurant, food, point_of_interest, establishment"
Bubba's Thong Sala,Thong Sala,Cafe,67a95644a7bf46e2d2ddf70c,ChIJqziIa53_VDARWOfDZiTn79g,Cafe,OPERATIONAL,,,"cafe, australian_restaurant, coffee_roastery, brunch_restaurant, breakfast_restaurant, coffee_shop, food_store, restaurant, food, store, point_of_interest, establishment"
BukitHub,Uluwatu (Ungasan),Coworking Space,660f6e1b44ab603706fd0baa,ChIJ6b-YySdb0i0RdW0lYq-OgHs,Coworking Space,OPERATIONAL,,,"coworking_space, point_of_interest, establishment"
Bull's Coffee,Berawa,Cafe,65fa86d0e0379bf78d5245af,ChIJx36zKPQ50i0R7AIVKuwbbhM,Coffee Shop,OPERATIONAL,,,"coffee_shop, cafe, food_store, food, store, point_of_interest, establishment"
Bull's Coffee Negara,Nagara,Cafe,6809d00bb6b8aaacae652480,ChIJV0E4jGdj0S0RZPEtNvTq7mE,Coffee shop,OPERATIONAL,,,"coffee_shop, cafe, food_store, store, food, point_of_interest, establishment"
Buna Coffee & People,Bica,Cafe,67dbb82a186cec74323abb18,ChIJNwrP1Fc1GQ0Rh_wL-CRnKBQ,Coffee shop,OPERATIONAL,,,"coffee_shop, cafe, food_store, store, food, point_of_interest, establishment"
Buri Siri Cafe & Coworking space,Nimman,Coworking Space,660a6637b397cf1a2392d7ea,ChIJawdhb4g62jARqD6Lf22ED5g,Restaurant,OPERATIONAL,,,"restaurant, point_of_interest, food, establishment"
Bush Radio,Kuta,Cafe,661735cc1a986db2aa2f6974,ChIJc4_VvFupzS0ROOASeBvDQEo,Restaurant,OPERATIONAL,,,"restaurant, coffee_shop, cafe, food_store, store, food, point_of_interest, establishment"
CODOS Coffee Muehlenkamp,Winterhude,Cafe,666b03fb9720d46c38ebbb7b,ChIJG1OunjqJsUcRXa6opBkcc-4,Coffee Shop,CLOSED_PERMANENTLY,,,"coffee_shop, cafe, food_store, store, food, point_of_interest, establishment"
CORE Oldenburg,Oldenburg,Coworking Space,6749620d75224ac4ae447fdf,ChIJweyfWdvftkcRPRoCnjhYAfU,Coworking space,OPERATIONAL,,,"coworking_space, food_court, cafe, event_venue, bar, food, point_of_interest, establishment"
COSP Coworking Space Glashuetten,Glashuetten,Coworking Space,67f8adc66fca3737f5d67517,ChIJgZKPJs-vvUcRWOu2ux_LBWI,Coworking space,OPERATIONAL,,,"coworking_space, point_of_interest, establishment"
CUM Coffee - The Office Thonglor,Thonglor,Cafe,66428dc59256d96271f1d88d,ChIJjSAW7Zaf4jAR8K0f7HXnq2g,Coffee Shop,OPERATIONAL,,,"coffee_shop, cafe, food_store, store, food, point_of_interest, establishment"
Cafe & Bar Celona Oldenburg Innenstadt,Oldenburg,Cafe,6749620e783e16c39adb351c,ChIJaazYogjftkcRDg1MuXlp5AE,Cafe,OPERATIONAL,,,"cafe, breakfast_restaurant, coffee_shop, bar, food_store, restaurant, food, store, point_of_interest, establishment"
Cafe 7Stern,Neubau,Cafe,6676cf053d1ef88b5109e37a,ChIJm4sY640HbUcRuUiF3DNUQ38,Cafe,OPERATIONAL,,,"cafe, food, point_of_interest, establishment"
Cafe Bar Fro,Riva,Cafe,67dbb82d06a7e0d321e78eee,ChIJgwVfrf9dNRMRC_yRa7QYGLQ,Cafe,OPERATIONAL,,,"cafe, food, point_of_interest, establishment"
Cafe Coach,Canggu,Cafe,65fa86d0e0379bf78d524505,ChIJSbHdB9450i0RkjuhGplo8EE,Restaurant,OPERATIONAL,,,"restaurant, breakfast_restaurant, cocktail_bar, food, bar, point_of_interest, establishment"
Cafe Csiga,District 8,Cafe,668b9113ddffc472b7985f54,ChIJ_5BzUV7cQUcR7KfjgvgYzfE,Restaurant,OPERATIONAL,,,"restaurant, food, point_of_interest, establishment"
Cafe De Palma,Palm Jumeirah,Cafe,688cc1e479b1b078b64c5458,ChIJ1RNrfVtrXz4RTrtiOqxInp4,Cafe,OPERATIONAL,,,"cafe, food, point_of_interest, establishment"
Cafe De Paris,Business Bay,Cafe,682f68cd6850d1a8dbefbd1c,ChIJVa79xy5pXz4Rrj9ZfEWL19U,Hookah bar,OPERATIONAL,,,"hookah_bar, steak_house, lounge_bar, breakfast_restaurant, night_club, cafe, bar, french_restaurant, european_restaurant, restaurant, food, point_of_interest, establishment"
Cafe Eiles,Josefstadt,Cafe,66428dc593fa7c845cd1391e,ChIJmfUeQ5QHbUcRLHDmvAAJsHM,Cafe,OPERATIONAL,,,"cafe, food, point_of_interest, establishment"
Cafe Extrablatt Oldenburg,Oldenburg,Cafe,6749620d1eef3246ea2076fe,ChIJk7U3AQfftkcRa5mPlV3sk40,Cafe,OPERATIONAL,,,"cafe, brunch_restaurant, coffee_shop, western_restaurant, cocktail_bar, breakfast_restaurant, bar, food_store, store, restaurant, food, point_of_interest, establishment"
Cafe Faber,Au-Haidhausen,Cafe,66c1ffe60c2b45fe48eea4db,ChIJoQpy04bfnUcRg4R4eDFRM6A,Cafe,CLOSED_TEMPORARILY,,,"cafe, breakfast_restaurant, brunch_restaurant, restaurant, food, point_of_interest, establishment"
Cafe Goldegg,Wieden,Cafe,66781d498854ad6b0ab913b3,ChIJWWvn830HbUcRbrUzChzF55I,Cafe,OPERATIONAL,,,"cafe, food, point_of_interest, establishment"
Cafe Jelinek,Mariahilf,Cafe,6676cf05bc969b0c31a234cd,ChIJz860h4kHbUcRvp4byquVfPY,Cafe,OPERATIONAL,,,"cafe, coffee_shop, food_store, store, food, point_of_interest, establishment"
Cafe Johanna-Hamburg,Neustadt,Cafe,67dbb82505b2a7fae38f7c17,ChIJFTrBwg2PsUcRbfXjxbi8iow,Cafe,OPERATIONAL,,,"cafe, coffee_shop, breakfast_restaurant, food_store, store, restaurant, food, point_of_interest, establishment"
Cafe KIOSK NO3,Kopli,Cafe,67dbb82ea4e8954f6bec6290,ChIJbb3JLmOTkkYRElHmd9Wj104,Cafe,OPERATIONAL,,,"cafe, food, point_of_interest, establishment"
Cafe Knuth,Ottensen,Cafe,6666b1c8833ca0d65274c66f,ChIJuSPj4EqjY0ER98uSYBzxpUg,Cafe,OPERATIONAL,,,"cafe, breakfast_restaurant, coffee_shop, bar, food_store, store, restaurant, food, point_of_interest, establishment"
Cafe Königin 43,Maxvorstadt,Cafe,66c1ffe784c0d0d41f0a43d5,ChIJ4xjOXJR1nkcROhAtCyI_TuY,Breakfast Restaurant,OPERATIONAL,,,"breakfast_restaurant, salad_shop, bar, coffee_shop, cafe, food_store, store, restaurant, food, point_of_interest, establishment"
Cafe Lehel | Coffee | Kaffee | Smoothie,Altstadt-Lehel,Cafe,66c1ffe75673bb6bae94b5d0,ChIJgSwsROh1nkcR-M30zFZJudc,Cafe,OPERATIONAL,,,"cafe, juice_shop, coffee_shop, ice_cream_shop, dessert_shop, supplier, confectionery, food_store, store, food, manufacturer, point_of_interest, establishment"
Cafe Neighbor,Sathon,Cafe,674b379fe281a34da8daf3a1,ChIJreUqADGf4jARJ8gPpRAAkdc,Coffee shop,OPERATIONAL,,,"coffee_shop, cafe, food_store, store, food, point_of_interest, establishment"
Cafe Neustadt,Vinohrady,Cafe,67dbb82d89928f8e5c836d95,ChIJeZugUvKUC0cRP-Vy9kYg2qw,Cafe,OPERATIONAL,,,"cafe, bistro, restaurant, food, point_of_interest, establishment"
Cafe Noina by hematoa,Phloen Chit,Cafe,67dbb819b2bb3bdb73a47445,ChIJMU-tBwCf4jARZnhBeGHuuUA,Cafe,OPERATIONAL,,,"cafe, vegan_restaurant, coffee_stand, coffee_shop, breakfast_restaurant, internet_cafe, storage, vegetarian_restaurant, restaurant, point_of_interest, service, food_store, store, food, establishment"
Cafe Pomegranate,Ubud,Cafe,65fa86d0e0379bf78d5247b8,ChIJx3_FMT890i0RoiKKVRnF-tw,Asian Restaurant,CLOSED_TEMPORARILY,,,"asian_restaurant, breakfast_restaurant, asian_fusion_restaurant, fusion_restaurant, restaurant, food, point_of_interest, establishment"
Cafe Sperl,Mariahilf,Cafe,66795f582608a890b5948de3,ChIJ2XE5E4UHbUcRnNXnuwsVah8,Cafe,OPERATIONAL,,,"cafe, austrian_restaurant, breakfast_restaurant, european_restaurant, restaurant, food, point_of_interest, establishment"
Cafe The Province,Josefstadt,Cafe,67dbb82f3caa81895e3f0fd5,ChIJK3v71JQHbUcRYsN3EHKNtU4,Cafe,OPERATIONAL,,,"cafe, brunch_restaurant, breakfast_restaurant, bar, restaurant, point_of_interest, food, establishment"
Cafe Velez La Floresta,Guapulo,Cafe,682f68ce6a882ae0d3254e9d,ChIJbxXYlWqb1ZERrn8_uTdf65o,Coffee shop,OPERATIONAL,,,"coffee_roastery, coffee_shop, cafe, food_store, food, store, point_of_interest, establishment"
Cafe da Garagem,Castelo,Cafe,67dbb82a504f03ad3bff4d20,ChIJOSikPogzGQ0RjbLAaULrSZ0,Cafe,OPERATIONAL,,,"cafe, coffee_shop, bar, food_store, store, food, point_of_interest, establishment"
Cafe de Koh Phangan,Thong Sala,Cafe,6784e218355e745c2caa6f8f,ChIJES6ISrz9VDARPfovM0Erdgs,,ERROR:404,,,
Cafe del Born,El Born,Cafe,67dbb818d505e94c4326db0c,ChIJPeByD_6ipBIRS6hspV6vfyc,Cafe,OPERATIONAL,,,"cafe, cocktail_bar, coffee_shop, bar, food_store, food, store, point_of_interest, establishment"
Cafe in der Burggasse24,Neubau,Cafe,67dbb83007076504f24862ed,ChIJHwDDQ5IHbUcRx0lrGP_wv7M,Cafe,OPERATIONAL,,,"cafe, food, point_of_interest, establishment"
Cafe:in House,Kampung Baru,Cafe,67c19545a1d76679e89aa920,ChIJW0w7UChIzDERWGflpMgxv20,Breakfast restaurant,OPERATIONAL,,,"breakfast_restaurant, brunch_restaurant, coffee_shop, western_restaurant, italian_restaurant, cafe, american_restaurant, european_restaurant, food_store, store, restaurant, food, point_of_interest, establishment"
Caffe vom See,Margareten,Cafe,67dbb82fee26f6b1058f5fb0,ChIJ7wNGgugHbUcRXqBl3cfmF4g,Cafe,OPERATIONAL,,,"cafe, coffee_roastery, food_store, food, store, point_of_interest, establishment"
Caffeine EE,Telliskivi,Cafe,66f857f0a136d5f5d4f4fc34,ChIJ_aCMZmCTkkYR6JaYq6OrKls,Coffee Shop,OPERATIONAL,,,"coffee_shop, cafe, food_store, food, store, point_of_interest, establishment"
Caffiend,Cairns CBD,Cafe,6809d00c1f2325d5045f6e89,ChIJTbbIzZNmeGkR_N-JS1WXCj8,Cafe,OPERATIONAL,,,"cafe, wine_bar, breakfast_restaurant, bar, restaurant, food, point_of_interest, establishment"
Café Blá - Specialty Coffee Shop,Au-Haidhausen,Cafe,66c1ffe7591c2b56960deea2,ChIJmxcdvXzfnUcRbwzkybwjFGo,Coffee Shop,OPERATIONAL,,,"coffee_shop, cafe, food_store, store, food, point_of_interest, establishment"
Café Culture Coffee,Sairee Beach,Cafe,67c195484f40ee7a8f3d4e17,ChIJj-yTIuyhVTARgtusXgBmQaU,Cafe,OPERATIONAL,,,"cafe, breakfast_restaurant, restaurant, point_of_interest, food, establishment"
Café Encontro,Sal Rei,Cafe,676736cf1a411002707ffd45,ChIJ92mOLdU9SwkRgfWP2JuWAzQ,Cafe,OPERATIONAL,,,"cafe, food, point_of_interest, establishment"
Café Velodome,Phra Nakhon,Cafe,674b37a0d5dd4e12f7834a6d,ChIJ6zNwWwyZ4jARZ5EmnxkG5Lg,Breakfast restaurant,OPERATIONAL,,,"breakfast_restaurant, ice_cream_shop, brunch_restaurant, coffee_shop, cafe, dessert_shop, confectionery, food_store, store, restaurant, food, point_of_interest, establishment"
Café Verde,Mindelo,Cafe,676736d01d037159b010aae8,ChIJ221rtX0fTwkR0Nd9ETYXT-k,Cafe,OPERATIONAL,,,"cafe, food, point_of_interest, establishment"
Camp 308 by IZE,Pererenan,Coworking Space,65fa86d0e0379bf78d5245b7,ChIJS0YdYxw50i0R2yolQvUtplI,Coworking Space,OPERATIONAL,,,"coworking_space, point_of_interest, establishment"
Camp Creative and Meeting Place,Nimman,Cafe,660a66362a8dcb3854441668,ChIJVRYatWE62jARA52IbLWUhPQ,Coworking Space,OPERATIONAL,,,"coworking_space, cafe, food, point_of_interest, establishment"
Canteen Cafe,Canggu,Cafe,65fa86d0e0379bf78d5247bd,ChIJo3HAInw40i0R0zagdSIq9q0,Brunch Restaurant,OPERATIONAL,,,"brunch_restaurant, restaurant, food, point_of_interest, establishment"
Cape Fruit,Santa Maria,Cafe,676736cf89a1188e68236120,ChIJ9S3NzfRbSwkRAnyutMP6a4c,Restaurant,OPERATIONAL,,,"restaurant, point_of_interest, food, establishment"
Carl Ludwig Cafe,Wieden,Cafe,67dbb830ea3ad0a21ebb0aa2,ChIJR97QN_cHbUcRtl5tEBPfKqw,Cafe,OPERATIONAL,,,"cafe, food, point_of_interest, establishment"
Carrot Cafe,Old City,Cafe,660a66360b296d0efa127533,ChIJzd7GKOAUkFQRw2zKExHQSZw,Restaurant,OPERATIONAL,,,"restaurant, cafe, food, point_of_interest, establishment"
Carrot Cafe Koh Phangan,Chaloklum,Cafe,6784e2147b4a753aff29306e,ChIJI4IEJzoCVTARCk9A2NnLEyw,Restaurant,OPERATIONAL,,,"restaurant, food, point_of_interest, establishment"
Casa Independente,Intendente,Cafe,67dbb82bd5406b3628168fdf,ChIJx3N2iIUzGQ0ROsa_StTlgNo,Bar,OPERATIONAL,,,"bar, point_of_interest, establishment"
Ceresia Coffee Roasters,Sukhumvit,Cafe,6668001c89ed7ce9f6a92243,ChIJv4zDUi6f4jAR766B6qCKqX8,Coffee roastery,OPERATIONAL,,,"coffee_roastery, food, point_of_interest, establishment"
Chappies Bar,Gili Trawangan,Cafe,6613fb812294e555467c2e00,ChIJ1YXbatjdzS0RIr3riwEwBBk,Indonesian Restaurant,OPERATIONAL,,,"indonesian_restaurant, restaurant, food, point_of_interest, establishment"
"Chestnut Bakery, Belgravia",Victoria,Cafe,6809d009c6dc5faef1524770,ChIJMcmAWGAFdkgRdlL0s3jyK4g,Bakery,OPERATIONAL,,,"bakery, coffee_shop, cafe, wholesaler, food_store, store, restaurant, food, manufacturer, service, point_of_interest, establishment"
Cinta Berawa,Bali,Untagged,65fa86d0e0379bf78d524586,ChIJubCLsXhH0i0RKZzHHnUTgF8,Restaurant,CLOSED_TEMPORARILY,,,"restaurant, brunch_restaurant, wine_bar, coffee_shop, cafe, live_music_venue, event_venue, bar, food_store, store, food, point_of_interest, establishment"
Clean Hearts Cafe - Old Street,Shoreditch,Cafe,67d0057fbcfbe0e5e5a882a6,ChIJr0MWsHIddkgRUASkBa-R3f0,Coffee shop,OPERATIONAL,,,"coffee_shop, vegan_restaurant, vegetarian_restaurant, brunch_restaurant, cafe, meal_takeaway, food_store, restaurant, food, store, point_of_interest, establishment"
Clear Cafe Canggu,Canggu,Cafe,65fa86d0e0379bf78d524584,ChIJ4yXYSBg50i0R3dQdcyc4C7s,Restaurant,CLOSED_PERMANENTLY,,,"restaurant, vegan_restaurant, vegetarian_restaurant, seafood_restaurant, food, point_of_interest, establishment"
Clear Cafe Ubud,Ubud,Cafe,65fa86d0e0379bf78d5247b6,ChIJuWpfwms90i0RmUc7F9E9hGY,Cafe,OPERATIONAL,,,"cafe, food, point_of_interest, establishment"
Cloud Coffee,Suthep,Cafe,67d0057f2dda61cb90d8e6e3,ChIJAxGhZOM72jARiAMHp1tbGsY,Cafe,OPERATIONAL,,,"cafe, food, point_of_interest, establishment"
Cloudworks El Born,El Born,Coworking Space,6809cff330e33b57847dd468,ChIJNyom1gejpBIREqa2HzwFzgI,Coworking space,OPERATIONAL,,,"coworking_space, point_of_interest, establishment"
Cloudworks La Rambla - Drassanes,La Rambla,Coworking Space,6809cff330e33b57847dd465,ChIJZaH1npejpBIRf5Ms3Un0TuQ,Coworking space,OPERATIONAL,,,"coworking_space, corporate_office, event_venue, point_of_interest, service, establishment"
Cloudworks Sant Antoni,Sant Antoni,Coworking Space,6809cff53d3ee1234b7bd57a,ChIJuR3ZdLCjpBIR-suyWblAs5s,Coworking space,OPERATIONAL,,,"coworking_space, corporate_office, service, point_of_interest, establishment"
Cloudworks Sant Joan,L'Eixample Dreta,Coworking Space,6809cff492fd7d3374c61eda,ChIJDwqFOwCjpBIRIoolIq4NTjs,Coworking space,OPERATIONAL,,,"coworking_space, corporate_office, business_center, point_of_interest, service, establishment"
Clove,Seseh,Cafe,663291465aa0a1ffc93012e0,ChIJn3c_S1M50i0RUkAgeWQGxeo,Restaurant,OPERATIONAL,,,"restaurant, food, point_of_interest, establishment"
CoWorkBude14 - Coworking in Winterhude,Winterhude,Coworking Space,67d81020a75efa94b9d5b19f,ChIJFY1-C7eJsUcROY8pHs79buo,Coworking space,OPERATIONAL,,,"coworking_space, cafe, food, point_of_interest, establishment"
Coastal Grounds Coffee Siargao,General Luna,Cafe,67246a399ec6f0803f1253b0,ChIJdaeoWq8JBDMRZU25FwQ34jU,Coffee Shop,OPERATIONAL,,,"coffee_shop, cafe, food_store, store, food, point_of_interest, establishment"
Coco Cafe & Ice Cream,Gili Trawangan,Cafe,6613fb81f6f34366981baf0f,ChIJW2RmD2vdzS0ROYhFnp7f2n4,Coffee Shop,OPERATIONAL,,,"coffee_shop, cafe, food_store, store, food, point_of_interest, establishment"
Coco Space,General Luna,Coworking Space,6809d00d1f2325d5045f6fe1,ChIJU3SNJJQJBDMRBP3vtCh_pFc,Coworking space,OPERATIONAL,,,"coworking_space, point_of_interest, establishment"
Coconut Monkey,Mae Haad,Cafe,67c195445a754d8053648232,ChIJ80Cv1I-hVTARcJ-39nMbTBU,Cafe,OPERATIONAL,,,"cafe, food, point_of_interest, establishment"
Code Space Coworking Space,Fa Ham,Coworking Space,67dbb81ea4e8954f6bec5811,ChIJe_HTM9Q62jAR-Coi2WZlWFw,Coworking space,OPERATIONAL,,,"coworking_space, cafe, food, point_of_interest, establishment"
Coffee & Thyme Gili Trawangan,Gili Trawangan,Cafe,6613fb7fc72435975960ab0a,ChIJk_S2yQLdzS0RrqqnOOUmPQo,Coffee Shop,OPERATIONAL,,,"coffee_shop, cafe, food_store, restaurant, food, store, point_of_interest, establishment"
Coffee Box,Au-Haidhausen,Cafe,66c1ffe8234911f96b0e72ba,ChIJL21y9fd1nkcRJw71SinaOMw,Coffee Shop,OPERATIONAL,,,"coffee_shop, cafe, food_store, food, store, point_of_interest, establishment"
Coffee Corner Bakery Machova,Vinohrady,Cafe,67dbb82de400d4eb3b3db69a,ChIJqT8AlOeVC0cRgR99VheI_bU,Coffee shop,OPERATIONAL,,,"coffee_shop, cafe, food_store, food, store, point_of_interest, establishment"
Coffee Fellows Leopoldstrasse,Schwabing,Cafe,66c1ffe8a3d76f74288c3e4a,ChIJdaCi6rh1nkcRu81IhMVLfsE,Cafe,OPERATIONAL,,,"cafe, coffee_shop, food_store, store, restaurant, food, point_of_interest, establishment"
Coffee Fellows Tal,Altstadt-Lehel,Cafe,66c1ffe8c2f1bc92ad2e4c8f,ChIJYe5tiol1nkcROeMOKBlYNKs,Cafe,OPERATIONAL,,,"cafe, coffee_shop, food_store, store, restaurant, food, point_of_interest, establishment"
Coffee Island,Covent Garden,Cafe,6809cffdc6ebe3071526fc39,ChIJMyWOCs0EdkgR36UVVdRiiv0,Coffee shop,OPERATIONAL,,,"coffee_shop, cafe, food_store, store, food, point_of_interest, establishment"
Coffee Junction,Shoreditch,Cafe,6809d0078141cc203339b77d,ChIJo7RVm6YcdkgRM0PBHWoYhqg,Coffee shop,OPERATIONAL,,,"coffee_shop, beer_garden, breakfast_restaurant, cafe, sandwich_shop, bar, food_store, store, restaurant, food, point_of_interest, establishment"
Coffee Shop Berawa,Berawa,Cafe,665ed1a5ef98fb50f4c1e618,ChIJwcJ-jYFH0i0R9IzvMUCDe90,Cafe,CLOSED_PERMANENTLY,,,"cafe, salad_shop, coffee_shop, food_store, restaurant, food, store, point_of_interest, establishment"
Coffee U-Boot,Mariahilf,Cafe,67dbb82f3d9e84649e43f9b9,ChIJxUn9vFcHbUcRnMpoyqWlfi0,Coffee shop,OPERATIONAL,,,"coffee_shop, cafe, food_store, store, food, point_of_interest, establishment"
Coffee Wake,Silom,Cafe,677bc82c58bee706e157829d,ChIJyycnZNaZ4jARtO0Wv11d8oQ,Coffee shop,OPERATIONAL,,,"coffee_shop, cafe, food_store, store, food, point_of_interest, establishment"
CoffeePirates,Alsergrund,Cafe,6676cf06a5d1c33e1116d564,ChIJ3a8QIcEHbUcRr8y9lFyb1Hw,Cafe,OPERATIONAL,,,"cafe, food, point_of_interest, establishment"
Coffeeology,Phloen Chit,Cafe,674b37a0fbc7383b4c994dee,ChIJlftxYNue4jARPUSAHylrrII,Cafe,CLOSED_PERMANENTLY,,,"cafe, food, point_of_interest, establishment"
Colabo Cafe,Uluwatu (Jimbaran),Cafe,65fa86d0e0379bf78d5247a2,ChIJ-5V_9-ZE0i0R25rWoEfCByY,Cafe,OPERATIONAL,,,"cafe, asian_restaurant, western_restaurant, restaurant, food, point_of_interest, establishment"
Collaborative One - Flexible Workspaces,South Croydon,Coworking Space,6809d0088d21fca2437b87ca,ChIJ5S4OwygHdkgR8czZcifVFI0,Business center,OPERATIONAL,,,"business_center, coworking_space, corporate_office, real_estate_agency, event_venue, point_of_interest, service, establishment"
Comeet Creative Space,Heraklion,Coworking Space,66e7cd8f8930475289ccbf9e,ChIJqcBkyIBZmhQRVDLNIzprqR8,Coworking Space,CLOSED_PERMANENTLY,,,"coworking_space, point_of_interest, establishment"
Common,Clapham,Cafe,6809cffc8b8009b34b39fa8a,ChIJs2RUpO0FdkgRr3MJ9wkveDU,Cafe,OPERATIONAL,,,"cafe, wine_bar, gift_shop, cocktail_bar, bar, store, food, point_of_interest, establishment"
Common Ground Central World,Siam,Coworking Space,674b37a3db75f1b2a4159b8a,ChIJxx7J-bWd4jARo06iEgppJY8,Coworking space,OPERATIONAL,,,"coworking_space, point_of_interest, establishment"
Common Ground G Tower,Huai Khwang,Coworking Space,674b37a3464b231db2ce0b5c,ChIJO-oki6if4jAR_37BSKeGehs,Coworking space,OPERATIONAL,,,"coworking_space, point_of_interest, establishment"
Common Ground Ploenchit,Phloen Chit,Coworking Space,674b37a36541130c2bea46ed,ChIJSUbUzQSf4jARHUTqMpT8Zog,Coworking space,OPERATIONAL,,,"coworking_space, point_of_interest, establishment"
Common Ground by Spacemade,Wimbledon,Coworking Space,67d52fb0794483edbf42d273,ChIJMczi5_UJdkgRFKvr4QiXXng,Real estate agency,OPERATIONAL,,,"real_estate_agency, point_of_interest, service, establishment"
Common Grounds Coffee,Wok Tum,Cafe,6784e21854282d61143163f3,ChIJ05Vl6kv9VDAR6EQoL0pxAHo,Coffee shop,OPERATIONAL,,,"coffee_shop, cafe, food_store, store, food, point_of_interest, establishment"
Comoba,Cais do Sodre,Cafe,663e5f599ac03722a769ae5b,ChIJs9A-wr81GQ0RQO_3iV_ZtXU,Cafe,OPERATIONAL,,,"cafe, coffee_shop, food_store, store, food, point_of_interest, establishment"
Cookies Cafe,Srithanu,Cafe,6784e215cac506bc5144d480,ChIJHyZMCt8BVTARIX1f6_g4Dy0,Coffee shop,OPERATIONAL,,,"coffee_shop, cafe, food_store, store, food, point_of_interest, establishment"
CoolMuang Coffee,Old City,Cafe,660a6635f34b5aa2d29f0d68,ChIJm_jLTqI62jARxMmgL2nWfvo,Cafe,OPERATIONAL,,,"cafe, coffee_shop, food_store, store, food, point_of_interest, establishment"
Copenhagen Coffee Lab - Santa Clara,Santa Clara,Cafe,663e5f5923b1080c14f756bd,ChIJDTth7IozGQ0R9u8sSW43M2I,Cafe,OPERATIONAL,,,"cafe, cake_shop, coffee_roastery, breakfast_restaurant, coffee_shop, bakery, food_store, wholesaler, manufacturer, restaurant, food, store, point_of_interest, service, establishment"
Copenhagen Coffee Lab Winterhude,Winterhude,Cafe,666b03fb5273cee26e6d2740,ChIJtbo_njmJsUcRv4rDtS4jx0U,Coffee Shop,OPERATIONAL,,,"coffee_shop, cafe, food_store, store, food, point_of_interest, establishment"
Cotidiano - Chiado,Baixa,Cafe,67dbb82a9b9a7bd5d4e4f72d,ChIJL7dqrpU1GQ0RgWvIgomudCY,Brunch restaurant,OPERATIONAL,,,"brunch_restaurant, coffee_shop, cafe, food_store, restaurant, food, store, point_of_interest, establishment"
Cotton Tree Coffee Roasters,Nimman,Cafe,67dbb81fc24274cca94b2294,ChIJ898yEWA62jARgaE_MHll7sA,Cafe,OPERATIONAL,,,"cafe, food, point_of_interest, establishment"
Counting Sheep Corner,Sukhumvit,Cafe,674b37a0a04f12f57f48cbc5,ChIJWTOFU66f4jARouEsaZ6ngNI,Restaurant,OPERATIONAL,,,"restaurant, food, point_of_interest, establishment"
Cowork Funchal,Funchal,Coworking Space,664fb8980d7d14d3e11a8b66,ChIJ0U8-UQhgYAwR2SPRJKP_amc,Coworking Space,OPERATIONAL,,,"coworking_space, real_estate_agency, service, event_venue, point_of_interest, establishment"
Coworking Space H24,Thong Sala,Coworking Space,6784e210f5ed5087d887b1f7,ChIJPQGcmiv9VDARoGzrXpvkQOs,Coworking space,OPERATIONAL,,,"coworking_space, internet_cafe, coffee_shop, cafe, food_store, store, food, service, point_of_interest, establishment"
Coworking Space Ponta do Sol,Ponta do Sol,Coworking Space,67d65594a76aa2b2afaadf8d,ChIJTa-2R21XYAwR_Wc9aLkg_Zk,Coworking space,OPERATIONAL,,,"coworking_space, point_of_interest, establishment"
Coworking at Meraki Market Cafe,Chloraka,Coworking Space,67dbb82cd505e94c4326f037,ChIJJ3PhYDYH5xQRkpPPKY3XcIY,Coworking space,OPERATIONAL,,,"coworking_space, internet_cafe, service, point_of_interest, establishment"
Coworking at Sunset Hill Resort,Srithanu,Coworking Space,6784e20fcac506bc5144cfaf,ChIJQedo_ov9VDARR01xNy2Hsys,Coworking space,CLOSED_TEMPORARILY,,,"coworking_space, internet_cafe, restaurant, food, point_of_interest, service, establishment"
Cozi Cafe And Bar,Sukhumvit,Cafe,674b37a08577b80adfa59282,ChIJy5MjCT2f4jARDkeF7gr_dgs,Coffee shop,OPERATIONAL,,,"coffee_shop, cafe, food_store, store, food, point_of_interest, establishment"
Craft,Lumphini,Cafe,674b37a41d78a6be7f43d179,ChIJQSpPi9Gf4jARJIoCM1AOlfc,Cafe,OPERATIONAL,,,"cafe, food, point_of_interest, establishment"
Cremositos Boavista,Sal Rei,Cafe,676736cf874353655e293f75,ChIJnYUNRCk9SwkRPr762hbU19Q,Ice cream shop,OPERATIONAL,,,"ice_cream_shop, dessert_shop, confectionery, food_store, food, store, point_of_interest, establishment"
Cuppa Espresso Bar,Uluwatu (Ungasan),Cafe,65fa86d0e0379bf78d5247a3,ChIJP2eY1cxE0i0Ri9SZhCIPZKE,Coffee Shop,OPERATIONAL,,,"coffee_shop, brunch_restaurant, breakfast_restaurant, cafe, food_store, restaurant, food, store, point_of_interest, establishment"
Curfew Restaurant and Beer Garden,Kuta,Cafe,66d7e9babab9945648a84f14,ChIJGfAxJU2pzS0RByL3aqYWqLE,Restaurant,OPERATIONAL,,,"restaurant, coffee_shop, beer_garden, cafe, bar, food_store, store, food, point_of_interest, establishment"
Curva Cafe,Graca,Cafe,67dbb82b9d7b9f1af5e4fb09,ChIJf8d1rdczGQ0RJ-oOips9mds,Cafe,OPERATIONAL,,,"cafe, brunch_restaurant, breakfast_restaurant, art_gallery, coffee_shop, bar, food_store, store, restaurant, food, point_of_interest, establishment"
D16 Coffee,Diocletian's Palace,Cafe,67dbb82d90548257c388ed5e,ChIJm1gxIv5dNRMRrA1i0tWyp8M,Cafe,OPERATIONAL,,,"cafe, coffee_shop, food_store, store, food, point_of_interest, establishment"
DEOS Coworking,Canggu,Coworking Space,67ba680ec6e7b846dc15ffa4,ChIJYRocrIw50i0RQ7nCFvV2o8g,Coworking space,OPERATIONAL,,,"coworking_space, point_of_interest, establishment"
Daily Hub - Cafe & Co Work,Kerobokan,Cafe,660f6e1bc567e77fd0c49351,ChIJZddSvpVH0i0ReMVTrf07mVU,Cafe,OPERATIONAL,,,"cafe, food, point_of_interest, establishment"
Danasol - Eatery Cafe Workspace,Da Nang,Cafe,6666b048f8fc2b590fb950c6,ChIJFXcbvUUXQjERyyk7pzfqGmE,Brunch Restaurant,OPERATIONAL,,,"brunch_restaurant, coworking_space, breakfast_restaurant, coffee_shop, cafe, western_restaurant, food_store, store, restaurant, food, point_of_interest, establishment"
Dark Roast Cafe,Colombo 4,Cafe,67c19547e8f05799118c74cb,ChIJD90Uvedb4joRk6pn9yR59QI,Coffee shop,CLOSED_PERMANENTLY,,,"coffee_shop, cafe, food_store, store, food, point_of_interest, establishment"
DeBru Craft Beer,Picoas,Cafe,67dbb82b68b145495a7cd5f3,ChIJ0dwkyKIzGQ0RtTdkU7sSt94,Bar,CLOSED_PERMANENTLY,,,"bar, cultural_center, liquor_store, event_venue, wholesaler, store, point_of_interest, service, establishment"
Dear Breakfast Bica,Bica,Cafe,663e5f59a0f8e5b78189a85f,ChIJ_1gebYs1GQ0RcNYOzPpFICE,Brunch Restaurant,OPERATIONAL,,,"brunch_restaurant, breakfast_restaurant, restaurant, food, point_of_interest, establishment"
Dear Cafe,Khlong San,Cafe,6760cb2ae4a85d59b97c32b9,ChIJnURH9OOZ4jARG0fPxAJt4JU,Coffee shop,OPERATIONAL,,,"coffee_shop, cafe, food_store, food, store, point_of_interest, establishment"
Dear Rose Cafe,Central,Cafe,682f68cdb474326072435878,ChIJj00gne4nHw0Rn5kfNwsIgw4,Coffee shop,OPERATIONAL,,,"coffee_shop, cafe, food_store, store, restaurant, food, point_of_interest, establishment"
Deep Sii - 57A Le Loi,Hai Chau,Cafe,67c19542b79a4084f67bc313,ChIJa_ghXnAXQjERmcROwQaw1q0,Coffee shop,CLOSED_PERMANENTLY,,,"coffee_shop, cafe, food_store, store, food, point_of_interest, establishment"
Deli Devi,Srithanu,Cafe,6784e216eaef01228e1bb4f4,ChIJp1YGc7H_VDARLETa3ynBrv0,Vegan restaurant,OPERATIONAL,,,"vegan_restaurant, vegetarian_restaurant, food_store, store, restaurant, food, point_of_interest, establishment"
Design District Coworking,Greenwich Peninsula,Coworking Space,6809cfff79bb466f4f651aa9,ChIJoaVQy_Wp2EcRhPeEABBkTLM,Business center,OPERATIONAL,,,"business_center, event_venue, restaurant, food, point_of_interest, service, establishment"
Designers Hub Coworking,District 7,Coworking Space,67dbb8283caa81895e3f0cf2,ChIJgdusBs0ldTERuwpeMGJ14mE,Coworking space,OPERATIONAL,,,"coworking_space, point_of_interest, establishment"
Die Diele Coworking Space & Hangout,Ottensen,Coworking Space,67d81020a8225578775ef25e,ChIJVVX50ZGFsUcRgPfOf3kz-II,Coworking space,OPERATIONAL,,,"coworking_space, point_of_interest, establishment"
Ditta Artigianale Riva d'Arno Florence,Florence,Cafe,66ddd4c0fa9ffe666938b549,ChIJ9QH7iSNXKhMRGmdI54yAxwY,Cafe,OPERATIONAL,,,"cafe, coffee_roastery, brunch_restaurant, breakfast_restaurant, coffee_shop, food_store, restaurant, food, store, point_of_interest, establishment"
Dng.coffee,Da Nang,Cafe,6666b048ec480c4d81649b60,ChIJO7l-RdwZQjERNj5fr2VyZ9Y,Coffee Shop,OPERATIONAL,,,"coffee_shop, food_store, cafe, restaurant, food, point_of_interest, store, establishment"
Dome Lombok & Restaurant,Gerupuk,Cafe,661b191fca5426d279065b23,ChIJ8TZuYaMBzS0RpRa3_LN4aZc,Restaurant,OPERATIONAL,YES,"hotel, lodging","restaurant, hotel, lodging, food, point_of_interest, establishment"
Doppio,Canggu,Cafe,65fa86d0e0379bf78d524589,ChIJt3TwqKFG0i0RnC655q8-6X4,Cafe,OPERATIONAL,,,"cafe, coffee_shop, food_store, store, food, point_of_interest, establishment"
Doppio Coffee Warehouse Battersea,Battersea,Cafe,6809cff72aa4ba2c3edffb0f,ChIJD93d1p0FdkgR_FTnB9PKvr0,Coffee shop,OPERATIONAL,,,"coffee_shop, cafe, wholesaler, supplier, food_store, store, food, service, point_of_interest, establishment"
Dorado Cafe,District 7,Cafe,668b8ee9693ce0961bc84f1f,ChIJd3QximjcQUcRWDu3p4iGf1A,Cafe,OPERATIONAL,,,"cafe, wine_bar, coffee_shop, breakfast_restaurant, bar, food_store, store, restaurant, food, point_of_interest, establishment"
Dot Cafe,Kesklinn,Cafe,67dbb82efd6d8320609aad81,ChIJv1SLVxKVkkYRJdJBKvZUnPU,Cafe,OPERATIONAL,,,"cafe, food, point_of_interest, establishment"
Dots Coffee,Thong Sala,Cafe,6784e2108eab5b56e37402fe,ChIJofG8a37-VDARunXw041Pw_g,Cafe,OPERATIONAL,,,"cafe, food, point_of_interest, establishment"
Downtown,Kedungu,Cafe,663291471cab4554c2878fce,ChIJOQjvnmE50i0RJIKxjkIn9js,Restaurant,OPERATIONAL,,,"restaurant, food, point_of_interest, establishment"
Draftboard MBK Center,Siam,Coworking Space,674b37a331a2fd6ff89b763c,ChIJIQDC03Gf4jARokZmQtT-jG4,Coworking space,OPERATIONAL,,,"coworking_space, point_of_interest, establishment"
Draper,Canggu,Cafe,65fa86d0e0379bf78d5245a3,ChIJPSz7pOE40i0Rx8lX8RG1nDM,Hostel,CLOSED_PERMANENTLY,YES,"hostel, lodging","hostel, coworking_space, lodging, point_of_interest, establishment"
Dream Cowork Hotel Lombok,Kuta,Coworking Space,6619cfabccb74532b4537edb,ChIJhb11Z9SpzS0R1gd5XwhJEG0,Hotel,OPERATIONAL,YES,"hotel, lodging","hotel, coworking_space, swimming_pool, bar, tour_agency, travel_agency, sports_activity_location, lodging, service, restaurant, food, point_of_interest, establishment"
Driftwood Cafe,Selong Belanak,Cafe,6619cfab6754354f62add829,ChIJW5P5SUSnzS0R5rZfBPM4SFk,Restaurant,OPERATIONAL,,,"restaurant, food, point_of_interest, establishment"
DuaTiga,Bali,Untagged,65fa86d0e0379bf78d524585,ChIJc0G02ihH0i0RUxpiY3cjxDE,Cafe,CLOSED_PERMANENTLY,,,"cafe, coffee_shop, food_store, store, food, point_of_interest, establishment"
EasyLife Campus,Godellawela,Cafe,682f68cd609c7f75894b2082,ChIJTWnYn5NL4ToRj_nHkqA4f6U,Restaurant,CLOSED_TEMPORARILY,,,"restaurant, food, point_of_interest, establishment"
Eclektic Space I Coworking Poblenou,Poblenou,Coworking Space,6809cff43edc9df7affd0400,ChIJ_2K-76KjpBIRM7OyhK_OWto,Coworking space,OPERATIONAL,,,"coworking_space, point_of_interest, establishment"
El Café de Acá,Ycua Sati,Cafe,68a2fa2903f08bf14606d2f6,ChIJEQUXfHupXZQRQfIYIRlHRmk,Coffee shop,OPERATIONAL,,,"coffee_shop, cafe, food_store, store, food, point_of_interest, establishment"
Eleven 11:11 Eleven,Barmbek,Cafe,6666b0c9475bacb265fd9237,ChIJm4_RTgCPsUcRzdkG-qyUzvg,Brunch Restaurant,OPERATIONAL,,,"brunch_restaurant, breakfast_restaurant, coffee_shop, cafe, food_store, restaurant, food, store, point_of_interest, establishment"
Elmtree by Spacemade,Marylebone,Coworking Space,67d52fb283c0ed0c6c8cfe67,ChIJ-6dccP0bdkgRRBtVSGOYk4o,Real estate agency,OPERATIONAL,,,"coworking_space, real_estate_agency, point_of_interest, service, establishment"
Empress Coffee,Neubau,Cafe,6676cf062a6f276c22680660,ChIJZ0kKZAAttokREoe8MTjSbIw,Coffee Shop,OPERATIONAL,,,"coffee_shop, beer_garden, wine_bar, pizza_restaurant, cafe, cocktail_bar, bakery, food_store, bar, store, restaurant, food, point_of_interest, establishment"
Engelnest Coworking Space and Event Venue,Schoeneberg,Coworking Space,6809cff51f2325d5045f5e8c,ChIJXfG2Ok5RqEcRRYDQYLIIqrU,Coworking space,OPERATIONAL,,,"coworking_space, event_venue, point_of_interest, establishment"
Enosta Space - Coworking & Coliving Space - An Nhon 3,An Hai Bac,Coworking Space,67dbb822e400d4eb3b3dafa6,ChIJsTIQVPwZQjERisX0ymdzD2E,Coworking space,OPERATIONAL,YES,lodging,"coworking_space, real_estate_agency, event_venue, lodging, service, point_of_interest, establishment"
Escape Cafe,Long Beach,Cafe,67d509db7e2b022278f5098c,ChIJSZPzok8DTjARhH-gnWYr9lg,Cafe,OPERATIONAL,,,"cafe, food, point_of_interest, establishment"
Espai Born,El Born,Coworking Space,6809cff3ea423d76c26e7c7c,ChIJXU8RyP6ipBIRHyf0iEf5d_8,Coworking space,CLOSED_PERMANENTLY,,,"coworking_space, business_center, dance_hall, local_government_office, event_venue, government_office, service, point_of_interest, establishment"
Espresso Embassy,District 5,Cafe,67dbb81da4e8954f6bec5737,ChIJGyzE_xTcQUcRlvjbtChDLtU,Coffee shop,OPERATIONAL,,,"coffee_shop, cafe, food_store, store, food, point_of_interest, establishment"
Espresso House Gertigstrasse,Winterhude,Cafe,67dbb82605b2a7fae38f7d3c,ChIJd8k_LLeJsUcRzkulY9OyvVE,Cafe,OPERATIONAL,,,"cafe, food, point_of_interest, establishment"
Eurana Cafe & Restaurant,Old City,Cafe,67dbb8215990780b5fce6db0,ChIJ_____-852jAROT66xa178ys,Coffee shop,OPERATIONAL,,,"coffee_shop, cafe, food_store, restaurant, food, store, point_of_interest, establishment"
Expat Roasters,Seminyak,Cafe,65fa86d0e0379bf78d5245b2,ChIJDRlg6xBH0i0RlYWXx9y2B4s,Coffee Shop,OPERATIONAL,,,"coffee_shop, pastry_shop, sandwich_shop, coffee_roastery, juice_shop, cafe, dessert_shop, bakery, confectionery, food_store, meal_takeaway, store, restaurant, food, point_of_interest, establishment"
FLOW Workspace,Sanur,Coworking Space,67f8adc654fe9b4f221d44d6,ChIJZdI3635B0i0RG_dHMtwAYM4,Coworking space,OPERATIONAL,,,"coworking_space, point_of_interest, establishment"
FULL-FILL Cafe Vegetarian,Klong Nin,Cafe,67d509db1816368273e4f87c,ChIJeXkZin8FTjARjGFZ_541R70,Coffee shop,CLOSED_TEMPORARILY,,,"coffee_shop, breakfast_restaurant, vegan_restaurant, vegetarian_restaurant, cafe, food_store, store, restaurant, food, point_of_interest, establishment"
FWD:Coffee - Farringdon Rd,Farringdon,Cafe,6809cffe3d3ee1234b7bd9ed,ChIJCzWXnyQbdkgRDJHCYQJRoZ8,Coffee shop,OPERATIONAL,,,"coffee_shop, cafe, food_store, store, food, point_of_interest, establishment"
FWD:Coffee - Whitecross St,Old Street,Cafe,6809d0057e404065049f6ec4,ChIJCZ6sL6gcdkgRUYtjTynrh5I,Coffee shop,OPERATIONAL,,,"coffee_shop, cafe, point_of_interest, food_store, store, food, establishment"
Fabrica Coffee Roasters - Pena,Baixa,Cafe,67dbb82a9d7b9f1af5e4fabc,ChIJM9Q0OYEzGQ0R_mfBu1Aml5U,Coffee roastery,OPERATIONAL,,,"coffee_roastery, brunch_restaurant, coffee_shop, cafe, cafeteria, pastry_shop, bakery, dessert_shop, confectionery, restaurant, point_of_interest, food_store, store, food, establishment"
Federal Palma,Palma,Cafe,671a2069df76804d23b3534c,ChIJoxnma2CTlxIR88gdvZi4kPU,Brunch Restaurant,OPERATIONAL,,,"brunch_restaurant, coffee_shop, cafe, food_store, restaurant, food, store, point_of_interest, establishment"
Feeka Coffee Roasters,Bukit Bintang,Cafe,664d020123feb877d95564c8,ChIJoZHXWCo2zDERg8ElLFMydz4,Coffee roastery,OPERATIONAL,,,"coffee_roastery, breakfast_restaurant, cafe, restaurant, food, point_of_interest, establishment"
Fekete,District 5,Cafe,668b8ee8a2ac86b35a9455f3,,,NOT_FOUND,,,
Fern Forest Cafe,Old City,Cafe,67dbb820e95b63f8187e0a90,ChIJ2xINj5o62jARvGTpW7fWjts,Cafe,OPERATIONAL,,,"cafe, cake_shop, coffee_shop, bakery, manufacturer, food_store, wholesaler, store, food, point_of_interest, service, establishment"
Fika Cafe Telliskivi,Telliskivi,Cafe,66cf5711344f70f9f2b749a2,ChIJxXOn8C-TkkYRAzQbhYfk3U0,Cafe,OPERATIONAL,,,"cafe, food, point_of_interest, establishment"
Five30 Cafe,Canggu,Cafe,6725a28e4e06a595785f5a23,ChIJG12Rb_w50i0RVHCUPa5EK84,Cafe,OPERATIONAL,,,"cafe, coffee_shop, food_store, store, restaurant, food, point_of_interest, establishment"
Flat+White Cafe,Thonglor,Cafe,674b37a08f6a3b8d67dbed68,ChIJ8cutYayf4jARnnr1olHN2bE,Cafe,OPERATIONAL,,,"cafe, food, point_of_interest, establishment"
Flow Cafe & Eatery,Haad Salad,Cafe,6784e215cc89dd1a71be7d7b,ChIJ-8Mi1WgBVTARt_qUYOwWMAg,Coffee shop,OPERATIONAL,,,"coffee_shop, cafe, food_store, store, food, point_of_interest, establishment"
Flow Specialty Coffee Bar & Bistro,District 6,Cafe,67dbb81d0a49e102711f638a,ChIJsWzyeojdQUcR801h7ozTqDY,Vegan restaurant,CLOSED_PERMANENTLY,,,"vegan_restaurant, bistro, vegetarian_restaurant, coffee_shop, cafe, food_store, store, restaurant, food, point_of_interest, establishment"
Foods & Roots,Chaloklum,Cafe,6784e214dbc183768451cd90,ChIJX9a-YlcDVTARkb9qD_f_tLA,Vegan restaurant,OPERATIONAL,,,"vegan_restaurant, vegetarian_restaurant, restaurant, food, point_of_interest, establishment"
Footprint Cafes,Srithanu,Cafe,6784e2119557868af88b3205,ChIJIU9LyMj9VDAReBVKp-HW_SE,Cafe,CLOSED_PERMANENTLY,,,"cafe, coffee_shop, coworking_space, thai_restaurant, breakfast_restaurant, parking, event_venue, sports_activity_location, transportation_service, book_store, food_store, store, restaurant, food, point_of_interest, establishment"
Fora - 133 Whitechapel High Street,Whitechapel,Coworking Space,67d005782b0f8cde8c058153,ChIJkYaZKksDdkgR63q4ENoxEK8,Real estate agency,OPERATIONAL,,,"coworking_space, real_estate_agency, point_of_interest, service, establishment"
Fora - 180 Borough High Street,London Bridge,Coworking Space,67d0057aaf08fe56f2775bd0,ChIJm_9vhlgDdkgR7PXgQdGoKQA,Real estate agency,OPERATIONAL,,,"coworking_space, real_estate_agency, event_venue, service, point_of_interest, establishment"
Fora - 19 Eastbourne Terrace,Paddington,Coworking Space,67d005755d875e92236fb5e6,ChIJK2BsAK0adkgRzrQ-En3khuU,Real estate agency,OPERATIONAL,,,"coworking_space, real_estate_agency, service, point_of_interest, establishment"
Fora - 2 Stephen Street,Fitzrovia,Coworking Space,67d0057dea314b1109ec32b6,ChIJyQJWUiwbdkgR5R38h0Aa_2I,Real estate agency,OPERATIONAL,,,"coworking_space, real_estate_agency, point_of_interest, service, establishment"
Fora - 20 Eastbourne Terrace,Paddington,Coworking Space,67d00575dd12d83f886e1de0,ChIJhSX-HK0adkgR8J4qMB99xKo,Real estate agency,OPERATIONAL,,,"coworking_space, real_estate_agency, service, point_of_interest, establishment"
Fora - 201 Borough High Street,London Bridge,Coworking Space,67d0057be660a8c7f2a6d5be,ChIJb6rOnFgDdkgRGyW7fINX0Fc,Real estate agency,OPERATIONAL,,,"coworking_space, real_estate_agency, point_of_interest, service, establishment"
Fora - 210 Euston Road,King's Cross,Coworking Space,67d0057b2ab4ba62f9fb68a0,ChIJg-hukvUbdkgRcS1a1Hl3_Yk,Real estate agency,OPERATIONAL,,,"coworking_space, real_estate_agency, event_venue, service, point_of_interest, establishment"
Fora - 22 Berners Street,Fitzrovia,Coworking Space,67d0057eac035010a7c1bcfc,ChIJi-OU9lkbdkgRRsUDw2P9t3Q,Real estate agency,OPERATIONAL,,,"business_center, real_estate_agency, service, point_of_interest, establishment"
Fora - 22 Manchester Square,Marylebone,Coworking Space,67d00577320a6853fc55bceb,ChIJF2SZhtIadkgR7_BogH_T5Aw,Real estate agency,CLOSED_PERMANENTLY,,,"business_center, real_estate_agency, service, point_of_interest, establishment"
Fora - 24 Greville Street,Farringdon,Coworking Space,67d0057c2055896bf9a6f425,ChIJmUBU900bdkgRQImVoSpYL7o,Real estate agency,OPERATIONAL,,,"business_center, real_estate_agency, point_of_interest, service, establishment"
Fora - 24/25 The Shard,London Bridge,Coworking Space,67d0057a5133d82f182d5106,ChIJHzDiLjYDdkgRv3cLDH4uzpo,Real estate agency,OPERATIONAL,,,"business_center, real_estate_agency, event_venue, service, point_of_interest, establishment"
Fora - 241 Southwark Bridge Road,London Bridge,Coworking Space,67d0057aaf08fe56f2775b83,ChIJJ0ySZxAFdkgRAfV4uPeHeEg,Real estate agency,OPERATIONAL,,,"coworking_space, real_estate_agency, event_venue, service, point_of_interest, establishment"
Fora - 42 Berners Street,Fitzrovia,Coworking Space,67d0057de660a8c7f2a6d713,ChIJT-46If4bdkgR9PHJBEtlAJc,Real estate agency,OPERATIONAL,,,"business_center, event_venue, real_estate_agency, point_of_interest, service, establishment"
Fora - 50 Liverpool Street,Liverpool Street,Coworking Space,67d005785274b807cfa79c5b,ChIJK66jhbIcdkgRKTSJGBXrwEQ,Real estate agency,OPERATIONAL,,,"business_center, real_estate_agency, point_of_interest, service, establishment"
Fora - 7 Stratford Place,Mayfair,Coworking Space,67d00577625cd4a1e0118418,ChIJHa4KLdMadkgRd2tdIVxt1oM,Real estate agency,OPERATIONAL,,,"business_center, real_estate_agency, service, point_of_interest, establishment"
Fora - 81 Rivington Street,Shoreditch,Coworking Space,67d0057acff59196e045ad23,ChIJFduUY7ocdkgRxnTfSFvcbeQ,Real estate agency,OPERATIONAL,,,"business_center, real_estate_agency, event_venue, service, point_of_interest, establishment"
Fora - 91 Wimpole Street,Marylebone,Coworking Space,67d005776814cd699c94f843,ChIJP1xcZ9MadkgRYs30L-QPS4c,Real estate agency,OPERATIONAL,,,"coworking_space, event_venue, real_estate_agency, point_of_interest, service, establishment"
Fora - Albert House,Shoreditch,Coworking Space,67d0057a6c16189eb742ced3,ChIJi45pgqUcdkgRXectoez_4uM,Real estate agency,OPERATIONAL,,,"business_center, real_estate_agency, event_venue, service, point_of_interest, establishment"
Fora - Belle House,Victoria,Coworking Space,67d005773ea7a2ae91220355,ChIJw-hSpCAFdkgRw5tCPFasLQI,Coworking space,OPERATIONAL,,,"coworking_space, real_estate_agency, point_of_interest, service, establishment"
Fora - Blue Fin Building,Southwark,Coworking Space,67d00579ac718f9bd066dfd6,ChIJmZkMUOMFdkgRLo3uZiYgei0,Real estate agency,OPERATIONAL,,,"business_center, event_venue, real_estate_agency, point_of_interest, service, establishment"
Fora - Borough Yards,London Bridge,Coworking Space,67d0057a6beee86747bfe48e,ChIJB3ilSogDdkgRRp9JnqimTjo,Real estate agency,OPERATIONAL,,,"coworking_space, real_estate_agency, event_venue, service, point_of_interest, establishment"
Fora - Broadwick Street,Soho,Coworking Space,67d00577bfd365a3239fc0df,ChIJqXgiVGEFdkgRVIw_-3bMEgE,Real estate agency,OPERATIONAL,,,"coworking_space, event_venue, real_estate_agency, point_of_interest, service, establishment"
Fora - Brock House,Fitzrovia,Coworking Space,67d00577ac035010a7c1b3db,ChIJ9_XxUOgbdkgRBOE2Ej3xKUk,Real estate agency,OPERATIONAL,,,"business_center, real_estate_agency, point_of_interest, service, establishment"
Fora - Central Street,Shoreditch,Coworking Space,67d0057a9f2fb4bd245acdb8,ChIJVYQVNVgbdkgRn-lpQGr3fMI,Real estate agency,OPERATIONAL,,,"coworking_space, event_venue, real_estate_agency, point_of_interest, service, establishment"
Fora - Chancery House,Holborn,Coworking Space,67d0057cbb649ef4ec0d8f77,ChIJ-3e_dUsbdkgRI22vVq3wxJc,Real estate agency,OPERATIONAL,,,"coworking_space, real_estate_agency, point_of_interest, service, establishment"
Fora - Dallington Street,Clerkenwell,Coworking Space,67d0057cd16ee9ad182c5b59,ChIJAeWPvlAbdkgRWPKl_S4AN08,Real estate agency,OPERATIONAL,,,"business_center, real_estate_agency, event_venue, service, point_of_interest, establishment"
Fora - East Side,King's Cross,Coworking Space,67d0057b83958e65aba335d9,ChIJpV8MrT4bdkgRNxob9Q4HSE4,Real estate agency,OPERATIONAL,,,"coworking_space, real_estate_agency, point_of_interest, service, establishment"
Fora - Eastcastle Street,Fitzrovia,Coworking Space,67d0057dd8d3c051a7d90038,ChIJ21BKcUYbdkgRnTh2X8qJCkw,Real estate agency,OPERATIONAL,,,"coworking_space, real_estate_agency, point_of_interest, service, establishment"
Fora - Folgate Street,Shoreditch,Coworking Space,67d00579ea314b1109ec2f89,ChIJ9zk96vEddkgRM90muIOwId8,Real estate agency,OPERATIONAL,,,"coworking_space, real_estate_agency, event_venue, service, point_of_interest, establishment"
Fora - Great Eastern Street,Shoreditch,Coworking Space,67d0057934ee586e1611fbda,ChIJx-IsBjwddkgR50qyIwiHqWg,Real estate agency,OPERATIONAL,,,"coworking_space, real_estate_agency, service, point_of_interest, establishment"
Fora - Green Park House,Mayfair,Coworking Space,67d005763858f26043897c61,ChIJUwZuDykFdkgRuWUr8yiHj68,Real estate agency,OPERATIONAL,,,"business_center, real_estate_agency, service, point_of_interest, establishment"
Fora - Greencoat Place,Victoria,Coworking Space,67d0057760a5af99b0ac355d,ChIJfWvr2RgFdkgRQK_KREEA-Uw,Real estate agency,OPERATIONAL,,,"business_center, event_venue, real_estate_agency, point_of_interest, service, establishment"
Fora - Gridiron Building,King's Cross,Coworking Space,67d0057d38dcaa6d89228c59,ChIJCXjAaDwbdkgRwoHN-wcAgR8,Real estate agency,OPERATIONAL,,,"coworking_space, event_venue, real_estate_agency, point_of_interest, service, establishment"
Fora - Henry Wood House,Oxford Circus,Coworking Space,67d0057718cb4d95ba671984,ChIJzbImj9UadkgRCQ2O21dZO2U,Real estate agency,OPERATIONAL,,,"coworking_space, real_estate_agency, point_of_interest, service, establishment"
Fora - Kirby Street,Farringdon,Coworking Space,67d0057c3ea7a2ae912205b8,ChIJ79sNxU0bdkgRj6z1z4OtWs4,Real estate agency,OPERATIONAL,,,"business_center, real_estate_agency, event_venue, service, point_of_interest, establishment"
Fora - Liberty House,Oxford Circus,Coworking Space,67d00576bb649ef4ec0d8b9f,ChIJl0Qxer8FdkgRZVPCjXIrK90,Real estate agency,OPERATIONAL,,,"coworking_space, real_estate_agency, point_of_interest, service, establishment"
Fora - Lloyd's Avenue,Aldgate,Coworking Space,67d00578ea314b1109ec2e86,ChIJdZXNXUwDdkgRikFSisv5B-w,Real estate agency,OPERATIONAL,,,"business_center, real_estate_agency, service, point_of_interest, establishment"
Fora - Melcombe Place,Fitzrovia,Coworking Space,67d0057e98c46311e16e3999,ChIJVfc0tLEcdkgRnBGE99SxED0,Real estate agency,OPERATIONAL,,,"business_center, real_estate_agency, point_of_interest, service, establishment"
Fora - Montacute Yards,Shoreditch,Coworking Space,67cd80ca03e3822d9416ad7c,ChIJEyWZ0uMddkgRIuAl7FU8zrU,Real estate agency,OPERATIONAL,,,"coworking_space, real_estate_agency, point_of_interest, service, establishment"
Fora - One Canada Square,Canary Wharf,Coworking Space,67d00578af08fe56f27759dc,ChIJI_6NC84DdkgRCOTs93Zbzqc,Real estate agency,OPERATIONAL,,,"coworking_space, real_estate_agency, service, point_of_interest, establishment"
Fora - One Lyric Square,Hammersmith,Coworking Space,67d005759500730b3cb0889f,ChIJe-BR94gPdkgRhkOy37qKhn0,Real estate agency,OPERATIONAL,,,"coworking_space, event_venue, real_estate_agency, point_of_interest, service, establishment"
Fora - Orion House,Covent Garden,Coworking Space,67d005763eee1139354d2c1f,ChIJy4Ov80YFdkgR2AkupoxG4jk,Real estate agency,OPERATIONAL,,,"business_center, real_estate_agency, service, point_of_interest, establishment"
Fora - Parcels Building,Marylebone,Coworking Space,67d0057533fd20e9d39592cd,ChIJLwdvC2EFdkgR3Oav5D52uxo,Real estate agency,OPERATIONAL,,,"business_center, real_estate_agency, event_venue, service, point_of_interest, establishment"
Fora - Princelet Street,Shoreditch,Coworking Space,67d0057952d93d6f9475e5a8,ChIJs7mx93UddkgR328Zy3y82Vg,Real estate agency,OPERATIONAL,,,"coworking_space, real_estate_agency, event_venue, point_of_interest, service, establishment"
Fora - Scott House,Waterloo,Coworking Space,67d0057890b91d35c3e440fb,ChIJm1GIg9cFdkgRiYoNMTo6bws,Real estate agency,OPERATIONAL,,,"coworking_space, real_estate_agency, point_of_interest, service, establishment"
Fora - Sixty London Wall,City of London,Coworking Space,67d005786f0aeaf5c6d84c45,ChIJL04JWGQddkgRbj_idUEnq-Q,Real estate agency,OPERATIONAL,,,"business_center, real_estate_agency, service, point_of_interest, establishment"
Fora - Summit House,Holborn,Coworking Space,67d0057bbcfbe0e5e5a87a80,ChIJ29PEdHwbdkgRNbz7xhKlkpY,Real estate agency,OPERATIONAL,,,"coworking_space, real_estate_agency, event_venue, service, point_of_interest, establishment"
Fora - The Black & White Building,Shoreditch,Coworking Space,67d005796beee86747bfe3fd,ChIJmzfhYrocdkgRAlvusWSYG1I,Real estate agency,OPERATIONAL,,,"coworking_space, event_venue, real_estate_agency, point_of_interest, service, establishment"
Fora - The Bloomsbury Building,Bloomsbury,Coworking Space,67d0057b5274b807cfa79ea3,ChIJhcKFmDMbdkgRxpFuVEF8Wl4,Real estate agency,OPERATIONAL,,,"coworking_space, real_estate_agency, service, point_of_interest, establishment"
Fora - The Smiths Building,Fitzrovia,Coworking Space,67d0057ccff59196e045afd8,ChIJ2bPtWNYadkgRtuA4fgpNfm4,Real estate agency,OPERATIONAL,,,"coworking_space, real_estate_agency, event_venue, service, point_of_interest, establishment"
Fora - The Stanley Building,King's Cross,Coworking Space,67d0057d38dcaa6d89228baf,ChIJU2wTRTwbdkgRyz0ae-CJmXY,Real estate agency,OPERATIONAL,,,"coworking_space, event_venue, real_estate_agency, point_of_interest, service, establishment"
Fora - Thomas House,Victoria,Coworking Space,67d00577e4386956d523324e,ChIJ2bwYnR8FdkgRbx6RGg_mSsI,Real estate agency,OPERATIONAL,,,"coworking_space, real_estate_agency, event_venue, point_of_interest, service, establishment"
Fora - Tintagel House,Vauxhall,Coworking Space,67d00579252888f6403d6762,ChIJw07S_OsEdkgRHtZC52Az9g4,Real estate agency,OPERATIONAL,,,"coworking_space, event_venue, real_estate_agency, point_of_interest, service, establishment"
Fora - United House,Notting Hill,Coworking Space,67d0057513ffffc58044295d,ChIJt8RlfPsPdkgRlgJwW95P1Es,Real estate agency,OPERATIONAL,,,"coworking_space, real_estate_agency, point_of_interest, service, establishment"
Fora - Wardour Street,Soho,Coworking Space,67d00575cf0a639d0da6c2b4,ChIJV55_V9MEdkgR74zW8fmfj5Q,Real estate agency,OPERATIONAL,,,"coworking_space, real_estate_agency, event_venue, service, point_of_interest, establishment"
Fora - Warnford Court,City of London,Coworking Space,67d005789bca6142614da01d,ChIJtyd6t6wcdkgRlE8PuRryqrw,Real estate agency,OPERATIONAL,,,"coworking_space, real_estate_agency, point_of_interest, service, establishment"
Fora - White Collar Factory,Shoreditch,Coworking Space,67d005797ff194b7a30e5712,ChIJ_TKRF1cbdkgRvrrjhSAg4Jk,Real estate agency,OPERATIONAL,,,"coworking_space, event_venue, real_estate_agency, point_of_interest, service, establishment"
Fora - York House,King's Cross,Coworking Space,67d0057bd88dfcaae86926c7,ChIJTzUzf0MbdkgRwmp0dWudDtI,Real estate agency,OPERATIONAL,,,"coworking_space, real_estate_agency, point_of_interest, service, establishment"
Forum Coworking Space,Sukhumvit (Asoke),Coworking Space,674b37a21d78a6be7f43cfbd,ChIJd307M7yf4jARtDWDG8tSIiI,Coworking space,OPERATIONAL,,,"coworking_space, business_center, western_restaurant, cafe, event_venue, restaurant, food, point_of_interest, service, establishment"
Fotografiska cafe,Telliskivi,Cafe,66f857f0b5cc23c2b708e745,ChIJhQUC_V-TkkYRm3suwD4Q_Ak,Cafe,OPERATIONAL,,,"cafe, food, point_of_interest, establishment"
Foundation Coffee House Whitworth Street,Gay Village,Cafe,66eee81357b17c5f9dec1336,ChIJO5pf0Kixe0gRk5CtQna37HE,Coffee Shop,CLOSED_PERMANENTLY,,,"coffee_shop, cafe, food_store, store, food, point_of_interest, establishment"
Foundry,Downtown Dubai,Coworking Space,67dbb8246de5ed125908b03c,ChIJXQ5UUDJpXz4RVWnUHR6Fl4M,Art gallery,OPERATIONAL,,,"art_gallery, point_of_interest, establishment"
Foxford,Old Town,Cafe,66838ea3da87dd848e300bbe,ChIJl4VNIF1PWUgREccLP89Ru_Y,Home Goods Store,OPERATIONAL,,,"home_goods_store, tourist_attraction, clothing_store, store, restaurant, food, point_of_interest, service, establishment"
Foxxy's Restaurant & Café,Srithanu,Cafe,6784e2135a861705e4830bfe,ChIJbf6SpFP_VDARWlSZaEvmQQ4,Restaurant,OPERATIONAL,,,"restaurant, juice_shop, diner, brunch_restaurant, coffee_shop, cocktail_bar, breakfast_restaurant, cafe, bar, food_store, store, food, point_of_interest, establishment"
Fren'cha Bakery Bingin,Bali,Untagged,65fa86d0e0379bf78d52479f,ChIJvwnhpxlF0i0RjV0mlvL_2Ho,Bakery,CLOSED_PERMANENTLY,,,"bakery, food_store, store, food, point_of_interest, establishment"
Fren'cha Bakery Ungasan,Uluwatu (Ungasan),Untagged,65fa86d0e0379bf78d52479e,ChIJe-Aa7QZb0i0RF0nR6b3Bk-s,Bakery,CLOSED_PERMANENTLY,,,"bakery, food_store, store, restaurant, food, point_of_interest, establishment"
Freyja - the croissant story,Josefstadt,Cafe,67dbb82fddbd6ff42ecee59a,ChIJ00XYdRAHbUcRYtjm2lnSuPA,Coffee shop,CLOSED_PERMANENTLY,,,"brunch_restaurant, pastry_shop, coffee_shop, cafe, bakery, dessert_shop, confectionery, food_store, store, restaurant, food, point_of_interest, establishment"
Friend Coffee & Bar,Old City,Cafe,67dbb8216a5db9ee9dddbb28,ChIJjzn7HOM72jARN3iXIpDqWJU,Coffee shop,OPERATIONAL,,,"coffee_shop, cafe, food_store, store, food, point_of_interest, establishment"
Friends Avenue Cafe JLT,JLT,Cafe,67dbb82407076504f2484ce6,ChIJ0TnlwqdsXz4RyynhUfpcOw8,Restaurant,OPERATIONAL,,,"restaurant, breakfast_restaurant, brunch_restaurant, cafe, bakery, food_store, store, food, point_of_interest, establishment"
Front Cafe,Kedungu,Cafe,6631c9dbe6fb8f41e96a69e4,ChIJx_XKYjo30i0R1hW_8vDSLFE,Restaurant,OPERATIONAL,,,"restaurant, food, point_of_interest, establishment"
Fruit Tree Lodge & Coffee Shop,Long Beach,Cafe,67d509db863c60f4235b5703,ChIJfz8Au5gETjARn9QycQgnZ8Q,Coffee shop,OPERATIONAL,YES,lodging,"coffee_shop, cafe, yoga_studio, fitness_center, gym, sports_complex, sports_school, lodging, food_store, food, store, sports_activity_location, point_of_interest, health, establishment"
Fulham Works by Spacemade,Fulham,Coworking Space,67d52faeff9f765cf4c77038,ChIJm3xfdjwPdkgRt7XHUwSgtnc,Real estate agency,OPERATIONAL,,,"coworking_space, real_estate_agency, service, point_of_interest, establishment"
GEEK Hub Nguyen Dinh Chieu,District 1,Coworking Space,67dbb8283caa81895e3f0bf1,ChIJKyzSZTUvdTERFeBxsx6kh5o,Coworking space,OPERATIONAL,,,"coworking_space, real_estate_agency, service, point_of_interest, establishment"
GOLO Coffee & AP,Da Nang,Cafe,665eca880b357e0950b1bef7,ChIJDeHFZLwXQjERdyPrATYmv4A,Coffee Shop,OPERATIONAL,,,"coffee_shop, cafe, food_store, store, food, point_of_interest, establishment"
GRAPH ground,Nimman,Cafe,67dbb81f06a7e0d321e78627,ChIJy6xB1GU72jARbQ7McbVFPOY,Coffee shop,OPERATIONAL,,,"coffee_shop, cafe, food_store, food, store, point_of_interest, establishment"
Gallery Drip Coffee,Siam,Cafe,674b37a0db75f1b2a41599af,ChIJ6e7hT82e4jAR4HgD4RW37Tk,Cafe,OPERATIONAL,,,"cafe, coffee_shop, dessert_restaurant, bakery, restaurant, food_store, store, point_of_interest, food, establishment"
Gangga Coffee Roastery Ubud,Ubud,Cafe,65fa86d0e0379bf78d5247b9,ChIJE74dNl090i0Rd_xpkoRhrsQ,Coffee Shop,OPERATIONAL,,,"coffee_shop, food_store, cafe, restaurant, food, point_of_interest, store, establishment"
Gatehouse by Spacemade,Wandsworth,Coworking Space,67d52faeff9f765cf4c77034,ChIJ6YEQRsQPdkgRei4TWfyeQHE,Real estate agency,OPERATIONAL,,,"coworking_space, real_estate_agency, point_of_interest, service, establishment"
Gecko Kuta Lombok,Kuta,Cafe,661735ca83429e4222ae827b,ChIJnUgQQP2pzS0R6o0Dj7G8-4Y,ATM,OPERATIONAL,,,"atm, finance, point_of_interest, establishment"
Genius Cafe Sanur,Sanur,Cafe,6613fb7fdf1c6ff3e73f0b86,ChIJr8xsnJZB0i0Rxh1Lw0w3rjI,Cafe,OPERATIONAL,,,"cafe, vegetarian_restaurant, restaurant, food, point_of_interest, establishment"
Gerupuk Cafe FIN,Gerupuk,Cafe,661b191f0e5f306f0b0f1eb4,ChIJW_05R4QBzS0RfalvYpuyIWs,Cafe,OPERATIONAL,,,"cafe, food, point_of_interest, establishment"
GiG - Green is Good,Central,Cafe,682f68cdf24f3f6a1d3a950d,ChIJscKdGQwnHw0RcpiL0XLQ7Oo,Restaurant,OPERATIONAL,,,"breakfast_restaurant, restaurant, food, point_of_interest, establishment"
Gili Coffee Roasters,Gili Air,Cafe,6613fb81df1c6ff3e73f0c3b,ChIJXwL9D5_dzS0RPiUXUuPhFMI,Cafe,OPERATIONAL,,,"cafe, food, point_of_interest, establishment"
Gilis Rock Creative Studios,Gili Trawangan,Coworking Space,6613fb804ce2334be5517dd0,ChIJQ3bN09_nzS0R6wFMnGVPHQg,Coworking Space,OPERATIONAL,,,"coworking_space, point_of_interest, establishment"
Gladwell's Deli & Grocery,Southwark,Cafe,6809d008ea423d76c26e8cdb,ChIJ21Lg_LcDdkgRKfqkLsVpegA,Grocery store,OPERATIONAL,,,"coffee_shop, cafe, deli, grocery_store, food_store, store, food, point_of_interest, establishment"
Glaswerk Oldenburg,Osternburg,Coworking Space,6749620d2dfe65c9a02077a8,ChIJdRKGU5jftkcRlcUQWWbHtbc,Coworking space,CLOSED_PERMANENTLY,,,"coworking_space, cafe, real_estate_agency, event_venue, point_of_interest, service, food, establishment"
Glowfish,Sathon,Coworking Space,674b37a38dfb7342938a26ac,ChIJ90ybWC2f4jARiiXzLIaesNw,Real estate agency,OPERATIONAL,,,"real_estate_agency, service, point_of_interest, establishment"
GoHub | Coworking | Boa Vista,Sal Rei,Coworking Space,676736cf08df50d034dac5b7,ChIJVaiVGdsjSwkRr7GZ09s3_zA,Coworking space,CLOSED_PERMANENTLY,,,"coworking_space, point_of_interest, establishment"
GoWork Park23,Kuta (Bali),Coworking Space,665ed1a567f91d7e7438583b,ChIJkSr5McdF0i0R6VWh42brx1E,Coworking Space,OPERATIONAL,,,"coworking_space, point_of_interest, establishment"
Goldener Papagei,Leopoldstadt,Cafe,67dbb82fc24274cca94b372c,ChIJnU4p8f4HbUcRZZbKYUtCn2I,Cafe,OPERATIONAL,,,"cafe, fusion_restaurant, brunch_restaurant, breakfast_restaurant, coffee_shop, food_store, restaurant, food, store, point_of_interest, establishment"
Good Measure,Carlton,Cafe,67dbb82bb2bb3bdb73a4859d,ChIJBwYNYs5D1moR8N657h-bHVQ,Coffee shop,OPERATIONAL,,,"coffee_shop, cafe, bar, food_store, store, food, point_of_interest, establishment"
Good Stuff Cafe & Eco Store Amed,Amed,Cafe,674339c68e26c188137a260f,ChIJMcR0qjEB0i0RjpIiBkCDSP8,Restaurant,OPERATIONAL,,,"restaurant, cafe, store, food, point_of_interest, establishment"
Good Times Coffee Roasters,Old Town,Cafe,67dbb81c07076504f2483da9,ChIJXwCS1QGJbEcRnEu1tMhnCdA,Cafe,CLOSED_PERMANENTLY,,,"cafe, coffee_shop, point_of_interest, food_store, store, food, establishment"
Goodies,General Luna,Cafe,6722fe1495b89fcd4c2b39cd,ChIJNfMXfQMJBDMRG67jZ51_XIc,Restaurant,OPERATIONAL,,,"restaurant, cafe, health_food_store, grocery_store, bar, food_store, food, store, point_of_interest, health, establishment"
Green Waves Cafe,General Luna,Cafe,67246a3a857eb78fd4d7b309,ChIJxyo2vMn5AzMR6U2yYqxdKMo,Coffee Shop,OPERATIONAL,,,"coffee_shop, cafe, food_store, store, restaurant, food, point_of_interest, establishment"
Grey Kaffee,Hernals,Cafe,67dbb82fa763429798b841a5,ChIJzVbAbBEHbUcRNGiLCeXCxXg,Cafe,OPERATIONAL,,,"cafe, food, point_of_interest, establishment"
Grind - Shoreditch,Shoreditch,Cafe,6809d007aaa66b13a54e9e30,ChIJLWv3G6YcdkgRm3YOJwo4rXc,Cafe,OPERATIONAL,,,"cafe, cocktail_bar, brunch_restaurant, bar, restaurant, food, point_of_interest, establishment"
Gron,Canggu,Cafe,65fa86d0e0379bf78d52457b,ChIJVZ4Iw4g50i0RablE_hmVrgE,Cafe,OPERATIONAL,,,"cafe, food, point_of_interest, establishment"
Grounded London,Whitechapel,Cafe,6809d00bc24ac45af7799899,ChIJzcgxvsocdkgRQcs3eKI7-vM,Brunch restaurant,OPERATIONAL,,,"brunch_restaurant, halal_restaurant, breakfast_restaurant, hamburger_restaurant, cafe, american_restaurant, meal_takeaway, food_store, store, restaurant, food, point_of_interest, establishment"
HANAKA COFFEE,Denpasar,Cafe,67a956428f227e475aaee65c,ChIJn8mOsj5B0i0R1gQnYTT20Xs,Coffee shop,CLOSED_PERMANENTLY,,,"coffee_shop, cafe, food_store, food, store, point_of_interest, establishment"
HANAKA COFFEE CANGGU,Canggu,Cafe,67a95643ae3b2b07a92746cb,ChIJJ9tyJ3A50i0R1711OjMNxH4,Coffee shop,OPERATIONAL,,,"coffee_shop, cafe, food_store, store, point_of_interest, food, establishment"
HOME Cafe,Ubud,Cafe,6809d00ce45574f02ae1603b,ChIJEZC9iU4j0i0RPx4n_MMYxko,Cafe,OPERATIONAL,,,"cafe, food, point_of_interest, establishment"
Habitat Village Uluwatu,Uluwatu (Bingin),Cafe,65fa86d0e0379bf78d5246a0,ChIJFatDIQBF0i0Rdvjh8TalRio,Supermarket,OPERATIONAL,,,"supermarket, grocery_store, food_store, food, store, point_of_interest, establishment"
Halokedungu,Kedungu,Cafe,66329147330996152baca6e7,ChIJicmJ1oI30i0Rz4BFLLInjgs,Restaurant,OPERATIONAL,,,"restaurant, food, point_of_interest, establishment"
Heartwork the Sharing Space,Night Bazaar,Cafe,660a6637166465e32ed8e90b,ChIJzRfxMgow2jARj4bw7etGuSs,Coworking Space,OPERATIONAL,,,"coworking_space, coffee_shop, cafe, food_store, store, food, point_of_interest, establishment"
Heden Rossio,Baixa,Coworking Space,6809cff512a4f2a72acc7fa9,ChIJ86EF0mYzGQ0Rge8U_PmvS3c,Coworking space,OPERATIONAL,,,"coworking_space, point_of_interest, establishment"
Hedonist,Uluwatu (Ungasan),Coworking Space,665ed1a52e16798a3c6abf1f,ChIJO7yDT0Fb0i0RzrfFAX1Vcgk,Restaurant,OPERATIONAL,,,"restaurant, coworking_space, pastry_shop, coffee_stand, coffee_shop, cafe, bakery, dessert_shop, confectionery, bar, food_store, store, food, point_of_interest, establishment"
Hello Kristof,Bica,Cafe,663e5f5927465035403b1f29,ChIJs2QPK4I0GQ0ReweViINIWxo,Coffee Shop,OPERATIONAL,,,"coffee_shop, brunch_restaurant, breakfast_restaurant, coffee_stand, cafe, coffee_roastery, food_store, store, restaurant, food, point_of_interest, establishment"
Hello World Saigon,District 1,Coworking Space,67dbb827a763429798b83c79,ChIJ8xtnZU0pdTERyibOuLgMwwM,Coworking space,OPERATIONAL,,,"coworking_space, event_venue, point_of_interest, establishment"
Hellocapitano Lifestyle Cafe,Gili Trawangan,Cafe,6613fb7f500c8e2486eee2e4,ChIJi8dy-gHezS0RozVgtFsjic8,Restaurant,OPERATIONAL,,,"restaurant, cafe, food, point_of_interest, establishment"
Herr Sonnenschein,Mitte,Cafe,67dbb82c90eb89a5859e03e9,ChIJCyQB-8S6uUcRM3sknBdISVc,Cafe,OPERATIONAL,,,"cafe, food, point_of_interest, establishment"
Hidden Coffee Roasters - El Born,El Born,Cafe,67dbb8180c22857f902f75ce,ChIJ_Rd6gU2jpBIRppS0tbTAe28,Coffee shop,OPERATIONAL,,,"coffee_shop, cafe, coffee_roastery, food_store, store, food, point_of_interest, establishment"
Hidden Gem Cafe Hanoi,The Old Quarter,Cafe,67dbb826ea3ad0a21ebb0609,ChIJjcSe2iKrNTERdmx-UM8RZIw,Coffee shop,OPERATIONAL,,,"coffee_shop, cafe, cocktail_bar, bar, restaurant, point_of_interest, food_store, store, food, establishment"
Highlands Coffee Vincom Landmark 81,Binh Thanh,Cafe,67dbb826a763429798b83be1,ChIJHY00tckpdTERE_LhbxoFQgU,Cafe,OPERATIONAL,,,"cafe, food, point_of_interest, establishment"
Hive Five Coworking Space Trogir,Trogir,Coworking Space,692a198139ec79a2157ebf5f,ChIJJahdRwBrNRMR4ZWV51AL350,Coworking space,OPERATIONAL,,,"coworking_space, point_of_interest, establishment"
Honey,Pererenan,Cafe,65fa86d0e0379bf78d5245ab,ChIJ8fy5GTg50i0Rs-bdzi_Hn14,Restaurant,OPERATIONAL,,,"restaurant, food, point_of_interest, establishment"
HoriZon morn,Tanote Bay,Cafe,67c19544f6fe73dd04bc3d5d,ChIJSU4eJDahVTARwTvIJeNE2VA,Thai restaurant,OPERATIONAL,,,"thai_restaurant, coffee_shop, cafe, candy_store, confectionery, food_store, restaurant, food, store, point_of_interest, establishment"
House of Yoreh,Canggu,Cafe,67d0ecf94f0518af37e6a370,ChIJq6QHrhg50i0RJ8J3LNZwJSQ,Coffee shop,OPERATIONAL,,,"coffee_shop, coffee_roastery, cafe, food_store, store, food, point_of_interest, service, establishment"
Hub Bali,Kuta (Bali),Coworking Space,6631cb0da256acf959355935,ChIJw61cI9pG0i0RDyuXkNL6Cn4,Coworking Space,OPERATIONAL,,,"coworking_space, real_estate_agency, point_of_interest, service, establishment"
Hub53 Coworking and Coliving Space,Nimman,Coworking Space,67dbb82121ae962504f3594b,ChIJvSqIVIsw2jARzD2AZd7JYCM,Coworking space,OPERATIONAL,,,"coworking_space, point_of_interest, establishment"
Hundred Islands Coffee Bar,Baan Tai,Cafe,6784e21854cea2cf5f033c48,ChIJX8HmCzP8VDARmqvOQL4N2kA,Coffee shop,OPERATIONAL,,,"coffee_shop, cafe, breakfast_restaurant, bakery, restaurant, point_of_interest, food_store, store, food, establishment"
Hurley Surf Club,Central,Cafe,682f68ce868bdbefdaaab531,ChIJYR3mGuAnHw0R-bwyTYu0yvU,Sporting goods store,OPERATIONAL,,,"sporting_goods_store, store, point_of_interest, establishment"
Hustle Club Koh Phangan,Nai Wok,Coworking Space,6784e20fe8d7ba0be2f3866b,ChIJ4XhSgq_9VDARfmZSIal1vH8,Cafe,OPERATIONAL,,,"cafe, internet_cafe, business_center, coffee_shop, lounge_bar, coworking_space, breakfast_restaurant, night_club, bar, food_store, store, restaurant, food, service, point_of_interest, establishment"
I Am Vegan Babe,Canggu,Cafe,65fa86d0e0379bf78d52458b,ChIJbXTvjx450i0RFUEM8IfJu0U,Vegan Restaurant,OPERATIONAL,,,"vegan_restaurant, vegetarian_restaurant, restaurant, food, point_of_interest, establishment"
I Found You Cafe’,Silom,Cafe,674b37a0cc980781b21b0b01,ChIJ5fHMUc-f4jAR-DmPOgR19eM,Cafe,OPERATIONAL,,,"cafe, food, point_of_interest, establishment"
Idea Space,Battersea,Coworking Space,6809cff71f2325d5045f6070,ChIJ2XJRpaUFdkgRT1ggUPQa4TQ,Coworking space,OPERATIONAL,,,"coworking_space, cafe, real_estate_agency, food, service, point_of_interest, establishment"
Impact Brixton,Brixton,Coworking Space,6809cff8961511d665e9d6c4,ChIJ5_vAPGgEdkgR4IBYWwPb6ao,Coworking space,OPERATIONAL,,,"coworking_space, business_center, point_of_interest, service, establishment"
Impact Hub Budapest,District 7,Coworking Space,669a2349ecf0b0084c72732e,ChIJRdb4D0TcQUcR4JPomM0u8ik,Coworking Space,OPERATIONAL,,,"coworking_space, event_venue, point_of_interest, establishment"
Impact Hub Lisbon - Baixa,Baixa,Coworking Space,6809cff5369276b8469627bd,ChIJHxsOcq80GQ0RJxEI1ec1NT0,Coworking space,OPERATIONAL,,,"coworking_space, event_venue, point_of_interest, establishment"
Impact Hub London Euston,Euston,Coworking Space,6809cffe30e33b57847ddd0b,ChIJUeUQZFMbdkgRPJr65FLboJ4,Coworking space,OPERATIONAL,,,"coworking_space, event_venue, point_of_interest, establishment"
Impact Hub London King's Cross,King's Cross,Coworking Space,6809d00294d120b9c29c7b9b,ChIJ89Pfkz4bdkgRJppIm6Ugu7c,Coworking space,CLOSED_PERMANENTLY,,,"coworking_space, real_estate_agency, event_venue, point_of_interest, service, establishment"
InFact Coffee & Workspace,District 1,Cafe,67dbb8277b580966f91db1ac,ChIJE_nClM2rNTEREJ4NzWfBSr8,,ERROR:404,,,
Indigo Cafe & Eatery Thong Sala,Thong Sala,Cafe,6784e217a1caac0cd3e725c0,ChIJD9khwuT_VDARfkXE6PJWGOQ,Coffee shop,OPERATIONAL,,,"coffee_shop, pastry_shop, breakfast_restaurant, diner, winery, cafe, dessert_shop, bakery, farm, manufacturer, confectionery, food_store, store, restaurant, food, point_of_interest, service, establishment"
Indigo Specialty Coffee & Bakery,Srithanu,Cafe,6784e20fcac506bc5144cfaa,ChIJibO3RYn_VDARfs7A2pCPm9g,Cafe,OPERATIONAL,,,"cafe, wine_bar, ice_cream_shop, pastry_shop, pizza_restaurant, dessert_shop, vegan_restaurant, vegetarian_restaurant, breakfast_restaurant, bar, confectionery, bakery, food_store, store, restaurant, food, point_of_interest, establishment"
Industrious 245 Hammersmith Rd,Hammersmith,Coworking Space,6809d000fee47a27657c43e0,ChIJ3XEHU1IPdkgRsFt1nluQ6cI,Coworking space,OPERATIONAL,,,"coworking_space, business_center, event_venue, real_estate_agency, point_of_interest, service, establishment"
Industrious 70 St Mary Axe,City of London,Coworking Space,6809cffd146566dc3d30b316,ChIJnTbkUZoddkgR0vtvDTzLAf0,Coworking space,OPERATIONAL,,,"coworking_space, business_center, real_estate_agency, event_venue, service, point_of_interest, establishment"
Industrious 77 Coleman Street,Moorgate,Coworking Space,6809d004ad3417de7779e961,ChIJhVtKSFAddkgRHFIKDs-eFZ4,Coworking space,OPERATIONAL,,,"coworking_space, business_center, real_estate_agency, event_venue, service, point_of_interest, establishment"
Industrious St Peters Square,City Centre,Coworking Space,6809d00b95ba1239c121005a,ChIJtV-O5P-xe0gR1YkSEZYEE04,Coworking space,OPERATIONAL,,,"coworking_space, business_center, real_estate_agency, event_venue, service, point_of_interest, establishment"
Industrious Windmill Green,Spinningfields,Coworking Space,6809d009b596b2a76218ace0,ChIJ1z-s9nSxe0gRUzdFKrKwft4,Coworking space,OPERATIONAL,,,"coworking_space, business_center, real_estate_agency, event_venue, service, point_of_interest, establishment"
Inner Cafe & Bistro,Old City,Cafe,67c19546bddd0f94e2dfd425,ChIJeRDDLuw72jARqZZwtZMoaNA,Cafe,OPERATIONAL,,,"cafe, brunch_restaurant, coffee_shop, diner, breakfast_restaurant, dessert_restaurant, restaurant, food_store, store, point_of_interest, food, establishment"
Inner Space Coworking,Srithanu,Coworking Space,6784e20fdf81c9ffd09f7c18,ChIJoRLjJ14BVTARFE7aDbmgF3g,Coworking space,OPERATIONAL,,,"coworking_space, event_venue, point_of_interest, establishment"
Into the Woods,Old City,Cafe,67dbb8204c5a803673f3d106,ChIJP--oF5c62jAR94Dk9kP9tw0,Cafe,OPERATIONAL,,,"cafe, point_of_interest, food, establishment"
Itnig Cafe,Poblenou,Cafe,6667f39d6a52d785ab6f46df,ChIJpShTALmjpBIRr0RMPI0u4XA,Coffee Shop,OPERATIONAL,,,"coffee_shop, cafe, food_store, store, food, point_of_interest, establishment"
Itnig Coworking,Poblenou,Coworking Space,6667f39dfc62869767822cd0,ChIJ65zV4sKipBIRjf6IZkZZpsQ,Coworking Space,OPERATIONAL,,,"coworking_space, corporate_office, point_of_interest, establishment"
Itt Várlak,District 5,Cafe,669a23496fdc1972db6b8707,ChIJyfVSQwDFQUcRw-86c-UbEEk,Restaurant,CLOSED_PERMANENTLY,,,"restaurant, brunch_restaurant, bar, coffee_shop, cafe, food_store, store, food, point_of_interest, establishment"
Ivy Cafe,Ubud,Cafe,65fa86d0e0379bf78d5247bc,ChIJw9fc4vw90i0RJsghm1LDzSk,Cafe,OPERATIONAL,,,"cafe, food, point_of_interest, establishment"
J Hornig Kaffeebar,Neubau,Cafe,6676cf052abfbef196fc89e5,ChIJqfEt740HbUcRE8NQlWMKEfE,Cafe,OPERATIONAL,,,"cafe, food, point_of_interest, establishment"
JOE & THE JUICE 801 Lexington Ave,Manhattan,Cafe,6840bf2684f557d9f0837ab4,ChIJ8T-DP-9YwokRYQrL1bbb1pg,Juice shop,OPERATIONAL,,,"juice_shop, fast_food_restaurant, coffee_shop, vegan_restaurant, vegetarian_restaurant, cafe, sandwich_shop, meal_takeaway, food_store, store, restaurant, food, point_of_interest, establishment"
Jelajah Coffee Gili Trawangan,Gili Trawangan,Cafe,6613fb7f1e3567ebe829cd12,ChIJ12iLopbdzS0RWQNt-BWsAwE,Coffee Shop,CLOSED_TEMPORARILY,,,"coffee_shop, cafe, food_store, store, food, point_of_interest, establishment"
Jelajah Coffee Kuta,Kuta,Cafe,6619cfabb0e7d37fe24f9224,ChIJRzXocpKpzS0RMzuUQH-mvBs,Cafe,OPERATIONAL,,,"cafe, food, point_of_interest, establishment"
Jiboia Studio,Ajuda,Coworking Space,68a2fa2903f08bf14606d2f3,ChIJY50I7jXLHg0RoSOVKkbcU4k,Coworking space,OPERATIONAL,,,"coworking_space, art_studio, point_of_interest, service, establishment"
Joe's Bar,Jardim do Mar,Cafe,67d6559425c4c8e6544510ee,ChIJ93qNyjtSYAwRKP_RD7srwPs,Bar & grill,OPERATIONAL,,,"bar_and_grill, bar, restaurant, food, point_of_interest, establishment"
Jonas Reindl Coffee Roasters Alsergrund,Alsergrund,Cafe,6676cf05e2f7aa2056c0092e,ChIJDbD-L7wHbUcRkOB0QT93fJg,Coffee Shop,OPERATIONAL,,,"coffee_shop, coffee_roastery, cafe, food_store, supplier, wholesaler, food, store, point_of_interest, service, establishment"
Jonas Reindl Coffee Roasters Josefstadt,Josefstadt,Cafe,6676cf06a56a3a9ca5a86d38,ChIJa-QFmD4HbUcRmSVcqBE3PXw,Cafe,OPERATIONAL,,,"cafe, food, point_of_interest, establishment"
Jonas Reindl Coffee Roasters Neubau,Neubau,Cafe,6676cf06800e7ce0353e7198,ChIJg6qwRZgHbUcR-S5SjKjN-DA,Coffee Shop,OPERATIONAL,,,"coffee_shop, coffee_roastery, cafe, food_store, store, food, point_of_interest, establishment"
Jones the Grocer Dusit Thani Hotel,Trade Centre,Cafe,67d0057fac035010a7c1c08b,ChIJPWxKK4ZCXz4RTMTshoIOmK4,Australian restaurant,OPERATIONAL,,,"australian_restaurant, pastry_shop, dessert_shop, cafe, grocery_store, confectionery, bakery, food_store, store, restaurant, food, point_of_interest, establishment"
KAFFEIN home base,Innere Stadt,Cafe,67dbb82f68b145495a7cd801,ChIJpXYnaqMHbUcRz9sbooKarOA,Coffee shop,OPERATIONAL,,,"coffee_shop, cafe, food_store, store, food, point_of_interest, establishment"
KAPTÁR coworking,District 6,Coworking Space,669a2349996baedf02aa3917,ChIJY6XEAmvcQUcRtSyVXwT54t0,Coworking Space,OPERATIONAL,,,"coworking_space, business_center, wedding_venue, real_estate_agency, event_venue, point_of_interest, service, establishment"
KARIA Coworking,Kuta,Coworking Space,682f68ce3f5caf1d9b1fff69,ChIJlagOZYWpzS0RqrMwFD-zYW8,Coworking space,OPERATIONAL,,,"coworking_space, point_of_interest, establishment"
KOKOS Kitchen & Bar,Medewi,Cafe,6809d00b709fce94fc706d8c,ChIJ5aSSzsLX0y0RloqOAXOJlfk,Restaurant,OPERATIONAL,,,"restaurant, food, point_of_interest, establishment"
KUDO (by hxi),Schwabing,Coworking Space,688cc1e525829eac2efe0cee,ChIJs2c9rKN1nkcR-wTN3Ig8cvg,Coworking space,CLOSED_PERMANENTLY,,,"coworking_space, point_of_interest, establishment"
KURUMI - Healthy Vegan Food & Desserts,My An,Cafe,67dbb823ef5a30fcd3257d6a,ChIJJUh90s0XQjERlFHyk531H1M,Vegan restaurant,OPERATIONAL,,,"vegan_restaurant, breakfast_restaurant, western_restaurant, vegetarian_restaurant, brunch_restaurant, cafe, dessert_shop, confectionery, food_store, store, restaurant, food, point_of_interest, establishment"
Kaffe 16,City Centre,Cafe,664d01f9ebf0715a6b27df3e,ChIJhZAZW5tJzDERoApOdwOoOgo,Cafe,OPERATIONAL,,,"cafe, food, point_of_interest, establishment"
Kafê Djan Djan,Mindelo,Cafe,676736d0943bc7a565c7f9b5,ChIJi4-bMd8fTwkRMbFQF0jTi_0,Coffee shop,OPERATIONAL,,,"coffee_shop, cafe, food_store, store, food, point_of_interest, establishment"
Kaif Deli & Restaurant,Chaloklum,Cafe,6784e214dad4a33d2f896f69,ChIJtwZoMYsDVTARsZQD3iQUgf4,Restaurant,OPERATIONAL,,,"restaurant, coffee_shop, cocktail_bar, breakfast_restaurant, cafe, bar, food_store, store, food, point_of_interest, establishment"
Kaizen Coffee Ekamai,Ekkamai,Cafe,674b37a0e281a34da8daf3fa,ChIJgQ0MLEye4jARHJXN1f_K5a0,Cafe,OPERATIONAL,,,"cafe, breakfast_restaurant, restaurant, food, point_of_interest, establishment"
Kalm​ Village​ Chiang Mai,Old City,Cafe,67dbb821507d6795321a8d07,ChIJLbX7JJI72jARhFaSmKv7fS0,,OPERATIONAL,,,"point_of_interest, establishment"
Kanso Coffee Lab,Altstadt-Lehel,Cafe,66c1ffe7d6f79a015a526223,ChIJu8rtL6h1nkcR4EhxOW81hBc,Coffee Shop,OPERATIONAL,,,"coffee_shop, cafe, food_store, food, store, point_of_interest, establishment"
Karma Kafe,Srithanu,Cafe,6784e21b5a861705e4831fac,ChIJwTJPet8BVTAROH53yDK3Ug0,Vegetarian restaurant,CLOSED_PERMANENTLY,,,"vegetarian_restaurant, dessert_shop, confectionery, vegan_restaurant, food_store, store, restaurant, food, point_of_interest, establishment"
Karya CoWorking,Berawa,Coworking Space,65fa86d0e0379bf78d5245b1,ChIJ6fBvIpg50i0R8764BCFFN60,Coworking Space,OPERATIONAL,,,"coworking_space, yoga_studio, fitness_center, gym, coffee_shop, cafe, event_venue, sports_complex, sports_school, food_store, sports_activity_location, store, health, food, point_of_interest, establishment"
Kastner Kommunity Cafe,District 8,Cafe,67dbb82021ae962504f35855,ChIJG0oDfozdQUcRMvyTfUW21gU,Coffee shop,OPERATIONAL,,,"coworking_space, gift_shop, coffee_shop, cafe, event_venue, food_store, food, store, point_of_interest, establishment"
Kastner Kommunity Coworking,District 8,Coworking Space,67dbb81f504f03ad3bff4643,ChIJG0oDfozdQUcRMvyTfUW21gU,Coffee shop,OPERATIONAL,,,"coffee_shop, coworking_space, gift_shop, cafe, event_venue, food_store, store, food, point_of_interest, establishment"
Kavana Procaffe,Spinut,Cafe,67dbb82d5203d0ff237913ce,ChIJ_Yikv_FdNRMR11pqmNUGmM8,Cafe,OPERATIONAL,,,"cafe, food, point_of_interest, establishment"
Kawisari Farm Shop Bali,Canggu,Cafe,68a2fa2ada4c4a5087adda9f,ChIJH21JAz5H0i0R9xl0tIvpu1w,Cafe,OPERATIONAL,,,"cafe, food, point_of_interest, establishment"
Kayu Cafe and Restaurant,Gili Trawangan,Cafe,6613fb81dda321d23ab5d00f,ChIJ4fITFv_dzS0RNcUbLBl8Tq0,Cafe,OPERATIONAL,,,"cafe, brunch_restaurant, coffee_shop, vegetarian_restaurant, breakfast_restaurant, bakery, food_store, store, restaurant, food, point_of_interest, establishment"
Keep Banana,Sendling,Cafe,66c1ffe7c2f1bc92ad2e4c52,ChIJgyheZnDfnUcRdY8QD4t1SIE,Ice Cream Shop,OPERATIONAL,,,"ice_cream_shop, coffee_stand, coffee_shop, cafe, vegan_restaurant, vegetarian_restaurant, dessert_shop, confectionery, korean_restaurant, food_store, restaurant, food, store, point_of_interest, establishment"
Kelp Coworking Space Ericeira,Central,Coworking Space,67dbb8306a5781d34f54a7bf,ChIJB6gPC10nHw0RcRvqZe4q9OY,Coworking space,OPERATIONAL,,,"coworking_space, point_of_interest, establishment"
Kembali Innovation Hub,Seminyak,Coworking Space,6631c9dab3a10a2206c20839,ChIJvwMejyNH0i0RGqoZ478wf8Y,Coworking Space,OPERATIONAL,,,"coworking_space, community_center, event_venue, point_of_interest, service, establishment"
Kenza Cafe & Restaurant,Kuta,Cafe,6613fb82988813fc04886269,ChIJjUIwWCuozS0RYMQ5nRsAdjg,Restaurant,OPERATIONAL,,,"restaurant, family_restaurant, vegetarian_restaurant, breakfast_restaurant, halal_restaurant, seafood_restaurant, coffee_shop, cafe, cocktail_bar, food_store, bar, store, food, point_of_interest, establishment"
Kiez Kaffee Kraft,Prenzlauer Berg,Cafe,67dbb81b1eaac0167b91bbbc,ChIJKY0UIBtSqEcRt5V4KoYlcYM,Cafe,OPERATIONAL,,,"cafe, coffee_shop, food_store, store, food, point_of_interest, establishment"
Kif,Sukhumvit,Cafe,674b37a0a680442a2a7da64a,ChIJ4QGle8Sf4jARXb8JwZrV9eQ,Cafe,CLOSED_PERMANENTLY,,,"cafe, food, point_of_interest, establishment"
Kinoa Clean Eating,Pererenan,Cafe,6613fb7f7e56a77ee72e1d72,ChIJxalnKHE40i0RzS88Jn5sPR8,Restaurant,OPERATIONAL,,,"restaurant, coffee_shop, cafe, food_store, food, store, point_of_interest, establishment"
Kismet,Ubud,Cafe,65fa86d0e0379bf78d5247be,ChIJaZ8GNJ890i0R8mupcbXg2cM,Bar,OPERATIONAL,,,"bar, point_of_interest, establishment"
Klaire - Coffee & Brunch,Phra Nakhon,Cafe,674b37a0d50b5fd22bcfeff6,ChIJr7j8GheZ4jARiNWjGqP4_KU,Brunch restaurant,OPERATIONAL,,,"brunch_restaurant, coffee_shop, breakfast_restaurant, cafe, food_store, store, restaurant, food, point_of_interest, establishment"
Kleines Cafe,Innere Stadt,Cafe,6676cf0629de5e0a4761112c,ChIJHSt-WZ4HbUcRXXl2amYnv1E,Cafe,OPERATIONAL,,,"cafe, food, point_of_interest, establishment"
Klippkroog,Altona,Cafe,67dbb8254b90ebc1123ca8e9,ChIJV2VGD4iFsUcR5YhCEh5L3HU,Cafe,OPERATIONAL,,,"cafe, wine_bar, vegan_restaurant, vegetarian_restaurant, breakfast_restaurant, bar, restaurant, food, point_of_interest, establishment"
KoHub,Long Beach,Coworking Space,67d509dbb3b07aef0c3584a2,ChIJ49oAH2ADTjARwCkDJRp-mlc,Coworking space,CLOSED_TEMPORARILY,,,"coworking_space, point_of_interest, establishment"
"Kopi Kota, Buduk",Dalung,Cafe,67a956442fd30ee1c7c86cfd,ChIJRbiC_Rw50i0RedJY1Mx3CEA,Cafe,OPERATIONAL,,,"cafe, coffee_shop, food_store, food, store, point_of_interest, establishment"
Kopi Pangeran,Ubud,Cafe,65fa86d0e0379bf78d5247bf,ChIJwcmKJRU90i0RbrIUc4kRWyY,Coffee Shop,OPERATIONAL,,,"coffee_shop, cafe, food_store, food, store, point_of_interest, establishment"
Kopi Susu,Gili Air,Cafe,6613fb813e12203aa057311a,ChIJZaeeKg_dzS0RKVEDAaov-Dw,Brunch Restaurant,OPERATIONAL,,,"brunch_restaurant, breakfast_restaurant, vegan_restaurant, vegetarian_restaurant, cafe, restaurant, food, point_of_interest, establishment"
Kozpont,District 7,Cafe,67dbb81da4e8954f6bec5797,ChIJtzkEAGrcQUcRgcggJP56f34,Coffee shop,OPERATIONAL,,,"coffee_shop, concert_hall, auditorium, cafe, live_music_venue, event_venue, bar, food_store, store, food, point_of_interest, establishment"
Kropka,Eimsbuettel,Cafe,67dbb825e400d4eb3b3db10e,ChIJ3Q7FBE2PsUcRYQ3yGcK6zsM,Cafe,OPERATIONAL,,,"cafe, bistro, coffee_shop, breakfast_restaurant, food_store, store, restaurant, food, point_of_interest, establishment"
Kybelle Cafe,Shoreditch,Cafe,67d0057fe660a8c7f2a6db6e,ChIJQb40l58ddkgRFbn9VWcLMJA,Brunch restaurant,OPERATIONAL,,,"brunch_restaurant, vegan_restaurant, vegetarian_restaurant, breakfast_restaurant, coffee_shop, cafe, food_store, restaurant, food, store, point_of_interest, establishment"
Kynd Canggu,Canggu,Cafe,65fa86d0e0379bf78d5245a2,ChIJpVHyY3RH0i0RnKcfxgLUYgw,Vegetarian Restaurant,OPERATIONAL,,,"vegetarian_restaurant, breakfast_restaurant, vegan_restaurant, family_restaurant, brunch_restaurant, cafe, restaurant, food, point_of_interest, establishment"
Kyso Cafe,Obergiesing-Fasangarten,Cafe,66c1ffe65f02084760873cd9,ChIJ5WKsQCffnUcRcyKoP7y0dvc,Cafe,OPERATIONAL,,,"cafe, food, point_of_interest, establishment"
Käthe Kaffee Oldenburg,Oldenburg,Cafe,6749620ea56284c241daf68e,ChIJNwcd5gTftkcRfK_B9tQk47U,Cafe,OPERATIONAL,,,"cafe, coffee_shop, coffee_roastery, food_store, store, food, point_of_interest, establishment"
L'ATELIER / PRAIA,Praia,Cafe,676736d01376786f173b888e,ChIJifjh7g6ZNQkRtnI2Riz6urk,Restaurant,OPERATIONAL,,,"restaurant, food, point_of_interest, establishment"
LABS 90 High Holborn,Holborn,Coworking Space,6809d001744673d0e5f5a887,ChIJ7awT0SYbdkgRqIgHCXDFZdw,Real estate agency,OPERATIONAL,,,"real_estate_agency, point_of_interest, service, establishment"
LABS Atrium,Camden Town,Coworking Space,6809cff9b0476ee3035a45f2,ChIJ9ZOaE-QadkgRAEG1Zx871vw,Real estate agency,OPERATIONAL,,,"real_estate_agency, point_of_interest, service, establishment"
LABS Hawley Lock,Camden Town,Coworking Space,6809cff8369276b84696299c,ChIJp-zMuKIbdkgR_zyM4KBsz-s,Real estate agency,OPERATIONAL,,,"real_estate_agency, service, point_of_interest, establishment"
LABS Hogarth House,Holborn,Coworking Space,6809d001e45574f02ae155b3,ChIJ9fDlMCIbdkgRiyuOALS9KLI,Real estate agency,OPERATIONAL,,,"real_estate_agency, service, point_of_interest, establishment"
LABS House,Holborn,Coworking Space,6809d001aaa66b13a54e97d5,ChIJjbgz95YbdkgRdMJVFi1f_7A,Real estate agency,OPERATIONAL,,,"real_estate_agency, point_of_interest, service, establishment"
LITERAAT | Telliskivi Rahva Raamat,Telliskivi,Cafe,66f857f037d8e0032dee8e45,ChIJ5awqC5iTkkYRLgpDd8zJpeE,Restaurant,OPERATIONAL,,,"restaurant, breakfast_restaurant, book_store, meal_takeaway, food, store, point_of_interest, establishment"
LULU & FLYN El Born,El Born,Cafe,67dbb818e400d4eb3b3d9ebf,ChIJ9WLtIP6ipBIRAKt6mQR5kDU,Coffee shop,OPERATIONAL,,,"brunch_restaurant, wine_bar, coffee_shop, cocktail_bar, cafe, bar, food_store, store, restaurant, food, point_of_interest, establishment"
LULU & FLYN L'Eixample Dreta,L'Eixample Dreta,Cafe,67dbb8194c69903847e6c1b2,ChIJSWJZDFyjpBIR-KKwq6i7_Gc,Coffee shop,CLOSED_PERMANENTLY,,,"coffee_shop, brunch_restaurant, cafe, food_store, restaurant, food, store, point_of_interest, establishment"
La Boulangerie,Sadama,Cafe,67dbb82f504f03ad3bff5070,ChIJreR0XQaTkkYRbx61GFJoUdo,Bakery,OPERATIONAL,,,"bakery, wine_bar, coffee_shop, cafe, bar, food_store, food, store, point_of_interest, establishment"
La Cite,Oltrarno,Cafe,66c9a000229c69b40827033e,ChIJdZCVuaxWKhMRa-mFXI9E4Tc,Bistro,OPERATIONAL,,,"bistro, book_store, store, restaurant, food, point_of_interest, establishment"
La Maison Rose,Montmartre,Cafe,67dbb82c0a49e102711f6ccb,ChIJcw7CFVtu5kcRsmQNutgxuJk,French restaurant,OPERATIONAL,,,"french_restaurant, bistro, italian_restaurant, european_restaurant, restaurant, food, point_of_interest, establishment"
La Vaca Coworking Barcelona,Poble Sec,Coworking Space,6809cff42aa4ba2c3edff960,ChIJjbdR42aipBIRxLKXQY3JF0M,Coworking space,OPERATIONAL,,,"coworking_space, real_estate_agency, event_venue, service, point_of_interest, establishment"
Laanta@Lanta cafe,Long Beach,Cafe,67d509daa76aa2b2afcc7a37,ChIJea2bSZ8ETjAR5xi3NFKuayA,Cafe,OPERATIONAL,,,"cafe, food, point_of_interest, establishment"
Lab.cafe,Old Town,Cafe,66838ea5f95e35cb4812568f,ChIJZQxjcj-uPIgRUHN8eNw1d0s,Coffee Shop,OPERATIONAL,,,"coffee_shop, cafe, dessert_shop, confectionery, food_store, store, point_of_interest, food, establishment"
Laie Llibreria Cafe,L’Eixample Dreta,Cafe,6667f39d1b019af7ef755fa6,ChIJP07d6fGipBIR4ffhumY-aLE,Book Store,OPERATIONAL,,,"book_store, cafeteria, restaurant, store, point_of_interest, food, establishment"
Lama Cafe,Lamai,Cafe,67dbb8296de5ed125908b2b2,ChIJV26e34_zVDARjYEL6vUY3hU,Coffee shop,OPERATIONAL,,,"coffee_shop, cafe, food_store, store, food, point_of_interest, establishment"
Lamari Siargao,General Luna,Cafe,67246a3a623c6cfc8f2e2516,ChIJqwAOj7sJBDMRiydeYwQKfRI,Hotel,OPERATIONAL,YES,"hotel, lodging, resort_hotel","hotel, resort_hotel, lodging, restaurant, food, point_of_interest, establishment"
Land Food & Coffee,Funchal,Cafe,67d65594c13128f252cdef69,ChIJ9ZwlSZdhYAwRUcO7ZVkPSmY,Restaurant,OPERATIONAL,,,"restaurant, food, point_of_interest, establishment"
Landmark Office Space - Cavendish Square,Oxford Circus,Coworking Space,67d52fb35057b3fadcd55488,ChIJYT3k3tQadkgRDhrTArdeVKQ,Real estate agency,OPERATIONAL,,,"coworking_space, business_center, real_estate_agency, point_of_interest, service, establishment"
Landmark Office Space - New Cavendish Street,Fitzrovia,Coworking Space,67d52fb37c2c7c93f510505e,ChIJVddPSQAbdkgRUXSv0weg-YE,Corporate office,OPERATIONAL,,,"corporate_office, point_of_interest, establishment"
Lanta Coffee Cup Club,Long Beach,Cafe,67d509da045042941d772bb2,ChIJj_aKtJgETjARQTwN7tXIeug,Cafe,OPERATIONAL,,,"cafe, restaurant, point_of_interest, food, establishment"
Launchpad | Serviced Office,Silom,Coworking Space,67d810204bfa605e2961d41e,ChIJDSfo1s2Y4jARl0aSVZajmn4,Coworking space,OPERATIONAL,,,"coworking_space, point_of_interest, establishment"
Laut Cafe,Kedungu,Cafe,66329147b18df8fdb48f6374,ChIJF4uaSgA30i0RYjRQFu28alM,Vegetarian Restaurant,OPERATIONAL,,,"vegetarian_restaurant, restaurant, food, point_of_interest, establishment"
Lazy Cats Cafe,Ubud,Cafe,65fa86d0e0379bf78d5247b4,ChIJN9yS3j890i0RgnLi_TiV9-w,Vegetarian Restaurant,OPERATIONAL,,,"vegetarian_restaurant, coffee_roastery, breakfast_restaurant, lounge_bar, cafe, cocktail_bar, night_club, food_store, bar, store, restaurant, food, point_of_interest, establishment"
Le Bajo Bali,Pererenan,Cafe,682f68cd8cb09f6ab7be4838,ChIJ2fbBG8c50i0R9AKYEYPflcc,Restaurant,OPERATIONAL,,,"restaurant, swimming_pool, brunch_restaurant, bar, sports_activity_location, food, point_of_interest, establishment"
Le Café Phénix,Sukhumvit,Cafe,674b37a0a92a17a46dbe3a4e,ChIJRYBiuXif4jAReXAAQeruQIk,Cafe,OPERATIONAL,,,"cafe, coffee_shop, point_of_interest, food_store, store, food, establishment"
Le Pain Quotidien,St Pancras International,Cafe,6749620dd55091acf47cbf85,ChIJWTFOqDsbdkgRjLJu7VmP8f4,Restaurant,OPERATIONAL,,,"restaurant, brunch_restaurant, breakfast_restaurant, coffee_shop, cafe, bakery, food_store, food, store, point_of_interest, establishment"
Lemanja Uluwatu,Uluwatu (Bingin),Cafe,660f6e1b495c0226b2266fe9,ChIJU7amM91F0i0R4fQAB5kRzKI,Restaurant,OPERATIONAL,,,"restaurant, food, point_of_interest, establishment"
Lexias Hostel Workspace Siargao,General Luna,Coworking Space,67246a39a182f8d77ef9a855,ChIJufHgdXgJBDMRfOlVwm2DPig,Hostel,OPERATIONAL,YES,"hostel, lodging","hostel, lodging, point_of_interest, establishment"
Libera Space,Kuta (Bali),Coworking Space,6631c9dba256acf959346886,ChIJrS9-jlBH0i0Re3WYRRk-ecQ,Coworking Space,OPERATIONAL,,,"coworking_space, real_estate_agency, point_of_interest, service, establishment"
Libertine Cocktail Bar at Casa Bonay,L’Eixample Dreta,Cafe,6667f39d468c623366b68c64,ChIJr7EifO-ipBIRxuZT-TQmKhA,Cocktail Bar,OPERATIONAL,,,"cocktail_bar, bar, point_of_interest, establishment"
Library Cafe,Sukhumvit,Cafe,674b37a0fbc7383b4c994e9a,ChIJswvkcwSf4jARcQc-rIkl4Eo,Cafe,OPERATIONAL,,,"cafe, coffee_roastery, brunch_restaurant, coffee_shop, dessert_shop, confectionery, bakery, restaurant, food_store, store, point_of_interest, food, establishment"
Life Between,Kedungu,Cafe,66329147d668e0e191b0d61d,ChIJsWO_DUc30i0RGktrWtlBzu4,Cafe,OPERATIONAL,,,"cafe, food, point_of_interest, establishment"
Likuid Spaces Centre Road,Colombo 2,Coworking Space,67c19548b957326990536b63,ChIJTTdXX1tZ4joR_CnUZNdbB8M,Coworking space,OPERATIONAL,,,"coworking_space, point_of_interest, establishment"
Likuid Spaces Charles Place,Colombo 3,Coworking Space,67dbb822a4e8954f6bec5cb4,ChIJ-VAUR2FZ4joRf9mbdWuFDVM,Coworking space,OPERATIONAL,,,"coworking_space, lounge_bar, night_club, event_venue, bar, service, point_of_interest, establishment"
Linuxx Serviced Offices Emporium,Khlong Toei,Coworking Space,6840bf1f2865edd274230aa8,ChIJ4dQEgwGf4jARAV_PlFAF8C0,Real estate agency,OPERATIONAL,,,"real_estate_agency, event_venue, service, point_of_interest, establishment"
Linuxx Serviced Offices Vanissa,Lumphini,Coworking Space,6840bf1fccd14459496f7013,ChIJAQAAANee4jARlEjvyaLCaPA,Real estate agency,OPERATIONAL,,,"convention_center, real_estate_agency, event_venue, point_of_interest, service, establishment"
Lisbon-Cowork,Graca,Coworking Space,6809cff65b7d6598c8b425e1,ChIJC9Bfq0IzGQ0R4iDbZ09NUmE,Coworking space,OPERATIONAL,,,"coworking_space, point_of_interest, establishment"
Little Cookies,Srithanu,Cafe,6784e211053e82772ef952d6,ChIJGXdi6gv_VDARNKw4SRBXOIc,Cafe,OPERATIONAL,,,"cafe, food, point_of_interest, establishment"
Littletalks Ubud,Ubud,Cafe,65fa86d0e0379bf78d5247b1,ChIJ7-NvcQg90i0Rd3VFiJBs6xI,Cafe,OPERATIONAL,,,"cafe, bistro, brunch_restaurant, restaurant, food, point_of_interest, establishment"
Living Room Cafe & Restaurant,Long Beach,Cafe,67d509da32c7e0dc91166b5e,ChIJV6JpCp8ETjARWi8QDGSMsQo,Bakery,OPERATIONAL,,,"bakery, coffee_shop, cafe, food_store, store, food, point_of_interest, establishment"
Livit Hub Bali,Sanur,Coworking Space,65fa86d0e0379bf78d5245b8,ChIJdaobacpB0i0RPL6ZreX1S5s,Coworking Space,OPERATIONAL,,,"coworking_space, business_center, event_venue, service, point_of_interest, establishment"
Livraria Nho Eugenio,Praia,Cafe,676736d0e55be10dc129f015,ChIJRfSCBPGYNQkRhnY9cqfoLR8,Cafe,OPERATIONAL,,,"cafe, food, point_of_interest, establishment"
Local Noodle & Cafe,Situbondo,Cafe,6809d00d92fd7d3374c631c4,ChIJcaBxBQAp1y0R2vbrslw8ySc,Coffee shop,OPERATIONAL,,,"coffee_shop, cafe, food_store, store, food, point_of_interest, establishment"
Local Stitch Creator Town Seogyo,Hongdae,Coworking Space,66cf5711048af48af52fbe97,ChIJpdWYTMmZfDURvIMh4wEHACk,Hotel,OPERATIONAL,YES,"hotel, lodging","hotel, lodging, point_of_interest, establishment"
Loja do Cha,Funchal,Cafe,67d6559495de9f50158f8a3c,ChIJI08puwhgYAwRPiTt3T2Vre8,Restaurant,OPERATIONAL,,,"restaurant, tea_store, brunch_restaurant, tea_house, food_store, store, food, point_of_interest, establishment"
Lokl Coffee Co,City Centre,Cafe,660f6e1b5593e3cece07071a,ChIJE7jFVtJJzDERgZoAEKorgIA,Cafe,OPERATIONAL,,,"cafe, breakfast_restaurant, food_store, store, restaurant, food, point_of_interest, establishment"
Loko Cafe,Berawa,Cafe,65fa86d0e0379bf78d5245ad,ChIJD3zUHIU40i0Rv50WhDLdJho,Restaurant,OPERATIONAL,,,"restaurant, breakfast_restaurant, brunch_restaurant, coffee_shop, cafe, food_store, store, food, point_of_interest, establishment"
Lost Weekend,Maxvorstadt,Cafe,66c1ffe65a276f51ed224f38,ChIJl1jXp-x1nkcRWOz1L2XZjOg,Cafe,OPERATIONAL,,,"cafe, vegan_restaurant, vegetarian_restaurant, art_gallery, live_music_venue, library, food_store, event_venue, restaurant, food, store, point_of_interest, service, establishment"
Lost x Found,Jalan Imbi,Cafe,664d01f9a847e150fcf8b603,ChIJ8xCg1Gg3zDERtnrBXDt3Otc,Coffee Shop,OPERATIONAL,,,"coffee_shop, cafe, food_store, store, point_of_interest, food, establishment"
Luka Cafe,Sathon,Cafe,674b37a16541130c2bea45c9,ChIJhXVods6Y4jAR-rsOEBrSXdI,Cafe,OPERATIONAL,,,"cafe, brunch_restaurant, breakfast_restaurant, furniture_store, home_improvement_store, home_goods_store, restaurant, food, store, point_of_interest, service, establishment"
Lumberjack Cafe,Southwark,Cafe,6809d008744673d0e5f5af59,ChIJ6UMlUn8DdkgRGc_MnuchyyE,Coffee shop,OPERATIONAL,,,"coffee_shop, liquor_store, cafe, grocery_store, food_store, food, store, point_of_interest, establishment"
Lumen Cafe,District 8,Cafe,66838ea4c9c44ab2cac000d5,ChIJ__9PsCFFE4cRQShZn9RXBF4,Restaurant,OPERATIONAL,,,"restaurant, point_of_interest, food, establishment"
Lunchroom Borboleta,Nijmegen Centrum,Cafe,67dbb82ce95b63f8187e11de,ChIJAzuXEkIIx0cR-GuPjr8uu3U,Brunch restaurant,OPERATIONAL,,,"brunch_restaurant, restaurant, food, point_of_interest, establishment"
Lusa By Suka,Berawa,Cafe,65fa86d0e0379bf78d52459f,ChIJcYpksxVH0i0RCDMFafUy5N4,Restaurant,OPERATIONAL,,,"restaurant, coffee_shop, cocktail_bar, cafe, bar, food_store, store, food, point_of_interest, establishment"
MATES Coworking,Altstadt-Lehel,Coworking Space,66c1ffe8a92c91bc21116ef0,ChIJdTv5GYh1nkcRvVIR20pJld4,Coworking Space,CLOSED_PERMANENTLY,,,"coworking_space, event_venue, real_estate_agency, point_of_interest, service, establishment"
MAUI Beach Coworking,Poblenou,Coworking Space,6809cff53d3ee1234b7bd553,ChIJk_pjIGujpBIRDH4DRHwWuMo,Coworking space,OPERATIONAL,,,"coworking_space, point_of_interest, establishment"
MD amed,Amed,Cafe,674339c692db7d9f735ea23d,ChIJER1kZ_OcQIYRLc3S-iaJraU,Doctor,OPERATIONAL,,,"doctor, health, point_of_interest, establishment"
MERON Budapest - Specialty Coffee & Brunch,District 5,Cafe,67dbb81d911faea0a7114d36,ChIJqRv2j73dQUcR9SApVu6zkpE,Brunch restaurant,OPERATIONAL,,,"brunch_restaurant, coffee_shop, cafe, food_store, store, restaurant, food, point_of_interest, establishment"
MOB Bailen - Coworking and Office Space,L'Eixample Dreta,Coworking Space,6809cff33edc9df7affd035d,ChIJUTho3uSipBIRts-X_zZHkbg,Coworking space,OPERATIONAL,,,"coworking_space, event_venue, point_of_interest, establishment"
MUNCHIES,Kuta,Cafe,661735cac336e9d49efc2cb4,ChIJUceQ37tG0i0RyR8bzGCaCiM,Diner,OPERATIONAL,,,"diner, restaurant, point_of_interest, food, establishment"
Macro Kitchen,Munggu,Cafe,66329146d668e0e191b0d5ba,ChIJ83Ke1kk50i0RZR9VOk02R58,Restaurant,OPERATIONAL,,,"restaurant, food, point_of_interest, establishment"
Madal Cafe,District 5,Cafe,67dbb81c6a5db9ee9dddb944,ChIJC15ObUTcQUcRi-7fu1-AU7k,Coffee shop,OPERATIONAL,,,"coffee_shop, cafe, food_store, store, food, point_of_interest, establishment"
Madal Cafe - Specialty Coffee Shop - Kavezo,District 7,Cafe,67dbb81d43db72ec1064ff30,ChIJM3LYUhHdQUcRape4ZLeptTg,Coffee shop,OPERATIONAL,,,"coffee_shop, cafe, food_store, store, food, point_of_interest, establishment"
Madame Musur,Phra Nakon,Cafe,674b37a1e6116045f05e6d08,ChIJDfcEY3KZ4jARd76UWwtwXGc,Thai restaurant,OPERATIONAL,,,"thai_restaurant, restaurant, point_of_interest, food, establishment"
Madeira Friends Hub,Funchal,Coworking Space,68a2fa29da54a513639efb75,ChIJ4a5jC4hhYAwRxNaVp4Kz0ZM,Community center,OPERATIONAL,,,"community_center, coworking_space, non_profit_organization, real_estate_agency, event_venue, association_or_organization, service, point_of_interest, establishment"
Magic Tea House,Funchal,Cafe,67d6559437ff54b81df3ef20,ChIJl1O8B4lfYAwRpJYo-xYmY20,Cafe,OPERATIONAL,,,"cafe, breakfast_restaurant, restaurant, food, point_of_interest, establishment"
Magveto Cafe,District 7,Cafe,66838ea3cc73c29067482ae2,ChIJs_RNtULcQUcRH6opsQgohr8,Coffee Shop,OPERATIONAL,,,"coffee_shop, wedding_venue, cafe, book_store, food_store, event_venue, store, service, food, point_of_interest, establishment"
Maia Coffee Shop,Funchal,Cafe,664fb898b68f409634585694,ChIJI00UEbJhYAwR-KJMXIxeNCY,Cafe,OPERATIONAL,,,"cafe, food, point_of_interest, establishment"
Man vs Machine Muellerstrasse,Munich,Cafe,66c1ffe7788daf37985268f4,ChIJB2FdEV7fnUcRMykYvkgi0us,Cafe,OPERATIONAL,,,"cafe, coffee_roastery, coffee_shop, food_store, store, food, point_of_interest, establishment"
Man vs Machine Schellingstrasse,Maxvorstadt,Cafe,66c1ffe602f84885c8de1ba6,ChIJpxNQ4YB1nkcR-o3K1Nde8XU,Cafe,OPERATIONAL,,,"cafe, coffee_shop, coffee_roastery, food_store, store, food, point_of_interest, establishment"
Mandatina Cafe,Canggu,Cafe,65fa86d0e0379bf78d5245b9,ChIJ9SUd-OY50i0RGj2NT1YPr8Q,Cafe,CLOSED_PERMANENTLY,,,"cafe, food, point_of_interest, establishment"
Mango Rooftop,Selong Belanak,Cafe,6619cfac606efa5309eaa20b,ChIJofORbZmnzS0RixfDnu4e6i4,Restaurant,OPERATIONAL,,,"restaurant, sports_bar, hookah_bar, bar, food, point_of_interest, establishment"
Manjerica,Baixa,Cafe,67dbb82921ae962504f3631d,ChIJc5LC0d4zGQ0R4UADe3mmLCQ,Restaurant,OPERATIONAL,,,"restaurant, coffee_shop, vegetarian_restaurant, breakfast_restaurant, cafe, food_store, store, food, point_of_interest, establishment"
Manufact Coffee Roasters,Sternschanze,Cafe,67dbb826504f03ad3bff4b1e,ChIJb8a7b-qPsUcRbRuWE3UQ8KA,Cafe,CLOSED_PERMANENTLY,,,"cafe, food, point_of_interest, establishment"
Mapogu Bali,Uluwatu (Jimbaran),Cafe,65fa86d0e0379bf78d5247a4,ChIJ71ziJPxF0i0Rnzwp1JUXnis,Cafe,OPERATIONAL,,,"cafe, asian_restaurant, coffee_shop, food_store, store, restaurant, food, point_of_interest, establishment"
Maria Food Hub,Intendente,Cafe,67dbb82ba763429798b83dbc,ChIJPUqD-mIzGQ0RtFrmDzrKHBA,Restaurant,OPERATIONAL,,,"restaurant, brunch_restaurant, wine_bar, coffee_shop, pastry_shop, dessert_shop, spanish_restaurant, cocktail_bar, cafe, european_restaurant, bar, confectionery, bakery, food_store, store, food, point_of_interest, establishment"
Marquise da Mobler,Principe Real,Cafe,67dbb829a1ea83e165b76ca2,ChIJW6hbw4IzGQ0R8x-AiciAuxw,Bakery,OPERATIONAL,,,"bakery, food_store, store, food, point_of_interest, establishment"
Masco Coworking Space,George Town,Coworking Space,67dbb82c8db6988b7bc4d2f6,ChIJidMgbZTDSjARWcHtSaOY-lE,Coworking space,OPERATIONAL,,,"coworking_space, point_of_interest, establishment"
Matsu premium matcha & coffee,Old Town,Cafe,67dbb81c0a49e102711f6300,ChIJ-2vh9emJbEcRHTjyeLcWCOo,Cafe,CLOSED_PERMANENTLY,,,"cafe, tea_house, cafeteria, wholesaler, food, point_of_interest, service, establishment"
Medin Bali Cafe & Coffee,Sanur,Cafe,660f6e1ab2c6a776eb2f4b93,ChIJf_TJSs9B0i0RSdLxDb5OkIU,Italian Restaurant,OPERATIONAL,YES,"bed_and_breakfast, lodging","italian_restaurant, bed_and_breakfast, mediterranean_restaurant, coffee_shop, cafe, food_store, european_restaurant, store, lodging, restaurant, food, point_of_interest, establishment"
Melograno Cafe,Pererenan,Cafe,65fa86d0e0379bf78d5245ba,ChIJp6G0aU450i0RP8xSEY3m-80,Coffee Shop,OPERATIONAL,,,"coffee_shop, cafe, food_store, food, store, point_of_interest, establishment"
Merch Cafe Amsterdam,Pererenan,Cafe,660f6e1be9567132909c3cbe,ChIJM2buQxA50i0RI9sk11HxSsw,Restaurant,CLOSED_PERMANENTLY,,,"restaurant, brunch_restaurant, coffee_shop, coworking_space, breakfast_restaurant, cafe, sandwich_shop, food_store, store, food, point_of_interest, establishment"
Merchants Lane,City Centre,Cafe,664d01f9a2219d8f7a1c5ce8,,,NOT_FOUND,,,
Mi Café,Mindelo,Cafe,676736d0a5ce67675dbc38f1,ChIJ02Pd_IwdTwkRJCCbB7fNRno,Coffee shop,CLOSED_TEMPORARILY,,,"coffee_shop, cafe, food_store, store, food, point_of_interest, establishment"
Miche Bangkok,Sukhumvit,Cafe,674b37a18f6a3b8d67dbede8,ChIJac4t0OWf4jARi3kfFp3t1HQ,Cafe,OPERATIONAL,,,"cafe, bagel_shop, sandwich_shop, coffee_shop, bakery, food_store, store, restaurant, food, point_of_interest, establishment"
Miel,Canggu,Cafe,65fa86d0e0379bf78d524587,ChIJYXyNN5U50i0RmIUNsfH9tHw,Coffee Shop,OPERATIONAL,,,"coffee_shop, cafe, food_store, store, food, point_of_interest, establishment"
Milk & Madu Berawa,Berawa,Cafe,65fa86d0e0379bf78d5245a0,ChIJMY56QXlH0i0RjcgOQcZWDXU,Cafe,OPERATIONAL,,,"cafe, pizza_restaurant, brunch_restaurant, playground, family_restaurant, breakfast_restaurant, coffee_shop, food_store, restaurant, food, bar, store, point_of_interest, establishment"
Milk Espresso,Kuta,Cafe,6613fb82df1c6ff3e73f0c96,ChIJHwA6vyyozS0Rv9VgHEDcNYI,Cafe,OPERATIONAL,,,"cafe, brunch_restaurant, coffee_shop, food_store, restaurant, food, home_goods_store, store, service, point_of_interest, establishment"
Milu by Nook,Berawa,Cafe,65fa86d0e0379bf78d52453b,ChIJg2e00HhH0i0R6LXfx19yf0k,Restaurant,OPERATIONAL,,,"restaurant, western_restaurant, food, point_of_interest, establishment"
Mimi’s Café,Srithanu,Cafe,6784e21a0146afa43d35cc6d,ChIJfauDft8BVTARI3WWm2o8CA0,Cafe,OPERATIONAL,,,"cafe, breakfast_restaurant, brunch_restaurant, restaurant, food, point_of_interest, establishment"
Mimpi Grocery,Canggu,Cafe,65fa86d0e0379bf78d524553,ChIJzXC1G0A50i0RRtOZNiTSri0,Bistro,CLOSED_TEMPORARILY,,,"bistro, art_gallery, restaurant, food, point_of_interest, establishment"
Mindspace Friedrichstrasse,Mitte,Coworking Space,67dbb81bc24274cca94b1ff9,ChIJa-cbfNpRqEcR-7OtwASSiFI,Coworking space,OPERATIONAL,,,"coworking_space, business_center, corporate_office, real_estate_agency, event_venue, service, point_of_interest, establishment"
Mindspace Hammersmith,Hammersmith,Coworking Space,67d0057eed7fb89b8d6ef78d,ChIJOWDu444PdkgRtRHxCVJADms,Coworking space,OPERATIONAL,,,"coworking_space, business_center, convention_center, real_estate_agency, event_venue, service, point_of_interest, establishment"
Mindspace Hausvogteiplatz,Mitte,Coworking Space,67dbb81a5203d0ff237908bb,ChIJT3KF8UhRqEcRxtpv-1wIY-4,Coworking space,OPERATIONAL,,,"coworking_space, business_center, corporate_office, real_estate_agency, event_venue, service, point_of_interest, establishment"
Mindspace Krausenstrasse,Mitte,Coworking Space,67dbb81bddcf0747ac9b4624,ChIJZXO14dBRqEcR0zJ2QRco9SM,Coworking space,OPERATIONAL,,,"coworking_space, corporate_office, business_center, event_venue, real_estate_agency, point_of_interest, service, establishment"
Mindspace Muenzstrasse,Mitte,Coworking Space,67dbb81a1b29a29f6ac56e2e,ChIJBzVpiSxRqEcRCqohoqj6_HY,Coworking space,OPERATIONAL,,,"coworking_space, corporate_office, business_center, event_venue, real_estate_agency, point_of_interest, service, establishment"
Mindspace Old Street,Old Street,Coworking Space,67d0057ee23f36cf1738212f,ChIJsU4XTxwddkgRYSH25Rrp4Qc,Coworking space,OPERATIONAL,,,"coworking_space, business_center, corporate_office, real_estate_agency, event_venue, service, point_of_interest, establishment"
Mindspace Shoreditch,Shoreditch,Coworking Space,67cd80c9e31d55649009408f,ChIJkQYK57EcdkgR7ENg5Xr_GpA,Coworking space,OPERATIONAL,,,"coworking_space, convention_center, corporate_office, real_estate_agency, event_venue, service, point_of_interest, establishment"
Mindspace Zimmerstrasse,Mitte,Coworking Space,67dbb81a74e3ee07a6fd76f9,ChIJ7wrGaHpRqEcRut27Nd7rvs4,Coworking space,OPERATIONAL,,,"coworking_space, corporate_office, business_center, event_venue, real_estate_agency, point_of_interest, service, establishment"
Mingle Cafe,City Centre,Cafe,664d01f9b6e884482db2d9b3,ChIJLXu3ErVJzDERAmxPV5jPGq4,Cafe,OPERATIONAL,,,"cafe, brunch_restaurant, coffee_shop, dessert_restaurant, dessert_shop, breakfast_restaurant, sandwich_shop, confectionery, food_store, store, restaurant, food, point_of_interest, establishment"
Mingmitr Tha Phae,Old City,Cafe,660a6636ba6cc2370a21deef,ChIJOz7egHow2jARD7_X7rbStX4,Coffee Shop,OPERATIONAL,,,"coffee_shop, cafe, food_store, store, food, point_of_interest, establishment"
Minimal Coffee Maker,Old City,Cafe,67c19546b0d618a06b1648d9,ChIJ07JJdRM72jAR2E2DkI-vW6k,,ERROR:404,,,
Missionworks,Hammersmith,Coworking Space,6809d0001f2325d5045f64d8,ChIJKRSL3wwPdkgRgKMpTVlkS5k,Coworking space,OPERATIONAL,,,"coworking_space, point_of_interest, establishment"
Mon Cheri Coffee Shop Budapest,District 5,Cafe,67dbb81de95b63f8187e087b,ChIJlYezN7bdQUcRF-2Cq3WSKvU,Cafe,OPERATIONAL,,,"cafe, food, point_of_interest, establishment"
MonAmi Cafe,Bangrak,Cafe,67dbb829f75acbcb4abf6238,ChIJ5XIjrNrxVDARIMeYYBtNxfY,Cafe,OPERATIONAL,,,"cafe, brunch_restaurant, coffee_shop, breakfast_restaurant, food_store, store, restaurant, food, point_of_interest, establishment"
Monday,Uluwatu (Ungasan),Coworking Space,65fa86d0e0379bf78d52478d,ChIJlRayeSBb0i0RYoZ2H5iiYyE,Coworking Space,OPERATIONAL,,,"coworking_space, cafe, event_venue, service, restaurant, food, point_of_interest, establishment"
Mondayyy's Siargao Cafe,General Luna,Cafe,67246a39487b0a37a62b9d98,ChIJCzBaEIH3AzMRNa_4fJtfBT8,Cafe,OPERATIONAL,,,"cafe, brunch_restaurant, breakfast_restaurant, coffee_shop, dessert_shop, confectionery, food_store, store, restaurant, food, point_of_interest, establishment"
Monsieur Spoon Canggu,Canggu,Cafe,67a956433b17907c34541923,ChIJyzvgQ3k40i0ROS0Y11H7FQM,Bakery,OPERATIONAL,,,"bakery, coffee_shop, breakfast_restaurant, cafe, food_store, store, restaurant, food, point_of_interest, establishment"
Moonface,Seminyak,Cafe,6631c9dbb3a10a2206c208b3,ChIJxWG2AxJH0i0Rwo2B860pKh8,Restaurant,OPERATIONAL,,,"restaurant, pizza_restaurant, cafe, meal_takeaway, bar, food, point_of_interest, establishment"
Mother,Ubud,Cafe,66428dc5c6067cca9a7b7d8c,ChIJbfWvRAo90i0RrcQCiVbn8sg,Restaurant,OPERATIONAL,,,"restaurant, juice_shop, brunch_restaurant, coffee_shop, breakfast_restaurant, cafe, bar, food_store, store, food, point_of_interest, establishment"
Motion Cafe,Canggu,Cafe,65fa86d0e0379bf78d5245a7,ChIJ9yNYUnk40i0RDcIQEnOzQq0,Cafe,OPERATIONAL,,,"cafe, health_food_store, vegetarian_restaurant, meal_delivery, food_delivery, food_store, health, restaurant, food, store, point_of_interest, establishment"
Mowie's Berawa,Berawa,Cafe,660f6e192e7f00724dc06856,ChIJ48l52oZH0i0RV6-f8WABRRk,Restaurant,OPERATIONAL,,,"restaurant, food, point_of_interest, establishment"
Mowie's Gili Air,Gili Air,Cafe,6613fb81a2e2f00e648eda44,ChIJ7UlOwMjdzS0RT7PwuhjGTys,Restaurant,OPERATIONAL,YES,"hotel, lodging","restaurant, hotel, bar, cafe, lodging, food, point_of_interest, establishment"
Musa Cookery,Gili Air,Cafe,6613fb823e12203aa0573158,ChIJTxXD983dzS0RaN0_nOypqlo,Vegetarian Restaurant,CLOSED_TEMPORARILY,,,"vegetarian_restaurant, restaurant, food, point_of_interest, establishment"
Mustache Cafe Bali,Munggu,Cafe,6632914636097d417f6772fa,ChIJ8-oJ8Gs50i0RzE_i_jPmG0A,Coffee Shop,OPERATIONAL,,,"coffee_shop, cafe, food_store, food, store, point_of_interest, establishment"
My Bali Coffee,Uluwatu (Ungasan),Cafe,6667f39dd7a7ebd13f0f01ed,ChIJ3ZB4wbZb0i0RcCtf6t7aliQ,Cafe,OPERATIONAL,,,"cafe, restaurant, food, point_of_interest, establishment"
NOHI,Kuta,Cafe,661751ac84aa1260b7bb8a82,ChIJBZsu1aGpzS0RWUxbO0qUQos,Restaurant,OPERATIONAL,,,"restaurant, breakfast_restaurant, pastry_shop, dessert_shop, coffee_shop, cafe, bakery, seafood_restaurant, confectionery, food_store, food, store, point_of_interest, establishment"
Nagara Boutique Hotel and Coworking,Uluwatu (Ungasan),Coworking Space,65fa86d0e0379bf78d52478e,ChIJtVzD2NJE0i0RaMDGN-vmt-4,Hotel,OPERATIONAL,YES,"hotel, lodging","hotel, coworking_space, cafe, lodging, restaurant, food, point_of_interest, establishment"
Nana Coffee Roasters Ari,Ari,Cafe,674b37a18dfb7342938a259a,ChIJl0zcc1ud4jAR6LEHnouPOEo,Coffee shop,OPERATIONAL,,,"coffee_shop, cafe, food_store, store, food, point_of_interest, establishment"
Naplab Chula,Chulalongkorn,Coworking Space,674b37a3db75f1b2a4159bb7,ChIJwVb-Bi6Z4jARXPxQjlh3F7w,Coworking space,OPERATIONAL,,,"coworking_space, point_of_interest, establishment"
Natura Coffee Shop,Praia,Cafe,676736d089a1188e682361e5,ChIJX8X1XH2ZNQkRX2deNEwPR-Y,Coffee shop,OPERATIONAL,,,"coffee_shop, health_food_store, cafe, health, food_store, store, food, point_of_interest, establishment"
Natys Bar & Grill,Ubud,Cafe,6809d00c8fb333d4e527351c,ChIJs6zZ0Lc90i0RAPIGeiyJrrk,Restaurant,OPERATIONAL,,,"restaurant, cafe, bakery, food_store, store, food, point_of_interest, establishment"
Navish Cafe & Hostel,Mae Haad,Cafe,67c19545a61dc8864e8b6ae7,ChIJUwt0JAChVTARViqx-VwfZrM,Hostel,OPERATIONAL,YES,"hostel, lodging","hostel, lodging, point_of_interest, establishment"
Nebula,Berawa,Coworking Space,665ed1a52920d92b2630f77e,ChIJY1RJ9Zs50i0R5x8HN0qZa9g,Coworking Space,OPERATIONAL,,,"coworking_space, corporate_office, point_of_interest, establishment"
Neighbourhood Food,Berawa,Cafe,6631c9dae78668b308db9949,ChIJq_svKGxH0i0RU-zAhMppq8Y,Restaurant,OPERATIONAL,,,"restaurant, cocktail_bar, wine_bar, breakfast_restaurant, brunch_restaurant, bar, coffee_shop, cafe, food_store, store, food, point_of_interest, establishment"
Nes Cafe,Old City,Cafe,67dbb821a4e8954f6bec5be7,ChIJYV081aI62jARSHGmZmEcch4,Cafe,OPERATIONAL,,,"cafe, food, point_of_interest, establishment"
Nira's Home Bakery,Thong Sala,Cafe,6784e218fe2abce0a8c0f434,ChIJZWizpYD-VDARjQc6MZpa29Q,Restaurant,OPERATIONAL,,,"restaurant, coworking_space, coffee_shop, cafe, bakery, food_store, store, service, food, point_of_interest, establishment"
Nirvana Kitchen,Berawa,Cafe,65fa86d0e0379bf78d5245a5,ChIJf37pxIJH0i0RnI3gpkPoUn4,Western Restaurant,OPERATIONAL,,,"western_restaurant, restaurant, food, point_of_interest, establishment"
No Panic Coffee Paniglgasse,Wieden,Cafe,67dbb8302484dbfd03be2252,ChIJeTiFrb4HbUcRnyfFWDRWAKk,Coffee shop,OPERATIONAL,,,"coffee_shop, cafe, food_store, store, food, point_of_interest, establishment"
Noah Cafe,Pererenan,Cafe,65fa86d0e0379bf78d5245b4,ChIJFbwvsgQ50i0RFsDvAziel2g,Coffee Shop,OPERATIONAL,,,"coffee_shop, coworking_space, cafe, food_store, store, restaurant, food, point_of_interest, establishment"
Nook Coworking,JLT,Coworking Space,67dbb8246c76d644eeb542fe,ChIJhZrGd-htXz4Rk5VCzJsH2xE,Coworking space,OPERATIONAL,,,"coworking_space, business_center, service, point_of_interest, establishment"
Nord Coast Coffee,Hoheluft,Cafe,666d61617b96efb34741f8e8,ChIJNcH-G9mPsUcRK5pOWgwujUU,Coffee roastery,OPERATIONAL,,,"coffee_roastery, food, point_of_interest, establishment"
Nord Coast Coffee Roastery,Neustadt,Cafe,67dbb825af3498ee80e11caa,ChIJL4bBwgSPsUcREGHgiON_uVA,Cafe,OPERATIONAL,,,"cafe, coffee_roastery, coffee_shop, food_store, food, store, point_of_interest, establishment"
Norn Nee Nor,Nimman,Cafe,660a6637a2dd5862e976dbfd,ChIJva24zIA72jARWpqzV08ooPE,Hostel,OPERATIONAL,YES,"hostel, lodging","hostel, lodging, point_of_interest, establishment"
Nourish Cafe Uluwatu,Uluwatu (Bingin),Cafe,65fa86d0e0379bf78d5247a0,ChIJlxJgjhdF0i0RA7gwkWNzFaw,Western Restaurant,OPERATIONAL,,,"western_restaurant, restaurant, food, point_of_interest, establishment"
Nourish Cafe Ungasan,Uluwatu (Ungasan),Cafe,65fa86d0e0379bf78d5247a1,ChIJKeNBQjlb0i0RF8nNDg67fqE,Restaurant,OPERATIONAL,,,"restaurant, food, point_of_interest, establishment"
Nude Cafe Babakan,Canggu,Cafe,65fa86d0e0379bf78d52457c,ChIJFay1BbM50i0RLOYPPnFgc2k,Cafe,OPERATIONAL,,,"cafe, food, point_of_interest, establishment"
Nude Cafe Berawa,Berawa,Cafe,65fa86d0e0379bf78d52457d,ChIJZ6Jj8oFH0i0R0sKhEJMIyd8,Cafe,OPERATIONAL,,,"cafe, cocktail_bar, breakfast_restaurant, bar, coffee_shop, food_store, store, restaurant, food, point_of_interest, establishment"
Nui Bakery & Sandwiches Koh Tao,Sairee Beach,Cafe,67c19544f1accb724c1a6600,ChIJnRqkauehVTARpsBxrzB1ZC0,Coffee shop,OPERATIONAL,,,"coffee_shop, pizza_restaurant, cafe, bakery, food_store, store, restaurant, food, point_of_interest, establishment"
Nyom Nyom,Berawa,Cafe,65fa86d0e0379bf78d524582,ChIJX8goOVdH0i0R-Ehm5x7UfcE,Coffee Shop,OPERATIONAL,,,"coffee_shop, cafe, food_store, store, food, point_of_interest, establishment"
OAT New Inn Yard,Shoreditch,Cafe,67c195479a91d10441b8f058,ChIJuTOsR1QddkgR9W4BBn-_8tY,Coffee shop,CLOSED_PERMANENTLY,,,"coffee_shop, cafe, event_venue, bar, food_store, store, food, point_of_interest, establishment"
OKKIO Caffe - Tu Do,District 1,Cafe,67dbb8271eaac0167b91c04d,ChIJDQ1r0-svdTER10fnSvktlVw,Coffee shop,OPERATIONAL,,,"coffee_shop, cafe, food_store, wholesaler, store, food, point_of_interest, service, establishment"
Oasis Coffee Chula,Chulalongkorn,Cafe,677bc82ce480f9dca98f5b03,ChIJ15ORdACZ4jARPfFImlaDPCg,Coffee shop,OPERATIONAL,,,"coffee_shop, cafe, food_store, store, food, point_of_interest, establishment"
Oasis Coffee Huai Khwang,Huai Khwang,Cafe,674b37a1f8c8e65f34560eaa,ChIJ7ya-Wzyd4jARU1ZPQ3H4yk8,Coffee shop,OPERATIONAL,,,"coffee_shop, cafe, food_store, store, food, point_of_interest, establishment"
Oasis Coffee Thanon Rang Nam,Ratchathewi,Cafe,674b37a16067c08a088f3edc,ChIJLcRy5Lae4jAR0c5XYX7_fyY,Coffee shop,OPERATIONAL,,,"coffee_shop, cafe, food_store, store, food, point_of_interest, establishment"
Oblate Cafeteria,Duomo,Cafe,66c9a000a43762e556a453f1,ChIJpfyeIwRUKhMRBxY6AzmS3Io,Coffee Shop,OPERATIONAL,,,"coffee_shop, cafe, food_store, bar, store, food, point_of_interest, establishment"
Ocean Lane - Handcraft Coffee @ SOL,Bophut,Cafe,67dbb8298db6988b7bc4ce71,ChIJC6pbBSDxVDARPurBBMuttKY,Coffee shop,OPERATIONAL,,,"coffee_shop, tea_store, cafe, bakery, food_store, store, food, point_of_interest, establishment"
OfficeFirst,Sathon,Coworking Space,674b37a3ab62ac5800dbe070,ChIJsTXSzjKf4jARdBWLRr5I-4c,Business center,OPERATIONAL,,,"business_center, coworking_space, point_of_interest, service, establishment"
Ofis Voyvoda Istanbul,Karaköy,Coworking Space,66d86b89956e2e75497bf514,ChIJCwiIT665yhQRC7tIYlVqHMw,Coworking Space,OPERATIONAL,,,"coworking_space, point_of_interest, establishment"
Ohana,District 5,Cafe,669a234945922c6668d4ef09,,,NOT_FOUND,,,
Oikia Cafe and Eatery,Probolinggo,Cafe,6809d00c9b273d029c33b6e0,ChIJGzZ1UwSt1y0R5ZYvJEsqxgQ,Cafe,OPERATIONAL,,,"cafe, food, point_of_interest, establishment"
Oku Cafe & Bistro Balangan,Uluwatu (Ungasan),Cafe,67a21a24dab3de17fef18978,ChIJl02oaGtF0i0R7BrY0RsCfuk,Breakfast restaurant,OPERATIONAL,,,"breakfast_restaurant, western_restaurant, pizza_restaurant, pizza_delivery, meal_delivery, food_delivery, cocktail_bar, sandwich_shop, bar, restaurant, food, point_of_interest, establishment"
Old Muse Canggu,Canggu,Cafe,665ed1a567f91d7e74385813,ChIJxSbb3WM50i0RrbjA2SyL0Ak,Restaurant,OPERATIONAL,,,"restaurant, food, point_of_interest, establishment"
Ole & Steen,Victoria,Cafe,6809d00a12a4f2a72acc8edf,ChIJf8AyRqQFdkgRJbYd46M6ztE,Bakery,OPERATIONAL,,,"bakery, coffee_shop, cafe, food_store, store, food, point_of_interest, establishment"
Ombra Cafe,Nimman,Cafe,660a6637d4cb0876d097f85c,ChIJ0VnDUwA72jAR3hmXxy2rDoI,Brunch Restaurant,OPERATIONAL,,,"brunch_restaurant, breakfast_restaurant, coffee_shop, cafe, food_store, store, restaurant, food, point_of_interest, establishment"
One Life Kitchen & Cafe (JVC),JVC,Cafe,67dbb82410fcee80de3205fb,ChIJ0_rbKXdtXz4Rki2cejLQ9OQ,Restaurant,OPERATIONAL,,,"restaurant, pizza_delivery, pizza_restaurant, breakfast_restaurant, coffee_shop, cafe, meal_delivery, food_delivery, meal_takeaway, food_store, store, food, point_of_interest, establishment"
One Life Kitchen and Cafe (d3),Dubai Design District,Cafe,67dbb8236cc27ddd6936866c,ChIJ627xThFoXz4R49vvxoMOw8s,Restaurant,OPERATIONAL,,,"restaurant, cocktail_bar, coffee_roastery, breakfast_restaurant, coffee_shop, cafe, bar, food_store, food, store, point_of_interest, establishment"
OneCoWork Catedral,Gothic Quarter,Coworking Space,6667f39f541a6794de3c60c5,ChIJvxA2IJOjpBIRk-5oY63nXwA,Coworking Space,OPERATIONAL,,,"coworking_space, point_of_interest, establishment"
OneCoWork Placa Catalunya,Placa Catalunya,Coworking Space,6667f39d5c334145f794c84f,ChIJWWQj3fCipBIRfQLyRRuFwPk,Coworking Space,CLOSED_PERMANENTLY,,,"coworking_space, corporate_office, event_venue, point_of_interest, establishment"
Oneway Espresso,Amed,Cafe,674339c636e86e0b98d8fed4,ChIJ2dYmX9EB0i0Rb_zsOgUJzi0,Coffee Shop,OPERATIONAL,,,"coffee_shop, cocktail_bar, brunch_restaurant, bar, cafe, food_store, japanese_restaurant, store, restaurant, food, point_of_interest, establishment"
Only Connect Kings Cross,King's Cross,Coworking Space,6809d002ab10cbeb29fc77b9,ChIJl49JuUcbdkgR4fDn9_deq0Q,Coworking space,OPERATIONAL,,,"coworking_space, point_of_interest, establishment"
Open House,Phloen Chit,Cafe,6668001c12cc74f3b0e70dc3,ChIJ_c93mNye4jAR6UrMGgTzkeU,Book Store,OPERATIONAL,,,"book_store, store, point_of_interest, establishment"
Openhouse Cafe,Pererenan,Cafe,6725a28edc6305cc1d05e5fd,ChIJRfVHDQA50i0R78l1hYjP2iM,Cafe,OPERATIONAL,,,"cafe, breakfast_restaurant, brunch_restaurant, juice_shop, coffee_shop, food_store, store, restaurant, food, point_of_interest, establishment"
Orion Cafe,Srithanu,Cafe,6784e21342cb3312d6bd4c87,ChIJfw-EqSH-VDARtzmovmEfAqE,Cafe,OPERATIONAL,,,"cafe, food, point_of_interest, establishment"
Outpost Ubud Coworking,Ubud,Coworking Space,67a956434bf28c588cfe8479,ChIJJQhT6KA90i0RiIrfxiXiYmU,Coworking space,OPERATIONAL,,,"coworking_space, point_of_interest, establishment"
Outpost Ubud Penestanan,Ubud,Coworking Space,65fa86d0e0379bf78d5247a8,ChIJD6nZrCM90i0RqgwiEXpBRrQ,Hotel,OPERATIONAL,YES,"hotel, lodging","hotel, coworking_space, lodging, point_of_interest, establishment"
Outsite Cowork Cafe - Lisbon,Principe Real,Coworking Space,67dbb82bed6cebb08a3d7324,ChIJmXvhdQs1GQ0RW12nb7Rmn-w,Coworking space,OPERATIONAL,,,"coworking_space, point_of_interest, establishment"
PAU Coworking,Sant Antoni,Coworking Space,6809cff4f1c03b3ee7301806,ChIJs5DRIV6ipBIRORrxwgoN2GM,Coworking space,OPERATIONAL,,,"coworking_space, point_of_interest, establishment"
PJ's Beach Bar & Grill,Gili Air,Cafe,67a95645a3411b789b68e3a9,ChIJowkuFUndzS0RXzhzmpNXpHg,Western restaurant,OPERATIONAL,,,"western_restaurant, restaurant, food, point_of_interest, establishment"
PLAY House,Guapulo,Coworking Space,682f68cf5ea7af73c20f95c0,ChIJ68_AhP-b1ZER9jWtUTiVuGM,Coworking space,CLOSED_TEMPORARILY,YES,"extended_stay_hotel, hostel, hotel, lodging","coworking_space, extended_stay_hotel, hostel, hotel, lodging, event_venue, service, point_of_interest, establishment"
PUCO Rooftop,Canggu,Coworking Space,65fa86d0e0379bf78d524577,ChIJOy4VgxU50i0R8mawVCoFiRw,Coworking Space,OPERATIONAL,YES,"bed_and_breakfast, guest_house, lodging","coworking_space, brunch_restaurant, guest_house, bed_and_breakfast, breakfast_restaurant, internet_cafe, coffee_shop, cafe, community_center, lodging, food_store, event_venue, store, service, restaurant, food, point_of_interest, establishment"
PULP Cafe Bangsar,Bangsar,Cafe,67dbb8298db6988b7bc4cea5,ChIJm6JWXJBJzDERQ-oI2YmC6VU,Cafe,CLOSED_TEMPORARILY,,,"cafe, food, point_of_interest, establishment"
Paccari Experience House,Guapulo,Cafe,682f68cfd76c09cb79ce280b,ChIJtbofVQma1ZERse9G98gODJI,Food,OPERATIONAL,,,"chocolate_shop, ice_cream_shop, dessert_shop, chocolate_factory, coffee_shop, cafe, candy_store, confectionery, food_store, restaurant, food, store, point_of_interest, establishment"
Pachamama Organic Cafe,Gili Air,Cafe,6613fb823251d290b2da8a93,ChIJX5nYbtPdzS0RQUqLd_ctAjA,Cafe,OPERATIONAL,,,"cafe, breakfast_restaurant, vegetarian_restaurant, brunch_restaurant, bar, spa, restaurant, food, point_of_interest, service, establishment"
Paddington Works Coworking & Meeting Rooms,Paddington,Coworking Space,6809d00596ac59bddca355d7,ChIJkycdE5AbdkgREE6ar2-45ls,Coworking space,OPERATIONAL,,,"coworking_space, business_center, real_estate_agency, auditorium, event_venue, service, point_of_interest, establishment"
Palo Alto Club,Telliskivi,Coworking Space,67dbb82e9d6996c79dc04e0f,ChIJT8agz9yTkkYRtRPydCI277M,Coworking space,OPERATIONAL,,,"coworking_space, point_of_interest, establishment"
Pan Kralicek Priestor,Old Town,Cafe,67dbb81c98d3364802634e45,ChIJy8CSJDiJbEcRQALlgWQvaS4,Coffee shop,OPERATIONAL,,,"coffee_shop, cafe, food_store, food, store, point_of_interest, establishment"
Papaya Cafe Cabo Verde,Santa Maria,Cafe,676736cff6ff5b3bc250884c,ChIJoTeSWpZdSwkRw3H9wNA4C6w,Restaurant,OPERATIONAL,,,"restaurant, brunch_restaurant, vegan_restaurant, vegetarian_restaurant, food, point_of_interest, establishment"
Paper Plane Project,Thonglor,Cafe,66428dc52c8f91f5c0e69bad,ChIJuVjhBQmf4jARQIUPLDHyIEU,Restaurant,OPERATIONAL,,,"restaurant, cocktail_bar, bar, coffee_shop, cafe, food_store, store, food, point_of_interest, establishment"
Parq,Ubud,Coworking Space,65fa86d0e0379bf78d5247ac,ChIJD7QfecIj0i0R1OALvkVGTZA,Resort hotel,OPERATIONAL,YES,"hotel, lodging, resort_hotel","resort_hotel, coworking_space, gym, sports_activity_location, restaurant, food, hotel, lodging, health, point_of_interest, establishment"
Paul Le Café Iconsiam,Khlong San,Cafe,674b37a18dfb7342938a25cb,ChIJ5SSjBjeZ4jARGoUFRgAFM3A,Cafe,OPERATIONAL,,,"cafe, food, point_of_interest, establishment"
Peak Cafe Koh Lanta,Klong Khong,Cafe,67d509dbd0b07d0b71f60e24,ChIJ5Wv2-8EETjAR4JUI33EFIHo,Coffee shop,OPERATIONAL,,,"coffee_shop, bistro, breakfast_restaurant, cafe, food_store, store, restaurant, food, point_of_interest, establishment"
Phangan Coffee,Thong Sala,Cafe,6784e21328014e1b748e7550,ChIJFwBVtlT9VDARAI8Mm5tQsMM,Coffee shop,OPERATIONAL,,,"coffee_shop, cafe, food_store, store, food, point_of_interest, establishment"
Phe Coffee - The Garden,Da Nang,Cafe,6666b048562f1e37d4f78b25,ChIJ16txpoYXQjERHDGfdU6EoAI,Coffee Shop,OPERATIONAL,,,"coffee_shop, cafe, food_store, store, food, point_of_interest, establishment"
Phil Coffee Co,Thonglor,Cafe,674b37a17c16244ffee9224a,ChIJbcoTwj1eHTERLEXOshJuVjg,Cafe,OPERATIONAL,,,"cafe, coffee_shop, coffee_roastery, food_store, store, food, point_of_interest, establishment"
Pi55 Coworking Space,Athens,Coworking Space,66f6dc5cd3a1bde5c5fbdb21,ChIJkadX7DlrJi4R3nXcguCTUQ8,Coworking Space,OPERATIONAL,,,"coworking_space, point_of_interest, establishment"
Piccolo Backyard Picoroaster,Chulalongkorn,Cafe,67dbb8189b9a7bd5d4e4ecb6,ChIJh8lZT_if4jARPwhwMa0L6k8,Coffee shop,OPERATIONAL,,,"coffee_shop, cafe, food_store, food, store, point_of_interest, establishment"
Piccolo Vicolo Café,Ratchathewi,Cafe,6668001ca635cdc13c73bffb,ChIJL9DOr2KZ4jAR--KZokj__o0,Coffee Shop,OPERATIONAL,,,"coffee_shop, cafe, dessert_shop, confectionery, food_store, food, store, point_of_interest, establishment"
Pickwicks,Innere Stadt,Cafe,6676cf0652d6a726321f48f8,ChIJu7_wgKEHbUcR9WmiUhJefiA,Pub,OPERATIONAL,,,"pub, karaoke, cafe, night_club, bar, association_or_organization, food, point_of_interest, establishment"
Plexal Shoreditch,Shoreditch,Coworking Space,6809d00a41cbbf7c9a3974f4,ChIJG-2cCTYddkgRdrfcVcXaQ34,Coworking space,OPERATIONAL,,,"coworking_space, point_of_interest, establishment"
Plexal Stratford,Hackney,Coworking Space,6809d000961511d665e9e1b5,ChIJqRdzUA0ddkgRCVvKOKNCX5Q,Coworking space,OPERATIONAL,,,"coworking_space, event_venue, consultant, point_of_interest, service, establishment"
Porcupine Café,Ari,Cafe,674b37a1334d8fa6dd913fe7,ChIJt2-nHR2c4jARFOFl8saao7U,Coffee shop,OPERATIONAL,,,"coffee_shop, liquor_store, bar, cafe, food_store, store, restaurant, food, point_of_interest, establishment"
Prima Caju,Funchal,Cafe,67d6559481c2dd042f14962d,ChIJdYpbPb1hYAwRRNuNfKXcOk4,Restaurant,OPERATIONAL,,,"breakfast_restaurant, restaurant, food, point_of_interest, establishment"
Prime Cafe,Thong Sala,Cafe,6784e2173e2d6e2a81c444b2,ChIJt7behy__VDARFDL7_A_isDI,Cafe,OPERATIONAL,,,"cafe, coffee_shop, food_store, store, restaurant, food, point_of_interest, establishment"
Prime Coworking Palmarejo Baixo,Praia,Coworking Space,676736d055a65924fbd005a1,ChIJR9N-Q1aYNQkROj3az7SCkxs,Services,OPERATIONAL,,,"point_of_interest, consultant, service, establishment"
Prufrock Coffee,Holborn,Cafe,6809d0028141cc203339b509,ChIJac2MJkwbdkgREaRKCWzWrHc,Coffee shop,OPERATIONAL,,,"coffee_shop, cafe, point_of_interest, food_store, store, food, establishment"
Public Coffee Roasters Wexstrasse,Neustadt,Cafe,67dbb8254d8a2c443942e8c8,ChIJB-5I8RCPsUcRevUnfWh__SM,Cafe,OPERATIONAL,,,"cafe, vegan_restaurant, vegetarian_restaurant, restaurant, food, point_of_interest, establishment"
Punspace Tha Phae Gate,Old City,Coworking Space,660a663590a05eb56f0ebadc,ChIJSaQd-KE62jARrw6mKtblSS4,Coworking Space,OPERATIONAL,,,"coworking_space, point_of_interest, establishment"
Punspace Wiang Kaew,Old City,Coworking Space,67c1954788ef56df50c5646b,ChIJ70YKaJc62jARBad3R1y7O2E,Coworking space,OPERATIONAL,,,"coworking_space, point_of_interest, establishment"
Pura Vida Seseh,Seseh,Cafe,66329146445ac40030a97b5d,ChIJ9cBIY6s50i0R1zPwJ6NycbI,Coffee Shop,CLOSED_TEMPORARILY,,,"coffee_shop, cafe, food_store, store, food, point_of_interest, establishment"
Puri Rai Restaurant,Padang Bai,Cafe,6613fb83428d9ba62b16bb12,ChIJHe2kyGcO0i0RcmH6yNT8l_o,Indonesian Restaurant,OPERATIONAL,,,"indonesian_restaurant, restaurant, food, point_of_interest, establishment"
Puritan,Ari,Cafe,674b37a2ef4caa499b5c1e80,ChIJtbHdM6ie4jAR1W_bTWd3ifA,Cafe,OPERATIONAL,,,"cafe, food, point_of_interest, establishment"
Qima Cafe and Patisserie - Fitzrovia,Fitzrovia,Cafe,6809cffe9b7082d7ab2616de,ChIJtXePX5kbdkgRkSTC1tyoZiI,Coffee shop,OPERATIONAL,,,"coffee_shop, coffee_roastery, pastry_shop, dessert_shop, cafe, confectionery, bakery, food_store, store, food, point_of_interest, establishment"
Q’s,Srithanu,Cafe,6784e2116afb8172e6e9818a,ChIJJY3OV9QBVTARsHlr_b36jOA,Vegetarian restaurant,OPERATIONAL,,,"vegetarian_restaurant, vegan_restaurant, restaurant, food, point_of_interest, establishment"
R Coffee,Munggu,Cafe,663291462f3606ae84b835c6,ChIJBRQXJbo50i0Revq3eMf8-vo,Coffee Shop,CLOSED_PERMANENTLY,,,"coffee_shop, cafe, food_store, store, food, point_of_interest, establishment"
RONG CAFE,Baan Tai,Cafe,6784e21952c3fbabb938e276,ChIJw44MFE_8VDARXKYEB_vQsbM,Coffee shop,OPERATIONAL,,,"coffee_shop, coffee_roastery, cafe, art_gallery, food_store, store, food, point_of_interest, establishment"
ROST Bakery,Rotermann Quarter,Cafe,67dbb82fddbd6ff42ecee53b,ChIJP73vtWCTkkYRAAmn7hNt9aM,Bakery,OPERATIONAL,,,"bakery, coffee_shop, cafe, food_store, food, store, point_of_interest, establishment"
Rabbithole Bakery Project,Berawa,Cafe,65fa86d0e0379bf78d5245b6,ChIJgadPUWY50i0Rz5FAwj1IjxY,Bakery,OPERATIONAL,,,"bakery, food_store, food, store, point_of_interest, establishment"
Ranjana Café & Coworking Space,Kerobokan,Coworking Space,660a351143bf1e4a02e97799,ChIJ79gkCCxH0i0RzLNG1z-sgRA,Coffee Shop,OPERATIONAL,,,"coffee_shop, coworking_space, cafe, food_store, food, store, point_of_interest, establishment"
Recharge Bar and Restaurant,Kuta,Cafe,6619cfabfac8bec5e7ddb491,ChIJ6UWSCPKpzS0R2qgf_B5sf_U,Restaurant,OPERATIONAL,,,"restaurant, bar, food, point_of_interest, establishment"
Red Drip - Specialty Coffee (Banthatthong),Chulalongkorn,Cafe,67c195436cc3bde415cd6c01,ChIJ_7d8BsOZ4jARVXyH9-sMZTI,Coffee shop,OPERATIONAL,,,"coffee_shop, coffee_stand, coffee_roastery, coworking_space, cafe, food_store, store, food, point_of_interest, establishment"
Red Panda Hostel & Cafe,Santitham,Cafe,67dbb8221b29a29f6ac5712b,ChIJwUYs5fI72jARlVFokOLYma8,Hostel,OPERATIONAL,YES,"hostel, lodging","hostel, coffee_shop, coworking_space, cafe, lodging, food_store, store, food, point_of_interest, establishment"
Redemption Roasters - Covent Garden,Covent Garden,Cafe,6809cffd369276b846962d54,ChIJh52Doo4FdkgRdm2mh5wlPeo,Coffee shop,OPERATIONAL,,,"coffee_shop, cafe, food_store, store, food, point_of_interest, establishment"
Redemption Roasters - Holborn,Holborn,Cafe,6809d001fee47a27657c44b2,ChIJj8TIK9UbdkgR4rmyckNclVg,Coffee shop,OPERATIONAL,,,"coffee_shop, cafe, food_store, store, food, point_of_interest, establishment"
Redemption Roasters - Piccadilly,Piccadilly,Cafe,6809d00512a4f2a72acc8a83,ChIJOz7-aUAFdkgRLKpJOJgFthw,Coffee shop,OPERATIONAL,,,"coffee_shop, cafe, food_store, food, store, point_of_interest, establishment"
Remote&Digital Coworking @ The District,Thong Sala,Coworking Space,6784e20f2c567ba362777bd8,ChIJWyFL0Nn9VDARMTtfyVRBYCo,Coworking space,CLOSED_PERMANENTLY,,,"coworking_space, point_of_interest, establishment"
Remote&Digital Coworking La Casa,Baan Tai,Coworking Space,6784e21eef53f58d51dd260a,ChIJXV1vMJ79VDARHTfq4FD9py0,Coworking space,OPERATIONAL,,,"coworking_space, internet_cafe, service, point_of_interest, establishment"
Restaurante Anabel,Praia,Cafe,676736d0172848529ca6a830,ChIJC_yo1liZNQkRCNcuq23tVv0,Brunch restaurant,OPERATIONAL,,,"brunch_restaurant, cafe, restaurant, food, point_of_interest, establishment"
Restaurante Arraial da Imperatriz,Funchal,Cafe,67d65594fae0bf02991b6881,ChIJ6yQulYlfYAwR8j3M5PzM3Qg,Restaurant,OPERATIONAL,,,"restaurant, food, point_of_interest, establishment"
Restaurante Tambake,Praia,Cafe,676736d0a6c4a906421570cf,ChIJX7yI1riZNQkRjq8ufveGv9g,Vegan restaurant,OPERATIONAL,,,"vegan_restaurant, vegetarian_restaurant, restaurant, food, point_of_interest, establishment"
Revolver Canggu,Canggu,Cafe,65fa86d0e0379bf78d524576,ChIJnY-evaw50i0RD_tH6R6pDyw,Cafe,OPERATIONAL,,,"cafe, breakfast_restaurant, coffee_shop, clothing_store, food_store, bar, store, restaurant, food, point_of_interest, establishment"
Rhodes Project SCE,Rhodes,Coworking Space,66e7cd909fc161515f714c6d,ChIJNY7tJZNhlRQR2qvUiYwqLJs,Research Institute,OPERATIONAL,,,"research_institute, coworking_space, point_of_interest, establishment"
RiZE Cafe,Pererenan,Cafe,65fa86d0e0379bf78d5245a9,ChIJXX4Otcs50i0Rs8ioBRw66Ms,Indian Restaurant,OPERATIONAL,,,"indian_restaurant, breakfast_restaurant, north_indian_restaurant, brunch_restaurant, coffee_shop, cafe, south_indian_restaurant, food_store, store, restaurant, food, point_of_interest, establishment"
Rimba Cafe,Amed,Cafe,674339c6c8c703d92acf948a,ChIJQwRB_mIA0i0RchCKEOmujkE,Restaurant,OPERATIONAL,,,"restaurant, pastry_shop, dessert_restaurant, cafeteria, buffet_restaurant, tea_store, sandwich_shop, coffee_shop, cafe, dessert_shop, bakery, confectionery, food_store, store, food, point_of_interest, establishment"
Ring Djinar,Canggu,Cafe,65fa86d0e0379bf78d524579,ChIJh2_sQDg50i0RuZcoQOHMHJs,Restaurant,OPERATIONAL,,,"restaurant, food, point_of_interest, establishment"
Ristr8to Original,Nimman,Cafe,660a66367197f3107c46168b,ChIJIdQIQbc72jARb7Z3AF_aLSg,Coffee Shop,OPERATIONAL,,,"coffee_shop, cafe, food_store, store, food, point_of_interest, establishment"
Roast Coffee & Eatery,Thonglor,Cafe,674b37a2e281a34da8daf684,ChIJicwRRFOe4jARAcJ7qJDLIe8,Coffee shop,OPERATIONAL,,,"coffee_shop, breakfast_restaurant, cafe, american_restaurant, restaurant, food_store, store, point_of_interest, food, establishment"
Roast8ry Lab,Nimman,Cafe,660a6636ad8b19263359afc9,ChIJAzODB2I62jARfrOZvzaVTwM,Coffee Shop,OPERATIONAL,,,"coffee_shop, cafe, food_store, store, food, point_of_interest, establishment"
Roastniyom Coffee - Nimman,Nimman,Cafe,67dbb81f0a49e102711f649a,ChIJw8USpIk62jARvNmN_v-NE0k,Coffee shop,OPERATIONAL,,,"coffee_shop, cafe, food_store, store, food, point_of_interest, establishment"
Rockaway Kintamani,South Batur,Cafe,67d0057fb74e588f084245fb,ChIJ-QwgKAD10S0RyMO-pv7CRso,Restaurant,OPERATIONAL,,,"restaurant, coffee_shop, cafe, food_store, food, store, point_of_interest, establishment"
Rocket Coffeebar,Sathon,Cafe,674b37a231a2fd6ff89b7516,ChIJfUsyjs2Y4jARjtWzoP89ggU,Cafe,OPERATIONAL,,,"cafe, dessert_restaurant, coffee_shop, food_store, store, restaurant, food, point_of_interest, establishment"
Roma & Sants,Sants,Cafe,67dbb81bfd6d8320609aa597,ChIJAeMfE4SYpBIRQJL8Nium06Q,Coffee shop,OPERATIONAL,,,"coffee_shop, bar, cafe, food_store, store, food, point_of_interest, establishment"
Roots Plant Based Cafe,Da Nang,Cafe,665eca884b52d264879a89f7,ChIJAc8D7xwXQjERg_lCDxkqvAg,Restaurant,OPERATIONAL,,,"breakfast_restaurant, vegan_restaurant, vegetarian_restaurant, restaurant, food, point_of_interest, establishment"
Rusters,Ubud,Cafe,65fa86d0e0379bf78d5247b3,ChIJQ25192U90i0RmRM5fXOmY8A,Restaurant,OPERATIONAL,,,"restaurant, cafe, food, point_of_interest, establishment"
Rybka Cafe and Bookshop,New Town,Cafe,67dbb82cd5406b36281692ba,ChIJI1T_l_GUC0cRxJbtGUgEZTI,Coffee shop,OPERATIONAL,,,"coffee_shop, cafe, food_store, store, food, point_of_interest, establishment"
SAGA Coffee Stories,L'Eixample Dreta,Cafe,67dbb81a6a5db9ee9dddb732,ChIJsdF83BajpBIRKmmbdJpHGY8,Coffee shop,OPERATIONAL,,,"coffee_shop, cafe, food_store, store, food, point_of_interest, establishment"
SERENDIPITY Coffee House,Pimlico,Cafe,6809d006c6ebe30715270158,ChIJVRhkUkcFdkgRIH2iITaYrn0,Coffee shop,OPERATIONAL,,,"coffee_shop, cafe, food_store, store, food, point_of_interest, establishment"
SIX ON SIX Cafe,My An,Cafe,67dbb8236c76d644eeb54283,ChIJiaXn52YXQjERbd2jnJ1Xmg0,Restaurant,OPERATIONAL,,,"restaurant, bistro, diner, cocktail_bar, brunch_restaurant, breakfast_restaurant, coffee_shop, cafe, bar, food_store, food, store, point_of_interest, establishment"
SMOON,Klong Nin,Cafe,67d509dbec8577ad324a0da4,ChIJMeHDTcsFTjARKxJRW78Zrls,Cafe,CLOSED_PERMANENTLY,,,"cafe, food, point_of_interest, establishment"
SOKKOOL Coliving & Coworking,Berawa,Coworking Space,67d78a0bd01eb8fd6ab57efe,ChIJWSkl1jRH0i0RQtjmt402op0,Coworking space,OPERATIONAL,YES,"hotel, lodging","coworking_space, hotel, lodging, restaurant, food, point_of_interest, establishment"
STANDARD CAFE,Old Town,Cafe,67dbb82cddcf0747ac9b5a11,ChIJRTCgje-UC0cRT2cQUrlJV18,Coffee shop,OPERATIONAL,,,"bar, coffee_shop, cafe, food_store, store, food, point_of_interest, establishment"
STORIES,Old City,Cafe,660a6636dcbe8e82168d0d35,ChIJL_sXf4XIxokRHJDoOsMUYKA,Local Government Office,OPERATIONAL,,,"parking_garage, parking_lot, parking, local_government_office, transportation_service, government_office, service, point_of_interest, establishment"
STUDIOS 94,Suthep,Coworking Space,6861a7d71ecd566aa10a46e2,ChIJPVzEk6g72jARAFhFmEKnGbA,Art studio,OPERATIONAL,,,"art_studio, art_gallery, cafe, educational_institution, food, store, point_of_interest, service, association_or_organization, establishment"
Salty Coffee Bali,Uluwatu,Cafe,67a956432fd30ee1c7c86bbd,ChIJ86AFEThF0i0R4dA8p8fzSfY,Brunch restaurant,CLOSED_PERMANENTLY,,,"brunch_restaurant, juice_shop, coffee_shop, cafe, food_store, store, restaurant, food, point_of_interest, establishment"
Samm's Farm,Canggu,Cafe,65fa86d0e0379bf78d52458a,ChIJAyYw3ZU50i0RjXvlIm0daHA,Restaurant,OPERATIONAL,,,"restaurant, coworking_space, garden, bar, store, food, point_of_interest, establishment"
Sand & Tan,Haad Rin,Cafe,6784e21266b29ec2d9e6fb47,ChIJI8q3IWX9VDARv3z77MZRRlk,Restaurant,OPERATIONAL,,,"restaurant, food, point_of_interest, establishment"
Sangha Cowork Funchal,Funchal,Coworking Space,664fb898e38eec241d3ce301,ChIJmWqViV8IBSIRhdCtkXufphU,Coworking Space,OPERATIONAL,,,"coworking_space, event_venue, service, point_of_interest, establishment"
Sangkala,Canggu,Cafe,65fa86d0e0379bf78d5245b5,ChIJIWycMVs50i0RV4E05bRNKiw,Coffee Shop,OPERATIONAL,,,"coffee_shop, cafe, food_store, store, restaurant, food, point_of_interest, establishment"
Sari Kitchen,Canggu,Cafe,65fa86d0e0379bf78d524583,ChIJVwZGvMo50i0R5i1fzyT73S4,Restaurant,OPERATIONAL,,,"restaurant, brunch_restaurant, breakfast_restaurant, coffee_shop, cafe, food_store, food, store, point_of_interest, establishment"
Sarnies Cafe Sukhumvit,Sukhumvit,Cafe,66428dc544d81e3a3f30c255,ChIJAaXn2tmf4jARTkcXEwcV17M,Cafe,OPERATIONAL,,,"cafe, coffee_roastery, brunch_restaurant, sandwich_shop, coffee_shop, bakery, pizza_restaurant, food_store, wholesaler, manufacturer, restaurant, food, store, point_of_interest, service, establishment"
SatuSatu Coffee Company,Berawa,Cafe,65fa86d0e0379bf78d524581,ChIJI3fw3n1H0i0RuMkOSYRJueQ,Coffee Shop,OPERATIONAL,,,"coffee_shop, cafe, food_store, restaurant, food, store, point_of_interest, establishment"
Saute Canggu,Canggu,Cafe,67a956420121dd9da02354d9,ChIJ08qBy1A50i0RIeFEjyhMlaY,Coffee shop,OPERATIONAL,,,"coffee_shop, cafe, food_store, store, food, point_of_interest, establishment"
Savor Pererenan,Pererenan,Cafe,674339c659d39d6f8dc86602,ChIJ_UHGV4U50i0RyhbzWsVMw8U,Restaurant,OPERATIONAL,,,"restaurant, food, point_of_interest, establishment"
Saya Work,Berawa,Coworking Space,65fa86d0e0379bf78d5245a4,ChIJy3uTGOxH0i0RiEclMao8kjw,Fitness center,OPERATIONAL,,,"fitness_center, coworking_space, spa, gym, sports_school, sports_complex, sports_activity_location, health, point_of_interest, establishment"
Sayuri Healing Food,Ubud,Cafe,65fa86d0e0379bf78d5247b2,ChIJSx0V1W490i0RkKnUpIOljuU,Vegan Restaurant,OPERATIONAL,,,"vegan_restaurant, vegetarian_restaurant, event_venue, restaurant, food, point_of_interest, establishment"
Schoendorf Bio Cafe,Old Town,Cafe,66838ea34c9bbcdc5491c5a9,ChIJSQfZ3ESJbEcRklBNFZxm7G0,Bistro,OPERATIONAL,,,"bistro, brunch_restaurant, breakfast_restaurant, coffee_shop, cafe, bar, food_store, store, restaurant, food, point_of_interest, establishment"
Seagull Method Cafe - Brunch,Principe Real,Cafe,67dbb82bddcf0747ac9b5973,ChIJv8XqLzozGQ0RPvwuKpDAi0I,Cafe,OPERATIONAL,,,"cafe, coffee_stand, brunch_restaurant, breakfast_restaurant, coffee_shop, food_store, restaurant, food, store, point_of_interest, establishment"
Second Home Holland Park,Holland Park,Coworking Space,67d0057ee4386956d5233847,ChIJXQIJYecPdkgRcMck1hsB3ks,Coworking space,OPERATIONAL,,,"coworking_space, cultural_center, real_estate_agency, event_venue, point_of_interest, service, establishment"
Second Home Mercado,Cais do Sodre,Coworking Space,67d0057e94816bfdd92d2a34,ChIJz7YW9H00GQ0RXQjcw9JEVqo,Coworking space,OPERATIONAL,,,"coworking_space, event_venue, point_of_interest, service, establishment"
Second Home Spitalfields,Spitalfields,Coworking Space,67cd80c9bca334002604a20e,ChIJrWaBB7YcdkgRw6Fv--wBXIU,Coworking space,OPERATIONAL,,,"coworking_space, cultural_center, event_venue, point_of_interest, establishment"
Secret Spot Canggu,Canggu,Cafe,67c19547747f55c0778ab2ea,ChIJmZf0Vlc50i0RR3Z4gOnFmUM,Vegan restaurant,CLOSED_TEMPORARILY,,,"vegan_restaurant, vegetarian_restaurant, restaurant, food, point_of_interest, establishment"
See Cafe @ Arcoris Mont Kiara,Mont Kiara,Cafe,6749620d7f89197226299b5c,ChIJ75DAryJJzDER5B8PIWVNUlc,Cafe,OPERATIONAL,,,"cafe, food, point_of_interest, establishment"
Selina Secret Garden & Cowork,Bica,Coworking Space,663e5f59095083a5889f7b68,ChIJ51BJ43E1GQ0R8236gveB8cw,Hotel,OPERATIONAL,YES,"hostel, hotel, lodging","hotel, hostel, lodging, point_of_interest, establishment"
Selva Comedy Cafe,Alcantara,Cafe,67dbb82974e3ee07a6fd8117,ChIJQ-YsKkA1GQ0RHT20br1_pxY,Coffee shop,OPERATIONAL,,,"coffee_shop, cafe, food_store, food, store, point_of_interest, establishment"
Sendero Specialty Coffee - Patcham Terrace,Battersea,Cafe,6809cff7961511d665e9d686,ChIJcRYoQ1kFdkgRwrW5dF-Mxtw,Coffee shop,OPERATIONAL,,,"coffee_shop, cafe, food_store, store, food, point_of_interest, establishment"
Seniman Coffee Studio,Ubud,Cafe,65fa86d0e0379bf78d5247c0,ChIJu5hbBmo90i0R4po77axHom8,Coffee Shop,OPERATIONAL,,,"coffee_shop, brunch_restaurant, coffee_roastery, cafe, food_store, wholesaler, store, restaurant, food, point_of_interest, service, establishment"
Setter Coworking,Berawa,Coworking Space,65fa86d0e0379bf78d524578,ChIJc5xIUklH0i0R-2R5iW_1nx0,Coworking Space,OPERATIONAL,,,"coworking_space, point_of_interest, establishment"
Setter Ubud Coworking,Ubud,Coworking Space,66f857f0ac399ec84dac1ff0,ChIJmbTYPAM90i0RkrXB4A6X-aw,Coworking Space,CLOSED_TEMPORARILY,,,"coworking_space, point_of_interest, establishment"
ShaPel Hostel x Cafes,Old City,Cafe,67dbb8217b580966f91da921,ChIJ6dcaVS472jARiwDPqAMab9w,Hostel,OPERATIONAL,YES,"hostel, lodging","hostel, coffee_shop, cafe, lodging, food_store, store, food, point_of_interest, establishment"
Sharkbites,Gili Air,Cafe,6613fb81b2bbc8244697e86d,ChIJ6bccB8zdzS0RT1FSDu-dfvc,Restaurant,OPERATIONAL,,,"restaurant, hamburger_restaurant, coffee_shop, western_restaurant, cafe, american_restaurant, food_store, food, bar, store, event_venue, point_of_interest, establishment"
Shinei Serviced Office and Coworking Space,Sukhumvit (Asoke),Coworking Space,67483b8907a182a525ff87dd,ChIJQ4o-JR2f4jARLbQsGrxzzrA,Real Estate Agency,OPERATIONAL,,,"coworking_space, real_estate_agency, consultant, service, point_of_interest, establishment"
Shoreditch Exchange,Shoreditch,Coworking Space,6809d00612a4f2a72acc8b80,ChIJ6_M8-tkddkgRr58QwdnyikQ,Coworking space,OPERATIONAL,,,"coworking_space, business_center, real_estate_agency, event_venue, service, point_of_interest, establishment"
Shortcut Cafe,Pererenan,Cafe,65fa86d0e0379bf78d5245a1,ChIJaVmz5AU50i0Rfo2xgbTBr-E,Cafe,OPERATIONAL,,,"cafe, breakfast_restaurant, coffee_shop, food_store, store, restaurant, food, point_of_interest, establishment"
Shortcut Coffee Jimbaran,Uluwatu (Jimbaran),Cafe,65fa86d0e0379bf78d5247a9,ChIJaVmz5AU50i0Rfo2xgbTBr-E,Cafe,OPERATIONAL,,,"cafe, breakfast_restaurant, coffee_shop, food_store, store, restaurant, food, point_of_interest, establishment"
Sierra Cartel,HSR Layout,Coworking Space,689ea4445fd1f4dfba3264c7,ChIJu50ZwZMUrjsRsMn1p_FjEeI,Coworking space,OPERATIONAL,,,"coworking_space, real_estate_agency, service, point_of_interest, establishment"
Simposium Coffee,Probolinggo,Cafe,6809d00c8b8009b34b3a05a5,ChIJvX5JTtKt1y0RJQOrL0Z9d4c,Coffee shop,OPERATIONAL,,,"coffee_shop, hamburger_restaurant, coffee_roastery, coworking_space, pastry_shop, dessert_shop, cafe, american_restaurant, confectionery, bakery, food_store, store, restaurant, food, service, point_of_interest, establishment"
Sinag Hostel,General Luna,Coworking Space,67246a3a7b2496726a8137a6,ChIJVzMyhPsJBDMRJOi9P6wwQcw,Hostel,OPERATIONAL,YES,"hostel, lodging","hostel, lodging, point_of_interest, establishment"
Single Origin Store Tha Pae,Old City,Cafe,67dbb821b2bb3bdb73a47b73,ChIJAfkNgQY72jAR1h4H5dkgMys,Coffee shop,CLOSED_PERMANENTLY,,,"coffee_shop, cafe, point_of_interest, food_store, store, food, establishment"
SixLetter Coffee Co.,District 7,Cafe,669a23493d668678317b8014,,,NOT_FOUND,,,
Slavic Roots cafe and eatery,Berawa,Cafe,68a2fa295bf48671df8927f3,ChIJuTf5A3A50i0RhChAtfroTZE,Cafe,OPERATIONAL,,,"cafe, juice_shop, salad_shop, vegan_restaurant, coffee_shop, breakfast_restaurant, european_restaurant, vegetarian_restaurant, restaurant, point_of_interest, food_store, store, food, establishment"
Son of a Baker,Uluwatu (Bingin),Cafe,65fa86d0e0379bf78d52469c,ChIJxXK2x5ZF0i0RnAjbSVECL_U,Cafe,OPERATIONAL,,,"cafe, restaurant, food, point_of_interest, establishment"
South Lombok Cowork,Kuta,Coworking Space,6619cfab6042563326c231f6,ChIJ0ZuxtqWpzS0RAYVTHxotyhE,Coworking Space,CLOSED_PERMANENTLY,,,"coworking_space, internet_cafe, real_estate_agency, point_of_interest, service, establishment"
Southway Coffee Bar,Thong Sala,Cafe,6784e21aed4a0ca08cff0fab,ChIJX93tlCz8VDAR0B8xSv_Vx0M,Cafe,OPERATIONAL,,,"cafe, point_of_interest, food, establishment"
Sowo Coworking Barcelona,L'Eixample Dreta,Coworking Space,67dbb81921ae962504f34997,ChIJURz6K1KjpBIRJbE11JtyIUk,Coworking space,OPERATIONAL,,,"coworking_space, point_of_interest, establishment"
SpaceBox - Coworking Space,WTC,Coworking Space,67dbb8246de5ed125908b0f0,ChIJmQIJwnhDXz4RioElpXRrJu4,Coworking space,CLOSED_PERMANENTLY,,,"coworking_space, point_of_interest, establishment"
"Spaces, Oxford Street",Oxford Circus,Coworking Space,67d52fb4355e10f05a1167eb,ChIJ9Xe13iobdkgR_DNr2NLkV58,Coworking space,OPERATIONAL,,,"coworking_space, business_center, real_estate_agency, point_of_interest, service, establishment"
Spare Street Works,Southwark,Coworking Space,6809d0082aa4ba2c3ee00e6b,ChIJ3c1DUyQFdkgRUjpUlLjp1N4,Coworking space,OPERATIONAL,,,"coworking_space, business_center, real_estate_agency, non_profit_organization, point_of_interest, service, association_or_organization, establishment"
SpecOps network,Mitte,Cafe,67dbb82c3d9e84649e43f7b8,ChIJGbli9tu6uUcRH59ABOO5yFg,Cafe,OPERATIONAL,,,"cafe, pub, coffee_shop, bar, point_of_interest, food_store, store, food, establishment"
Spotted Pig Cafe,General Luna,Cafe,67246a39b1e35b11a8c12213,ChIJnY5ThTkJBDMRLFNclFXr3B0,Cafe,OPERATIONAL,,,"cafe, food, point_of_interest, establishment"
St. Oberholz,Mitte,Cafe,67dbb81bf75acbcb4abf5bba,ChIJs-VFCgBSqEcRIXMpYwHzbuQ,Cafe,OPERATIONAL,,,"cafe, coffee_shop, coworking_space, food_store, store, food, point_of_interest, establishment"
St. Vitus,Telliskivi,Cafe,66f857f0fd59f1e533a11360,ChIJw7sX1n2TkkYRtQslVjqZWjU,Bar,CLOSED_PERMANENTLY,,,"bar, point_of_interest, establishment"
StarWork Chiang Mai,Wat Ket,Coworking Space,67dbb8220a49e102711f6584,ChIJy8X8b0wl2jARx4OZOpCGXTc,Coworking space,OPERATIONAL,,,"coworking_space, coffee_shop, cafe, food_store, real_estate_agency, food, store, point_of_interest, service, establishment"
Starbucks Jungfernstieg,Neustadt,Cafe,67dbb82543db72ec10650390,ChIJk0fvBBmPsUcR-afH6b130ow,Coffee shop,OPERATIONAL,,,"coffee_shop, dessert_restaurant, breakfast_restaurant, cafe, food_store, store, restaurant, food, point_of_interest, establishment"
Starbucks Reserve Chao Phraya Riverfront ICONSIAM,Khlong San,Cafe,66f6dc5c991043ca2f96d97f,ChIJAeJGvteZ4jARHd_2G7NNWIg,Coffee Shop,OPERATIONAL,,,"coffee_shop, cafe, food_store, store, food, point_of_interest, establishment"
Starbucks Samyan Mitrtown,Samyan,Cafe,674b37a202306752fb737da3,ChIJiYKvNTWZ4jARFx2fwtZVa78,Coffee shop,OPERATIONAL,,,"coffee_shop, cafe, food_store, store, restaurant, food, point_of_interest, establishment"
Starbucks Siam Center,Siam,Cafe,674b37a2aa9025ffb599816f,ChIJHfvVS7Gf4jARNNelScJ57uY,Coffee shop,OPERATIONAL,,,"coffee_shop, cafe, food_store, food, store, point_of_interest, establishment"
StartUp Nijmegen,Nijmegen,Coworking Space,6749620db2122279a61abc5f,ChIJywatmWcIx0cRbU-LkEFZt_w,Business Center,OPERATIONAL,,,"business_center, service, point_of_interest, establishment"
Sticky Island Cafe,Srithanu,Cafe,6784e21d54282d6114317059,ChIJBVfYE87_VDARNgswO-o6Fm8,Restaurant,OPERATIONAL,,,"restaurant, food, point_of_interest, establishment"
Stir Coffee Brixton,Brixton,Cafe,6809cff800ffd0361151c42c,ChIJqxRLJ0kbdkgRz_7OO9t_OQY,Coffee shop,OPERATIONAL,,,"coffee_shop, cafe, food_store, food, store, point_of_interest, establishment"
Stomping Grounds,Jumeirah,Cafe,67dbb8240c22857f902f8057,ChIJM_wSWUVCXz4Rv38p0x0McuQ,Cafe,OPERATIONAL,,,"cafe, brunch_restaurant, australian_restaurant, coffee_shop, coffee_roastery, breakfast_restaurant, bakery, food_store, store, restaurant, food, point_of_interest, establishment"
Stone Soup,Exarcheia,Coworking Space,67ca769f00f6ce5b547d4283,ChIJG4LnrDC9oRQRFkajoLamry0,Real estate agency,OPERATIONAL,,,"coworking_space, real_estate_agency, point_of_interest, consultant, service, establishment"
Stroek Feierabend,Neubau,Cafe,6676cf056617805c99ef7444,ChIJ0SlXS3kHbUcR26aKYyH62kY,Restaurant,OPERATIONAL,,,"restaurant, bakery, food_store, store, food, point_of_interest, establishment"
Stullen,Victoria,Cafe,6809d00a8fb333d4e52733b4,ChIJxT9LDHMFdkgR7jSrRm7OfOc,Sandwich shop,OPERATIONAL,,,"sandwich_shop, coffee_shop, cafe, food_store, store, restaurant, food, point_of_interest, establishment"
Suburbia Cafe,Uluwatu (Ungasan),Cafe,67481c8bbc56713bcc03a5d0,ChIJncHcno1b0i0RIuf4p9WPbP0,Cafe,OPERATIONAL,,,"cafe, coworking_space, bistro, diner, brunch_restaurant, coffee_shop, food_store, store, restaurant, food, point_of_interest, establishment"
Sunset Bamboo,Central,Cafe,67dbb8246c76d644eeb5437b,ChIJq1Z6eQsnHw0RToKOAo96mCs,Restaurant,OPERATIONAL,,,"restaurant, food, point_of_interest, establishment"
Superfood Canggu,Canggu,Cafe,65fa86d0e0379bf78d5245a8,ChIJf_Fxn6RH0i0RpToLiPTX1GY,Restaurant,OPERATIONAL,,,"restaurant, food, point_of_interest, establishment"
Surf Kitchen,Selong Belanak,Cafe,6619cfabd8e053c19e4af23c,ChIJeR-S9EmnzS0RuWTQdUgFobo,Restaurant,OPERATIONAL,,,"restaurant, wine_bar, sports_bar, coffee_shop, cocktail_bar, cafe, shipping_service, bar, food_store, store, food, service, point_of_interest, establishment"
Szikra Coworking,District 7,Coworking Space,67dbb81e05b2a7fae38f6dc5,ChIJfdXX6UXdQUcRZ5iYj8jsy5c,Coworking space,OPERATIONAL,,,"coworking_space, point_of_interest, establishment"
Söderberg Soho,Soho,Cafe,6809d0077a5c39fcdc92683c,ChIJ1fS0KFAFdkgR_wb5kGPXeqM,Cafe,CLOSED_PERMANENTLY,,,"cafe, scandinavian_restaurant, lounge_bar, brunch_restaurant, night_club, coffee_shop, bakery, bar, event_venue, european_restaurant, food_store, restaurant, food, store, point_of_interest, establishment"
TEMPT Cafe & Brunch,Old City,Cafe,67dbb821b2bb3bdb73a47b3f,ChIJbceAKQA72jAR0w5m2LqLe64,Coffee shop,OPERATIONAL,,,"coffee_shop, cafe, food_store, food, store, point_of_interest, establishment"
THINQTANQ,Stonehouse,Coworking Space,67f8adc6a4f7481d14a8a101,ChIJ_5XpPU2TbEgRBCAMO11ex_4,Coworking space,OPERATIONAL,,,"coworking_space, point_of_interest, establishment"
TLoft Coworking Space,Bang Rak,Coworking Space,674b37a4040573bdb642152a,ChIJ_TE8Vh-Z4jARHrbLApAm1z4,Coworking space,OPERATIONAL,,,"coworking_space, point_of_interest, establishment"
TMO Coffee Bali Kedungu Beach,Kedungu,Cafe,663291477cbacb36233e7c58,ChIJxwLIkG830i0ROHmqBD_v2nQ,Cafe,OPERATIONAL,,,"cafe, food, point_of_interest, establishment"
Talks kaviaren,Old Town,Cafe,66838ea4f54d17573352a8a5,ChIJDdIS4kiJbEcRWcp2ilUgWLU,Coffee Shop,OPERATIONAL,,,"coffee_shop, cafe, food_store, store, food, point_of_interest, establishment"
Tang Cafe,Silom,Cafe,677bc82c70de7bd5c1c99ed7,ChIJX8jtOQ-f4jARpmBnmBvWFB8,Coffee shop,OPERATIONAL,,,"coffee_shop, cafe, food_store, store, food, point_of_interest, establishment"
Taoni Cafe,Chalok,Cafe,67c1954568b5e977f37a9461,ChIJ69ohMWChVTARlQfi9w2ODSo,Restaurant,OPERATIONAL,,,"restaurant, brunch_restaurant, art_gallery, breakfast_restaurant, family_restaurant, cafe, french_restaurant, european_restaurant, italian_restaurant, food, point_of_interest, establishment"
Tarisa Cafe,Seseh,Cafe,6809d00b92fd7d3374c6311d,ChIJU9AwgJU50i0RhzXtnG4V7fA,Cafe,OPERATIONAL,,,"cafe, food, point_of_interest, establishment"
Teak Food&Bar,Old Town,Cafe,67dbb82e6a5781d34f54a3b2,ChIJk2os2Y1dNRMRwRJYqRBXDaQ,Coffee shop,OPERATIONAL,,,"coffee_shop, brunch_restaurant, hamburger_restaurant, wine_bar, mediterranean_restaurant, cocktail_bar, breakfast_restaurant, cafe, american_restaurant, bar, food_store, store, restaurant, food, point_of_interest, establishment"
Tease,Principe Real,Cafe,67dbb82b911faea0a7115d2c,ChIJ4X3WzX0zGQ0Rlel2cqKkBNc,Cafe,OPERATIONAL,,,"cafe, breakfast_restaurant, restaurant, food, point_of_interest, establishment"
Terra - Plant Based Food,Kuta,Cafe,6613fb823b8a53c412f490d0,ChIJv2fow5OpzS0RouOgHaNlYN4,Vegan Restaurant,CLOSED_TEMPORARILY,,,"vegan_restaurant, coworking_space, vegetarian_restaurant, cafe, restaurant, food, point_of_interest, establishment"
Tha Ploook,Wang Lang,Coworking Space,674b37a3713557a76c1b454a,ChIJkSByRIyZ4jARmPgcjvOjbyY,Coworking space,CLOSED_TEMPORARILY,,,"coworking_space, real_estate_agency, point_of_interest, service, establishment"
The Acai Girls Belgravia,Victoria,Cafe,6809d00a2b95fde8a6490648,ChIJ_wSoSioFdkgRe_-_6aYidPE,Cafe,OPERATIONAL,,,"cafe, coffee_shop, food_store, store, food, point_of_interest, establishment"
The Banyan Tree,Gili Trawangan,Cafe,6613fb8033b66fff075099d2,ChIJmZeNrf_dzS0RVtCD23tt7Qs,Vegetarian Restaurant,OPERATIONAL,,,"vegetarian_restaurant, cafe, vegan_restaurant, restaurant, food, point_of_interest, establishment"
The Baristro Asian Style,Suthep,Cafe,67c195475dfe681ca64b0399,ChIJ9T2bGy872jARyAyAWix9M0o,Cafe,OPERATIONAL,,,"cafe, food, point_of_interest, establishment"
The Barn Cafe,Mitte,Cafe,67dbb81c9d6996c79dc0407c,ChIJC-EDf-ZRqEcRiVrnNG31igA,Cafe,OPERATIONAL,,,"cafe, coffee_roastery, coffee_shop, food_store, store, food, point_of_interest, establishment"
The Barn Eatery And Design,Nimman,Cafe,67dbb81f1bbb0a6e72afdef2,ChIJ-xSCcH462jARWWlZ5Q_jBT0,Cafe,OPERATIONAL,,,"cafe, food, point_of_interest, establishment"
The Block Lisboa,Avenidas Novas,Coworking Space,67dbb8294d8a2c443942eaaa,ChIJsXrTNKEzGQ0Rt0Z2O9Lwvtg,Coworking space,OPERATIONAL,,,"coworking_space, event_venue, point_of_interest, establishment"
The Breakery,Kuta,Cafe,6619cfaca457f12b5e659e34,ChIJgciw__-pzS0RQ-FbG_5-nR8,Cafe,OPERATIONAL,,,"cafe, bakery, food_store, store, food, point_of_interest, establishment"
The Brew Eagle House - Shoreditch,Shoreditch,Coworking Space,6809d006443445c220870e8d,ChIJRctCV6YcdkgRGWntVepnddo,Coworking space,OPERATIONAL,,,"coworking_space, business_center, real_estate_agency, service, point_of_interest, establishment"
The Brick Startup Space,Nimman,Coworking Space,67dbb81fa4e8954f6bec58f8,ChIJ77ssGYY62jARQr_TRG_x19A,Coworking space,OPERATIONAL,,,"coworking_space, real_estate_agency, event_venue, service, point_of_interest, establishment"
The Capricorn Bali,Berawa,Cafe,6725a28f4e06a595785f5a6b,ChIJMcp8YJM50i0R-GSdHiNc-DY,Restaurant,OPERATIONAL,,,"restaurant, food, point_of_interest, establishment"
The Capsule,Central,Cafe,682f68cea052aea1cac1d918,ChIJO97GaignHw0RL_xxVObtEzQ,Coffee shop,OPERATIONAL,,,"coffee_shop, coffee_roastery, cafe, food_store, food, store, point_of_interest, establishment"
The Cashew Tree,Uluwatu (Bingin),Cafe,65fa86d0e0379bf78d5247ab,ChIJUxiPm0dF0i0RagUyxqyib8c,Restaurant,OPERATIONAL,,,"restaurant, vegan_restaurant, vegetarian_restaurant, food, point_of_interest, establishment"
The Charivari Drinkery,Vechta,Cafe,6666b0d0d81191c395dfb918,ChIJB9OFyGlIt0cRIjWPfFfIuA4,Cafe,OPERATIONAL,,,"cafe, breakfast_restaurant, bar, lawyer, consultant, service, restaurant, food, point_of_interest, establishment"
The Chelsea Gardener Cafe,Chelsea,Cafe,67d0057f2b0f8cde8c058611,ChIJW-a3mMwFdkgRqrF2d4aQmwA,Coffee shop,OPERATIONAL,,,"coffee_shop, cafe, point_of_interest, food_store, store, food, establishment"
The Clement Rooms by Spacemade,Fleet Street,Coworking Space,67d52fb0111e2972054ec208,ChIJfcf50yUFdkgR35m0xoJLmms,Real estate agency,OPERATIONAL,,,"real_estate_agency, point_of_interest, service, establishment"
The Co-Spaces (Downtown Dubai),Downtown Dubai,Coworking Space,67dbb830a75607567a511206,ChIJ4Qr6TSloXz4Ru9Irol1mfUQ,Coworking space,OPERATIONAL,,,"coworking_space, educational_institution, point_of_interest, establishment"
The Coffee Academics,Lumphini,Cafe,674b37a27d4012b5ceec15e2,ChIJBZ2Lh26D4jARl-Pd1HQXWG4,Coffee shop,OPERATIONAL,,,"coffee_shop, coffee_roastery, cafe, restaurant, point_of_interest, food_store, store, food, establishment"
The Coffee Club - Shama Hotel,Khlong Toei,Cafe,674b37a246b1507886392741,ChIJQS8SSPif4jARIHnKCe-eX8w,Coffee shop,OPERATIONAL,,,"coffee_shop, cafe, food_store, food, store, point_of_interest, establishment"
The Coffee House,Da Nang,Cafe,6666b0480d9304729217b288,ChIJu0Ud-tsZQjERupkb3A3mxro,Coffee Shop,OPERATIONAL,,,"coffee_shop, cafe, food_store, store, food, point_of_interest, establishment"
The Cofreze,Nimman,Cafe,67dbb820ee26f6b1058f4a7f,ChIJjwHURuQ72jARIJg860g08CU,Coffee shop,OPERATIONAL,,,"coffee_shop, cafe, point_of_interest, food_store, store, food, establishment"
The Common,Canggu,Cafe,65fa86d0e0379bf78d52457f,ChIJHzyhoW450i0Rub7_EEvisDY,Cafe,OPERATIONAL,,,"cafe, californian_restaurant, brunch_restaurant, breakfast_restaurant, taco_restaurant, coffee_shop, mexican_restaurant, cocktail_bar, american_restaurant, food_store, bar, store, restaurant, food, point_of_interest, establishment"
The Daun Cafe,Canggu,Cafe,65fa86d0e0379bf78d524588,ChIJ1_XOtHg40i0R6eyPmtRK6bc,Cafe,OPERATIONAL,,,"cafe, bistro, coffee_shop, food_store, store, restaurant, food, point_of_interest, establishment"
The Daun Coworking,Canggu,Coworking Space,6631c9da9facf5b27d131d77,ChIJ1_XOtHg40i0R6eyPmtRK6bc,Cafe,OPERATIONAL,,,"cafe, bistro, coffee_shop, food_store, store, restaurant, food, point_of_interest, establishment"
The Factory Cafe,Sairee Beach,Cafe,67c19548e7cd2d963f1c40a9,ChIJx-n4wJmhVTARGM6J_0izLko,Coffee shop,OPERATIONAL,,,"coffee_shop, breakfast_restaurant, cafe, food_store, store, restaurant, food, point_of_interest, establishment"
The Fleet Street Press,Fleet Street,Cafe,6809cfffab3e78356fccc2e1,ChIJ7bbVobQEdkgRITbFGuray3E,Coffee shop,OPERATIONAL,,,"coffee_shop, coffee_roastery, cafe, food_store, store, food, point_of_interest, establishment"
The Gingerbread House,Phra Nakhon,Cafe,674b37a2926734b936a25b34,ChIJMf5R3fKZ4jAR2u3T8ESth9k,Dessert restaurant,OPERATIONAL,,,"dessert_restaurant, coffee_shop, cafe, food_store, store, restaurant, food, point_of_interest, establishment"
The Glass House,Long Beach,Cafe,67d509dad0b07d0b71f60dbc,ChIJQYdP0BUDTjARdQyM4t6bqz0,Coffee shop,OPERATIONAL,,,"coffee_shop, coworking_space, breakfast_restaurant, korean_restaurant, cafe, bakery, japanese_restaurant, thai_restaurant, restaurant, food_store, store, point_of_interest, food, establishment"
The Great Room Gaysorn Tower,Siam,Coworking Space,674b37a38dfb7342938a26df,ChIJIwI6ULWf4jARLXyjDdUgJLU,Coworking space,OPERATIONAL,,,"coworking_space, business_center, event_venue, real_estate_agency, point_of_interest, service, establishment"
The Hideout Cafe,Da Nang,Cafe,6666b0484ddea593c1fcc797,ChIJKbpWc6IXQjERMZMSscftz9I,Cafe,OPERATIONAL,,,"cafe, food, point_of_interest, establishment"
The Hive Prakanong,Phra Khanong,Coworking Space,674b37a37d4012b5ceec1777,ChIJy2nfermf4jARCOcOF_ChsjY,Coworking space,OPERATIONAL,,,"coworking_space, business_center, event_venue, point_of_interest, service, establishment"
The Hive Thonglor,Thonglor,Coworking Space,674b37a3e6116045f05e6dc5,ChIJk29fqVWe4jARpjO_NU9jqPk,Coworking space,OPERATIONAL,,,"coworking_space, business_center, event_venue, service, point_of_interest, establishment"
The Hub by Lokal Lab,General Luna,Cafe,67246a3abe3e0525fa25c478,ChIJLfL377v3AzMRvZZfmH_BYJU,Restaurant,OPERATIONAL,,,"restaurant, snack_bar, event_venue, meal_takeaway, food, point_of_interest, establishment"
The Hula,Pererenan,Cafe,6725a28e9bbcd67059bd4714,ChIJczNO87850i0Rrb7gpsT2v2k,Breakfast Restaurant,OPERATIONAL,,,"breakfast_restaurant, cafe, restaurant, food, point_of_interest, establishment"
The Kavarna.,Vinohrady,Cafe,67dbb82d911faea0a7115e04,ChIJx16rKISUC0cRYopcgafydOs,Coffee shop,OPERATIONAL,,,"coffee_shop, cafe, food_store, store, food, point_of_interest, establishment"
The Landing by Spacemade,Putney,Coworking Space,67d52fb095de9f5015c35919,ChIJuaSoF78PdkgR06mEadF-Kyo,Real estate agency,OPERATIONAL,,,"coworking_space, real_estate_agency, point_of_interest, service, establishment"
The Laundry,Brixton,Cafe,66edafbbd1ce4a25b222f350,ChIJ4XvJ6ccFdkgRCT8xJ-qMFqk,Bistro,OPERATIONAL,,,"bistro, brunch_restaurant, family_restaurant, catering_service, breakfast_restaurant, food_delivery, cafe, cocktail_bar, wine_bar, restaurant, food, bar, service, point_of_interest, establishment"
The Living Room,Pererenan,Cafe,660ca83efdd0e5b112e8fabe,ChIJTQHmvbU50i0Rs6dGvIJ4pus,Cafe,OPERATIONAL,,,"cafe, food, point_of_interest, establishment"
The Local Beans,Hai Chau,Cafe,67c19543b0d618a06b16449c,ChIJZ-P8KgAZQjERSzFxeVWi-7Y,Coffee shop,OPERATIONAL,,,"coffee_shop, coworking_space, coffee_roastery, cafe, point_of_interest, food_store, store, food, establishment"
The Locals Chelsea,Chelsea,Cafe,67d0058079b300bc140abc9f,ChIJExT_zBsFdkgRu1BTxaZT4vs,Cafe,OPERATIONAL,,,"cafe, brunch_restaurant, restaurant, food, point_of_interest, establishment"
The Lodge,Munggu,Cafe,663291466a35f48bfee85a1a,ChIJnxCxYao50i0RQjwhtH82eBU,Hotel,OPERATIONAL,YES,"camping_cabin, hotel, lodging","hotel, camping_cabin, lodging, point_of_interest, establishment"
The Loft,Uluwatu (Bingin),Cafe,65fa86d0e0379bf78d5247a5,ChIJy3VtGlZF0i0RDXnEY1cIVi8,Restaurant,OPERATIONAL,,,"cafe, restaurant, food, point_of_interest, establishment"
The Miners Coffee Churchill,Vinohrady,Cafe,67dbb82dfd6d8320609aacf4,ChIJY02fMGyVC0cRbvdSZT2Wgrg,Coffee shop,OPERATIONAL,,,"coffee_shop, cafe, point_of_interest, food_store, store, food, establishment"
The Miners Coffee JZP,Vinohrady,Cafe,67dbb82d4c5a803673f3d8d5,ChIJFSeVQKOVC0cRed9iUJ8saFY,Coffee shop,OPERATIONAL,,,"coffee_shop, cafe, food_store, store, point_of_interest, food, establishment"
"The Ministry, Borough | Workspace & Members' Club",Borough,Coworking Space,66edafbaf8ed8e1c2284762b,ChIJbXN6NaEEdkgRUnvLLRaBz5g,Coworking Space,OPERATIONAL,,,"coworking_space, fitness_center, bar, gym, deli, event_venue, food_store, sports_activity_location, school, educational_institution, store, health, food, point_of_interest, service, establishment"
The Observatory Coffee Shop,Bloomsbury,Cafe,6809d29f79bb466f4f66fecc,ChIJ1_7qnTAbdkgRqRD9PM7gcZk,Coffee shop,CLOSED_TEMPORARILY,,,"coffee_shop, brunch_restaurant, gift_shop, breakfast_restaurant, cafe, tea_house, event_venue, food_store, store, restaurant, food, point_of_interest, establishment"
The Ohm Cafe,General Luna,Cafe,67246a3add2bc1bc91c944a2,ChIJ-VvzeIMJBDMREzlZxoT8Sic,Restaurant,OPERATIONAL,,,"restaurant, brunch_restaurant, coffee_shop, coworking_space, swimming_pool, vegetarian_restaurant, breakfast_restaurant, cafe, indian_restaurant, bar, sports_activity_location, food_store, store, food, point_of_interest, establishment"
The Park East,Bang Na,Coworking Space,674b37a4dd188bc8871b7d9a,ChIJoa6NZgeh4jAR094crhZCfcI,Coworking space,OPERATIONAL,,,"coworking_space, real_estate_agency, service, point_of_interest, establishment"
The Pedlar,Vieng Tai,Cafe,67dbb82c9d6996c79dc04c15,ChIJwwCL7IqB2jARzPLCZxRvi3g,Coffee shop,OPERATIONAL,,,"coffee_shop, cafe, point_of_interest, food_store, store, food, establishment"
The Place with No Name,Uluwatu (Bingin),Cafe,65fa86d0e0379bf78d5247a7,ChIJL5wvDTJF0i0RYyEQUZ6mUDg,Restaurant,CLOSED_PERMANENTLY,,,"restaurant, breakfast_restaurant, food, point_of_interest, establishment"
The Roasting,Pimlico,Cafe,6809d0052b95fde8a64903e3,ChIJL8_CTOAEdkgRBetnQFdOWw8,Coffee shop,OPERATIONAL,,,"coffee_shop, cafe, food_store, store, food, point_of_interest, establishment"
The Royal Rawness,Marvila,Cafe,67dbb82b2484dbfd03be1f86,ChIJ6SEPepIzGQ0R7NDjs4Wva88,Coffee roastery,OPERATIONAL,,,"coffee_roastery, cafe, supplier, wholesaler, service, point_of_interest, food, establishment"
The Seaside Cafe,Wok Tum,Cafe,6784e21497020a242c7159d0,ChIJHXSW2TH_VDAR306ONc_Re34,Cafe,OPERATIONAL,,,"cafe, restaurant, food, point_of_interest, establishment"
The Sentry C,District 1,Coworking Space,67dbb8277b580966f91db169,ChIJhT3ZOBcvdTERLS0Qo5jqrPQ,Coworking space,OPERATIONAL,,,"coworking_space, point_of_interest, establishment"
The Sentry P,District 2,Coworking Space,67dbb8281b29a29f6ac57537,ChIJ-TRnnhcndTERUkcpKy_C1gQ,Coworking space,OPERATIONAL,,,"coworking_space, point_of_interest, establishment"
The Sentry Z,District 1,Coworking Space,67dbb82621ae962504f35e1f,ChIJ46NnV24vdTERWZL-ZzogsaQ,Coworking space,OPERATIONAL,,,"coworking_space, point_of_interest, establishment"
The Shed CoWorking,Salamanca,Coworking Space,67c195450c9b98325f98217b,ChIJwf-Ed70oQg0R8scDRHMbmz4,Coworking space,OPERATIONAL,,,"coworking_space, corporate_office, business_center, event_venue, point_of_interest, service, establishment"
The Shell Lounge: Resturant and Beach Bar,Hin Kong,Cafe,6784e211053e82772ef952a7,ChIJpflxN6__VDARLjRtpUL-CYg,Restaurant,OPERATIONAL,,,"restaurant, point_of_interest, food, establishment"
The Social Hub Coworking Barcelona Poblenou,Poblenou,Coworking Space,6809cff4146566dc3d30aefe,ChIJz1qORhGjpBIRucNFtGw8JgA,Coworking space,OPERATIONAL,,,"coworking_space, point_of_interest, establishment"
The Solimans,Seseh,Cafe,66329146b0f77cf9fe43cd3d,ChIJs805q1k50i0R5YW7EIQL4yU,Restaurant,OPERATIONAL,,,"restaurant, food, point_of_interest, establishment"
The Space Bali,Uluwatu (Bingin),Coworking Space,65fa86d0e0379bf78d52469e,ChIJr744Q8ZF0i0Rex2ge-AMfc0,Yoga Studio,OPERATIONAL,,,"yoga_studio, coworking_space, sports_school, sports_complex, fitness_center, gym, sports_activity_location, health, point_of_interest, establishment"
The Spell Creperie,Ubud,Cafe,6600e81807fad7c7a15f2788,ChIJffg-lGs90i0RvbigvaRCFFs,Dessert Shop,OPERATIONAL,,,"breakfast_restaurant, vegan_restaurant, vegetarian_restaurant, french_restaurant, coffee_shop, cafe, dessert_shop, confectionery, food_store, european_restaurant, store, restaurant, food, point_of_interest, establishment"
"The Spot, Coworking Space",Kuta,Coworking Space,6619cfaba457f12b5e659d47,ChIJc_w0U82pzS0RHiNF8a-g31Q,Restaurant,OPERATIONAL,,,"restaurant, coworking_space, pub, bar, food, point_of_interest, establishment"
The Story 106,Old City,Cafe,660a66350b296d0efa1274b5,ChIJsR9NjXM72jARLF49G-h_OOU,Coffee Shop,OPERATIONAL,,,"coffee_shop, coworking_space, breakfast_restaurant, brunch_restaurant, cafe, food_store, store, restaurant, food, point_of_interest, establishment"
The Urban Office,Sukhumvit,Coworking Space,674b37a4464b231db2ce0ba6,ChIJew1mBgGf4jARm5MCHcXT1qc,Coworking space,OPERATIONAL,,,"coworking_space, business_center, service, point_of_interest, establishment"
The Urban Office Asoke,Sukhumvit (Asoke),Coworking Space,674b37a4aa9025ffb5998386,ChIJlxMDlnGf4jARO6bixKWcEX8,Coworking space,OPERATIONAL,,,"coworking_space, point_of_interest, establishment"
The Urban Office Phra Khanong,Phra Khanong,Coworking Space,674b37a4ab62ac5800dbe0e8,ChIJFZHVx3Kf4jARhdrQYEuUgbc,Coworking space,OPERATIONAL,,,"coworking_space, business_center, service, point_of_interest, establishment"
The Work Loft Silom,Sathon,Coworking Space,674b37a4e6116045f05e6e6e,ChIJ8UI3DSyf4jARARZlmXaiFLQ,Coworking space,OPERATIONAL,,,"coworking_space, business_center, event_venue, point_of_interest, service, establishment"
The WorkWell @EC1,Angel,Coworking Space,6809cff6b0476ee3035a449e,ChIJETqSh1sbdkgRB1qu3p_ULOc,Real estate agency,OPERATIONAL,,,"real_estate_agency, point_of_interest, service, establishment"
The Workers' League Blackheath,Blackheath,Coworking Space,6809cff82b95fde8a648fd90,ChIJt1xVGvGp2EcRIB3EEf5eFlc,Coworking space,OPERATIONAL,,,"coworking_space, point_of_interest, establishment"
The Workers' League Bonhill Street,Old Street,Coworking Space,6809d0049b273d029c33ad94,ChIJsURprbwddkgRMrYOXxxGHp8,Coworking space,CLOSED_TEMPORARILY,,,"coworking_space, real_estate_agency, service, point_of_interest, establishment"
The Workspace - By Amparo,Machico,Coworking Space,664fb8982673479a5d6dcc4d,ChIJB-cWS1hjYAwRS-u2EZd-ly8,Coworking Space,CLOSED_PERMANENTLY,,,"coworking_space, point_of_interest, establishment"
The Xym Cafe,Hai Ya,Cafe,67c195478b996d4ced6233ff,ChIJ67E5gXow2jARLb1v76lFcKk,Coffee shop,OPERATIONAL,,,"coffee_shop, cafe, point_of_interest, food_store, store, food, establishment"
Thens.coffee,Hai Chau,Cafe,67c195432ca7b17c4cfd82c9,ChIJd7ZsJvMZQjER2n-dH5nqiRc,Coffee shop,OPERATIONAL,,,"coffee_shop, cafe, food_store, store, food, point_of_interest, establishment"
Think SOciety Coworking Space & Coffee,Bang Na,Coworking Space,674b37a4fbc7383b4c995215,ChIJrQJKCQOg4jARSRqoFP-P2y0,Coworking space,OPERATIONAL,,,"coworking_space, store, point_of_interest, establishment"
Three O'clock Nguyen Dinh Chieu,District 3,Cafe,67dbb828af3498ee80e1236c,ChIJ-wtbte4vdTERIU0BCYo7AT4,Coffee shop,CLOSED_PERMANENTLY,,,"coffee_shop, cafe, food_store, store, food, point_of_interest, establishment"
Thuc Coffee Ly Tu Trong,District 1,Cafe,67dbb8271b29a29f6ac574d1,ChIJRXSYCjgvdTERdEhINLe19Os,Coffee shop,OPERATIONAL,,,"coffee_shop, cafe, food_store, store, food, point_of_interest, establishment"
Time To Cowork,Cais do Sodre,Coworking Space,6809cff59b7082d7ab261209,ChIJA3nCiDo1GQ0RJsUaadfc9yg,Coworking space,CLOSED_PERMANENTLY,,,"coworking_space, corporate_office, point_of_interest, establishment"
Tiny Cup Cafe,Thonglor,Cafe,674b37a2334d8fa6dd9140a0,ChIJEYK-S1Ke4jARoB8EQyagLWc,Cafe,OPERATIONAL,,,"cafe, restaurant, food, point_of_interest, establishment"
Toby's at Noble Play,Phloen Chit,Cafe,67dbb81807076504f2483654,ChIJB4m2sYif4jARauzfFyBQB8M,Brunch restaurant,OPERATIONAL,,,"brunch_restaurant, breakfast_restaurant, restaurant, point_of_interest, food, establishment"
Together Cafe Koh Lanta,Long Beach,Cafe,67d509da9f95d7192f5afc42,ChIJKYBZjNUDTjARDB-XHytdn-g,Restaurant,OPERATIONAL,,,"restaurant, brunch_restaurant, food, point_of_interest, establishment"
Tom&Serg,Al Quoz,Cafe,67dbb8230a49e102711f66f2,ChIJj3fdMipqXz4RFMG6snLxSaY,Restaurant,OPERATIONAL,,,"restaurant, cafe, food, point_of_interest, establishment"
Tomorrow X,Haad Salad,Cafe,6784e21228014e1b748e7410,ChIJiR3q4-oBVTAR6WF_SIjU7Y8,Cafe,OPERATIONAL,,,"cafe, bar, food, point_of_interest, establishment"
Too Fast To Sleep - Siam,Siam,Cafe,674b37a2cc980781b21b0d0f,ChIJC9rRGF2f4jARS16rtqx_T3g,Cafe,CLOSED_PERMANENTLY,,,"cafe, internet_cafe, coworking_space, restaurant, food, service, point_of_interest, establishment"
Torrefaktum - Kaffeeroesterei,Ottensen,Cafe,67dbb8261b29a29f6ac573f3,ChIJtxsSFo6FsUcRIUl7TXtQ4uI,Coffee roastery,CLOSED_TEMPORARILY,,,"coffee_roastery, coffee_shop, cafe, food_store, store, food, point_of_interest, establishment"
Torst,Pererenan,Cafe,6667f39d4620266c4db3b397,ChIJXYKZxrM50i0RexqucElUTTE,Coffee Shop,OPERATIONAL,,,"coffee_shop, cafe, food_store, store, food, point_of_interest, establishment"
Tostao,L'Eixample Dreta,Cafe,67dbb819e95b63f8187dfe1d,ChIJr7EifO-ipBIRTHR_RRatzQ4,Cafe,OPERATIONAL,,,"cafe, bakery, food_store, food, store, point_of_interest, establishment"
Touche,Pererenan,Cafe,65fa86d0e0379bf78d52457a,ChIJx2GvT6U50i0R63BCiKSluUw,Cafe,OPERATIONAL,,,"cafe, coffee_shop, food_store, store, restaurant, food, point_of_interest, establishment"
Tree House Cafe,Chalok,Cafe,67c195468c90db03472505bd,ChIJrSJtMZyhVTAREUd1D6488NU,Thai restaurant,OPERATIONAL,,,"thai_restaurant, restaurant, food, point_of_interest, establishment"
Tribal Bali Coworking Hostel,Pererenan,Cafe,65fa86d0e0379bf78d5244d6,ChIJH4qy2jI50i0RIKy3qMSsdYc,Hostel,OPERATIONAL,YES,"hostel, lodging","hostel, coworking_space, cafe, lodging, food, point_of_interest, establishment"
Tribe Social Club - Coworking,Bairro Alto,Coworking Space,6809cff57a5c39fcdc925c4d,ChIJkXZMFQA1GQ0RovxB_uOSRr0,Community center,CLOSED_TEMPORARILY,,,"community_center, event_venue, service, point_of_interest, establishment"
Tropical Nomad Members Area,Canggu,Coworking Space,65fa86d0e0379bf78d5244af,ChIJvf4Cf7pF0i0RGVMhsUCiNBY,Coworking Space,OPERATIONAL,,,"coworking_space, point_of_interest, establishment"
Tropical Nomad Non-Members Area,Canggu,Cafe,65fa86d0e0379bf78d52468d,ChIJ6fBvIpg50i0R8764BCFFN60,Coworking Space,OPERATIONAL,,,"coworking_space, yoga_studio, fitness_center, gym, coffee_shop, cafe, event_venue, sports_complex, sports_school, food_store, sports_activity_location, store, health, food, point_of_interest, establishment"
True Coffee Emquartier,Sukhumvit,Cafe,674b37a2040573bdb642132f,ChIJ-Q4V9AGf4jARlIFGXkXHubY,Coffee shop,OPERATIONAL,,,"coffee_shop, cafe, food_store, store, point_of_interest, food, establishment"
Twenty Eight Cafe,Bugis,Cafe,67dbb81e4c69903847e6c41f,ChIJERQVObwZ2jERYTdCKJW4gog,Cafe,OPERATIONAL,,,"cafe, food, point_of_interest, establishment"
Two Face / Coffee & Brunch,Canggu,Cafe,6631c9dbcd830ff47f64b1cf,ChIJq42lSa850i0RziccPzDJXhU,Cafe,OPERATIONAL,,,"cafe, brunch_restaurant, breakfast_restaurant, coffee_shop, food_store, store, restaurant, food, point_of_interest, establishment"
UNBOX Community - API World Tower,WTC,Coworking Space,67dbb824911faea0a7115876,ChIJcYFCl-RDXz4RVEjjzdZlevo,Coworking space,OPERATIONAL,,,"coworking_space, business_center, real_estate_agency, service, point_of_interest, establishment"
UNCLE Cafe,Srithanu,Cafe,6784e21aed4a0ca08cff1115,ChIJGQRapQ4BVTARcQ4tifhtjBg,Cafe,OPERATIONAL,,,"cafe, point_of_interest, food, establishment"
Ubud Coffee Roastery,Ubud,Cafe,65fa86d0e0379bf78d5247b0,ChIJsaCfQmw90i0R0jUeLLvA7zc,Coffee Shop,OPERATIONAL,,,"coffee_shop, coffee_roastery, cafe, food_store, store, food, point_of_interest, establishment"
Ubud.Space Coworking and Coffee,Ubud,Coworking Space,65fa86d0e0379bf78d5247a6,ChIJY3j-wTY90i0R4GXUE4P7lio,Coworking Space,OPERATIONAL,,,"coworking_space, point_of_interest, establishment"
Ulu Artisan Ungasan,Uluwatu (Ungasan),Cafe,65fa86d0e0379bf78d5247ad,ChIJLcbe0m1b0i0R6djTTMkCQyU,Restaurant,OPERATIONAL,,,"restaurant, cocktail_bar, australian_restaurant, family_restaurant, mediterranean_restaurant, bar, coffee_shop, cafe, italian_restaurant, bakery, food_store, european_restaurant, store, food, point_of_interest, establishment"
Ulu Garden,Uluwatu (Ungasan),Cafe,65fa86d0e0379bf78d5247ae,ChIJtyJyXP9P0i0RUiHHL26xoUM,Restaurant,OPERATIONAL,,,"restaurant, food, point_of_interest, establishment"
Uncommon Borough - Flexible Office Work Space,Borough,Coworking Space,6809cff8e55fef2e1e088016,ChIJq6pq8FgDdkgR00mfXSJQ_lE,Real estate agency,OPERATIONAL,,,"coworking_space, real_estate_agency, event_venue, service, point_of_interest, establishment"
Uncommon Fulham - Flexible Office Work Space,Fulham,Coworking Space,6809cfffe45574f02ae15494,ChIJYeZo30cPdkgRkjoJ2pQR-v8,Coworking space,OPERATIONAL,,,"coworking_space, real_estate_agency, event_venue, service, point_of_interest, establishment"
Uncommon Highbury - Flexible Office Work Space,Higbury,Coworking Space,6809d0009b273d029c33aa58,ChIJLYKV53AbdkgRRrGVI9jBLZ4,Coworking space,OPERATIONAL,,,"coworking_space, real_estate_agency, point_of_interest, service, establishment"
Uncommon Holborn - Flexible Office Work Space,Holborn,Coworking Space,6809d001709fce94fc7067f1,ChIJj7Q4hzUbdkgRcWBnl6bCP8o,Real estate agency,OPERATIONAL,,,"coworking_space, event_venue, real_estate_agency, point_of_interest, service, establishment"
Uncommon Liverpool Street - Flexible Office Work Space,Liverpool Streeet,Coworking Space,6809d003744673d0e5f5ad21,ChIJ81XC488ddkgR1m3RFl2ybHA,Coworking space,OPERATIONAL,,,"coworking_space, real_estate_agency, point_of_interest, service, establishment"
Urban Bistro,Old Town,Cafe,66838ea3a0e10752e40fde2c,ChIJUfKk3FyJbEcRXCEfhJGjJQQ,Bistro,OPERATIONAL,,,"bistro, breakfast_restaurant, cafe, restaurant, food, point_of_interest, establishment"
Urban Bites Cafe,Berawa,Cafe,65fa86d0e0379bf78d5245ae,ChIJxaHhO2U50i0RhMezgLsUngs,Cafe,OPERATIONAL,,,"cafe, food, point_of_interest, establishment"
Urban House,Old Town,Cafe,66838ea39e72c94ab3c62c89,ChIJkQyABbmxt4kRm0mIT87zy9A,Real Estate Agency,OPERATIONAL,YES,apartment_complex,"apartment_building, real_estate_agency, apartment_complex, service, point_of_interest, establishment"
Us&Co Monument,City of London,Coworking Space,6809cff9ad3417de7779e4fa,ChIJZ6DtBU4DdkgRHdPqrVSBKCA,Real estate agency,OPERATIONAL,,,"coworking_space, real_estate_agency, event_venue, service, point_of_interest, establishment"
Us&Co Stratford | Coworking & Meeting Rooms,Stratford,Coworking Space,6809d009744673d0e5f5afe4,ChIJbzw-Df4ddkgRkGakk_oBuG8,Real estate agency,OPERATIONAL,,,"business_center, coworking_space, real_estate_agency, event_venue, service, point_of_interest, establishment"
VAPIANO Oldenburg Kasinoplatz,Oldenburg,Cafe,6749620e2c1fc7a5bd3f8942,ChIJoZ3J7QjftkcR2uXYUExbzEM,Restaurant,OPERATIONAL,,,"restaurant, italian_restaurant, european_restaurant, food, point_of_interest, establishment"
VCR,Bukit Bintang,Cafe,664d020b64a89e11b9bc2595,ChIJPYhalddJzDERgRWIgOgOTvA,Cafe,OPERATIONAL,,,"cafe, brunch_restaurant, coffee_shop, breakfast_restaurant, food_store, store, restaurant, food, point_of_interest, establishment"
VERSE baR＆cafe,Da’an District,Cafe,67c19547158419155ebd60e7,ChIJN_eNBA6rQjQRgfX7_2Nih_A,Coffee shop,CLOSED_PERMANENTLY,,,"coffee_shop, cafe, food_store, store, food, point_of_interest, establishment"
Vagga Bar Cafe,Haad Yao,Cafe,67a956443ca0442425c77d5a,ChIJh_D8_cABVTARZxkGduGa-Yg,Bar,OPERATIONAL,YES,"hotel, lodging","bar, candy_store, cafe, dessert_shop, confectionery, hotel, food_store, lodging, store, restaurant, food, point_of_interest, establishment"
ViOS Autograph Athens,Athens,Coworking Space,66df1faf92b716c215bfd0fa,ChIJcx435xSZoRQRwI4V7ig0cCk,Real Estate Agency,OPERATIONAL,,,"real_estate_agency, service, point_of_interest, establishment"
ViOS Co-Lab Athens,Athens,Coworking Space,66df1faf587225f8f7da6501,ChIJdTyL3S69oRQR3MrMxq0UxoM,Real Estate Agency,OPERATIONAL,,,"real_estate_agency, point_of_interest, service, establishment"
ViOS Downtown Athens,Athens,Coworking Space,66df1fafd45c3b9c49f31f0d,ChIJdTyL3S69oRQR3MrMxq0UxoM,Real Estate Agency,OPERATIONAL,,,"real_estate_agency, point_of_interest, service, establishment"
Vits Kaffee,Altstadt-Lehel,Cafe,66bbc200c03c05268b843f63,ChIJOSqGc2LfnUcRVPRBh7gAEfU,Cafe,OPERATIONAL,,,"cafe, coffee_roastery, coffee_shop, food_store, food, store, point_of_interest, establishment"
Vogelmaier Kaffeerösterei,Bogenhausen,Cafe,66c1ffe63562faa7756f381a,ChIJeWcbCHx1nkcRsZ5RM2eEvL8,Coffee roastery,OPERATIONAL,,,"coffee_roastery, coffee_shop, cafe, food_store, store, food, point_of_interest, establishment"
W8 X Viangpha Cafe,Old City,Cafe,660a663675d51e3272f5c3ab,ChIJTdHOuiw72jARipMP8utmxAw,Coffee Shop,CLOSED_PERMANENTLY,,,"coffee_shop, cafe, food_store, food, store, point_of_interest, establishment"
WAKO BAKE Suthep,Suthep,Cafe,67dbb8224c5a803673f3d1d2,ChIJc549XGc62jARVorTrk_mPAw,Restaurant,OPERATIONAL,,,"restaurant, japanese_curry_restaurant, coworking_space, brunch_restaurant, coffee_shop, cafe, bakery, event_venue, food_store, store, japanese_restaurant, service, food, point_of_interest, establishment"
WAKO BAKE at Old Town Chiang Mai,Old City,Cafe,67dbb821911faea0a711562c,ChIJp-bwSfU72jARuHBisujgBMQ,Restaurant,CLOSED_PERMANENTLY,,,"restaurant, thai_restaurant, sandwich_shop, coffee_shop, deli, cafe, japanese_curry_restaurant, japanese_restaurant, point_of_interest, food_store, store, food, establishment"
WOLFOX SAVOY LONDON,Covent Garden,Cafe,6809cffd84cf6fe0ca12c631,ChIJFebJXtYFdkgR1NSIe5mH5kU,Italian restaurant,OPERATIONAL,,,"italian_restaurant, brunch_restaurant, wine_bar, mediterranean_restaurant, coffee_shop, cafe, breakfast_restaurant, european_restaurant, bar, event_venue, restaurant, point_of_interest, food_store, store, food, establishment"
WONDERLUST - Coffee & Souvenir,Hai Chau,Cafe,67c19546254b014e0389f7c9,ChIJQRIRJDIYQjER4JvYKu_Qnak,Coffee shop,OPERATIONAL,,,"coffee_shop, cafe, food_store, store, food, point_of_interest, establishment"
WORX Gower House,Colombo 5,Coworking Space,67dbb822f75acbcb4abf5edb,ChIJlSuzNChb4joRoqQqO0C1Tsc,Coworking space,OPERATIONAL,,,"coworking_space, point_of_interest, establishment"
WORX Havelock House,Colombo 5,Coworking Space,67dbb8220c22857f902f7e94,ChIJwR1ZEa9b4joRGS-NVgpGkgc,Coworking space,OPERATIONAL,,,"coworking_space, point_of_interest, establishment"
WORX Jawatte House,Colombo 5,Coworking Space,67c195476a9fcf2d19dd3f50,ChIJe2FWgaFb4joRnuRe2Eb1ih4,Coworking space,OPERATIONAL,,,"coworking_space, point_of_interest, establishment"
WORX Nawala House,Kotte,Coworking Space,67dbb822a75607567a5103ac,ChIJVdsqS01b4joRP7Yk4KiUbYA,Coworking space,OPERATIONAL,,,"coworking_space, point_of_interest, establishment"
Warung Café & Restaurant,Srithanu,Cafe,6784e21b28014e1b748e80f8,ChIJ6QgiSTQBVTARsvlNAtOamuQ,Cafe,OPERATIONAL,,,"cafe, point_of_interest, food, establishment"
WatchHouse Hanover,Mayfair,Cafe,6809d003e55fef2e1e088919,ChIJGYh5zF4FdkgRbF1Qs98MEVc,Coffee shop,OPERATIONAL,,,"coffee_shop, cafe, food_store, food, store, point_of_interest, establishment"
WatchHouse Marylebone,Marylebone,Cafe,6809d0037e404065049f6df8,ChIJD1xcEigbdkgR_rS0GDp6t9M,Coffee shop,OPERATIONAL,,,"coffee_shop, cafe, food_store, store, food, point_of_interest, establishment"
WatchHouse Somerset House,Covent Garden,Cafe,6809cffd00ffd0361151c758,ChIJD3EFm1gFdkgRiPW6GgLcdM0,Cafe,OPERATIONAL,,,"cafe, coffee_shop, restaurant, point_of_interest, food_store, store, food, establishment"
Watercress Cafe,Ubud,Cafe,65fa86d0e0379bf78d5247ba,ChIJLS7Y2mw90i0R2rbAvAiYWXU,Cafe,OPERATIONAL,,,"cafe, acai_shop, breakfast_restaurant, brazilian_restaurant, western_restaurant, brunch_restaurant, bar, coffee_shop, event_venue, food_store, store, restaurant, food, point_of_interest, establishment"
Werklab Inc,Strathcona,Coworking Space,6749620d16ec5811acf144d6,ChIJp-BR1WpxhlQRBqWBOUp6wDg,Coworking space,OPERATIONAL,,,"coworking_space, point_of_interest, establishment"
WerkzeugH,Margareten,Cafe,6676cf056b3b94617753b1b6,ChIJc0XzPSiobUcRDLMKFRzNaAE,Bar,OPERATIONAL,,,"bar, cafe, restaurant, food, point_of_interest, establishment"
What's cup!,Haad Yao,Cafe,6784e211b2a7feb5e79c79db,ChIJ_YBYXpMBVTAR2Uu0odsMso4,Cafe,OPERATIONAL,,,"cafe, food, point_of_interest, establishment"
WinPlace Coworking Space,District 1,Coworking Space,67dbb828186cec74323ab9fa,ChIJDWHQ8aUpdTERKdVHXo3zxNQ,Coworking space,OPERATIONAL,,,"coworking_space, business_center, real_estate_agency, service, point_of_interest, establishment"
Work.Life Aldersgate Street,City of London,Coworking Space,67d52fa9a79f0c901cbad1ae,ChIJTciSpogbdkgRYlWk5GOM9bM,Real estate agency,OPERATIONAL,,,"business_center, coworking_space, real_estate_agency, event_venue, point_of_interest, service, establishment"
Work.Life Bermondsey,Bermondsey,Coworking Space,67d52fadc13128f252051c2a,ChIJC9BYx0QDdkgRM8cEOlJ-cgQ,Real estate agency,OPERATIONAL,,,"business_center, coworking_space, real_estate_agency, event_venue, service, point_of_interest, establishment"
Work.Life Borough,Borough,Coworking Space,67d52fadb214ed85a9e6d0ab,ChIJpe9mkTwDdkgR2_1uihrNRPA,Real estate agency,OPERATIONAL,,,"coworking_space, real_estate_agency, event_venue, service, point_of_interest, establishment"
Work.Life Camden,Camden Town,Coworking Space,67d52fad191e39fba6dbd531,ChIJXcTRiOEadkgR9d2Yly1rmgg,Real estate agency,OPERATIONAL,,,"coworking_space, business_center, real_estate_agency, event_venue, point_of_interest, service, establishment"
Work.Life Camden Coworking,Camden Town,Coworking Space,6809cffccca1f7b77befde5b,ChIJXcTRiOEadkgR9d2Yly1rmgg,Real estate agency,OPERATIONAL,,,"coworking_space, business_center, real_estate_agency, event_venue, point_of_interest, service, establishment"
Work.Life Fitzrovia,Fitzrovia,Coworking Space,67d52fa9c56b4eec49f572c5,ChIJLzEW52YbdkgR_Tojdlgd8Kw,Real estate agency,OPERATIONAL,,,"coworking_space, business_center, event_venue, real_estate_agency, point_of_interest, service, establishment"
Work.Life Hammersmith,Hammersmith,Coworking Space,67d52fa9dc72582cf7c0ff3d,ChIJETPoyBUFdkgRY26DzxaFpbI,Real estate agency,OPERATIONAL,,,"business_center, coworking_space, real_estate_agency, service, point_of_interest, establishment"
Work.Life Holborn,Holborn,Coworking Space,67d52fa931f06ae8f08f122c,ChIJs0Z1xXQbdkgRc_BWuIqnpmU,Real estate agency,OPERATIONAL,,,"business_center, coworking_space, real_estate_agency, event_venue, point_of_interest, service, establishment"
Work.Life Liverpool Street,Liverpool Street,Coworking Space,67d52fa9ae483e2d920987e2,ChIJN786tG0ddkgRTWFksnCiuP4,Real estate agency,OPERATIONAL,,,"business_center, coworking_space, real_estate_agency, event_venue, service, point_of_interest, establishment"
Work.Life Old Street,Old Street,Coworking Space,67d52fa930406223ba184320,ChIJ8W9jXKUcdkgRD6fdbTPxsTU,Real estate agency,OPERATIONAL,,,"coworking_space, real_estate_agency, event_venue, service, point_of_interest, establishment"
Work.Life Soho,Soho,Coworking Space,67d52fb2fff86e042a2beefa,ChIJD9k1GngbdkgROGKcFvyQx9I,Real estate agency,OPERATIONAL,,,"business_center, coworking_space, real_estate_agency, event_venue, point_of_interest, service, establishment"
Work.Life St Cross Street,Holborn,Coworking Space,67d52facff9f765cf4c76f61,ChIJiVpt67UbdkgRIOkPnexx6f8,Real estate agency,OPERATIONAL,,,"business_center, coworking_space, real_estate_agency, event_venue, service, point_of_interest, establishment"
WorkFlow Thao Dien - Working Space,District 2,Coworking Space,67dbb8283caa81895e3f0c19,ChIJkfsaXES_aIYRzc8XE6wZZ2E,Coffee shop,OPERATIONAL,,,"coffee_shop, coworking_space, cafe, point_of_interest, food_store, store, food, establishment"
WorkFlow Thao Dien Cafe,District 2,Cafe,67dbb8284d8a2c443942e9c1,ChIJkfsaXES_aIYRzc8XE6wZZ2E,Coffee shop,OPERATIONAL,,,"coffee_shop, coworking_space, cafe, food_store, store, food, point_of_interest, establishment"
WorkStories Serviced Office,Khlong Toei,Coworking Space,674b37a4019791da08eabeb1,ChIJmwKkvUmf4jARt5CiXsiLvUc,Coworking space,OPERATIONAL,,,"coworking_space, point_of_interest, establishment"
WorkWize Coworking Space,Huai Khwang,Coworking Space,674b37a49ddadf84a13c1c1f,ChIJnSpbitSf4jARckFoWOuUR-s,Real estate agency,OPERATIONAL,,,"coworking_space, real_estate_agency, event_venue, point_of_interest, service, establishment"
Workin'CV,Praia,Coworking Space,676736d025a33401d6527468,ChIJHf-p1Q90k4MR_orddD1A3bQ,Coworking space,OPERATIONAL,,,"coworking_space, point_of_interest, establishment"
Working on Air,Gili Air,Coworking Space,6613fb8149a091e1a4d49da8,ChIJC2RMFendzS0Rw8OdOgZL16w,Coworking Space,OPERATIONAL,,,"coworking_space, cafe, internet_cafe, service, food, point_of_interest, establishment"
Workland Fahle,Ulemiste,Coworking Space,67dbb82e89928f8e5c836e5c,ChIJx4i5HxeVkkYR7gxm0ZO02CU,Real estate agency,OPERATIONAL,,,"coworking_space, real_estate_agency, point_of_interest, service, establishment"
Workshop17 Kloof Street,Gardens,Coworking Space,67d81020f5512df966898e94,ChIJhZ7xY1pnzB0R0oal5T5yr0w,Coworking space,OPERATIONAL,,,"coworking_space, point_of_interest, establishment"
Workspace 6,Centrum,Coworking Space,6840bf20edd5a1245b84305b,ChIJf7bpI8wJxkcRKhCAw-fiqm0,Coworking space,OPERATIONAL,,,"coworking_space, point_of_interest, establishment"
Woyton Oldenburg Haarenstraße,Oldenburg,Cafe,6749620ed55091acf47cbffc,ChIJDaa52gfftkcRq7nGgjjSORk,Cafe,OPERATIONAL,,,"cafe, coffee_shop, food_store, store, food, point_of_interest, establishment"
Wrkhub by Tutmak,Ubud,Coworking Space,65fa86d0e0379bf78d5247aa,ChIJRTIhAaw90i0RFI6q0aHUIeQ,Coworking Space,CLOSED_PERMANENTLY,,,"coworking_space, event_venue, point_of_interest, service, establishment"
XLIII Specialty Coffee,My An,Cafe,67dbb823e95b63f8187e0c36,ChIJ7xtm7rMXQjER7ye2fxPfbFE,Coffee shop,OPERATIONAL,,,"coffee_shop, cafe, coffee_roastery, food_store, store, food, point_of_interest, establishment"
Xom Space,District 1,Coworking Space,67dbb827ddbd6ff42ecee057,ChIJzZHdUoYvdTEReFWbBoKxAds,Coworking space,CLOSED_PERMANENTLY,,,"coworking_space, point_of_interest, establishment"
Y'Est Works Coffee Bar,Sukhumvit,Cafe,674b37a25713b502134106b4,ChIJFTzHXSCf4jAR2MDQTHUOXwQ,Coffee shop,OPERATIONAL,,,"coffee_shop, cafe, food_store, store, food, point_of_interest, establishment"
Y'Est Works Coffee Roastery,Sukhumvit (Asoke),Cafe,674b37a204fee7c9b3adfee9,ChIJlSpmMOWf4jARfdSrmlYLyyE,Cafe,OPERATIONAL,,,"cafe, food, point_of_interest, establishment"
Yellow Coworking Space,Nimman,Coworking Space,660a6636d708a5ea159e49f8,ChIJAe6hv_o72jARruNHpKHt2_I,Coworking Space,OPERATIONAL,,,"coworking_space, finance, point_of_interest, establishment"
Yes Surf Siargao,General Luna,Cafe,67246a3a77bc6d78c33441c7,ChIJYwZrJG0JBDMRheoGYgBlrRU,Hostel,OPERATIONAL,YES,"hostel, lodging","hostel, lodging, restaurant, food, point_of_interest, establishment"
Yolk House Brighton Rock Place,Kemptown,Coworking Space,68a2fa29a392c76e4ce3160d,ChIJ59W-90CFdUgRC_hB9mxREow,Coworking space,OPERATIONAL,,,"coworking_space, point_of_interest, establishment"
Yolk House Farringdon,Farringdon,Coworking Space,68a2fa294f772123c82934f3,ChIJmbftluwbdkgRKQj_6QfuHCo,,ERROR:404,,,
You and Me,Srithanu,Cafe,6784e212668d29537c3dee7e,ChIJM8YKYwABVTARVq6FCQ9FNXo,Coffee shop,OPERATIONAL,,,"coffee_shop, thai_restaurant, cafe, breakfast_restaurant, restaurant, point_of_interest, food_store, store, food, establishment"
Young Son Cafe,Wok Tum,Cafe,6784e21b54282d61143169f4,ChIJ9V1w7lT9VDARlVO5GXqQtWw,Coffee shop,OPERATIONAL,,,"coffee_shop, cafe, food_store, store, point_of_interest, food, establishment"
Z! Coffee & Roastery,My An,Cafe,67dbb8238db6988b7bc4caa9,ChIJs4YU9IIXQjERt21AKrnYj68,Cafe,OPERATIONAL,,,"cafe, coffee_shop, food_store, store, restaurant, food, point_of_interest, establishment"
ZEIT Cafe,Neustadt,Cafe,666d6161832653f698d5b27f,ChIJP4tBeB2PsUcRVyGTPTz5Epo,Cafe,CLOSED_TEMPORARILY,,,"cafe, coffee_shop, food_store, store, food, point_of_interest, establishment"
ZIN Cafe,Canggu,Cafe,65fa86d0e0379bf78d52457e,ChIJ1a70wvFH0i0RajIckWuoU14,Restaurant,OPERATIONAL,,,"restaurant, coworking_space, cafe, event_venue, point_of_interest, food, establishment"
ZMOY CAFE,Old City,Cafe,67dbb8202484dbfd03be17fd,ChIJ_-L2YL062jARXCKsqtXsxjQ,Cafe,OPERATIONAL,,,"cafe, point_of_interest, food, establishment"
Zentralbibliothek Hamburg,St. Georg,Cafe,6666b10cbdb5c245d1fcc29c,ChIJq9okvTWjY0ERKRyR5d1bJ2g,Library,OPERATIONAL,,,"library, point_of_interest, service, establishment"
Zest Ubud,Ubud,Cafe,65fa86d0e0379bf78d5247b7,ChIJX5cf_T090i0RNTmzcpw74_Y,Vegan Restaurant,OPERATIONAL,,,"vegan_restaurant, vegetarian_restaurant, restaurant, food, point_of_interest, establishment"
Zohng Coffee,Old City,Cafe,660a66353df4a74b7e6752ea,ChIJXZRWons72jAR26Ig85Kbg44,Breakfast Restaurant,OPERATIONAL,,,"breakfast_restaurant, coffee_shop, cafe, restaurant, food_store, store, point_of_interest, food, establishment"
Zoku Vienna,Leopoldstadt,Coworking Space,67dbb82f6cc27ddd69368cec,ChIJxVPN_hkHbUcRsFkytwur4Dc,Hotel,OPERATIONAL,YES,"hotel, lodging","hotel, coworking_space, bar, event_venue, lodging, restaurant, food, point_of_interest, establishment"
bean batter,Altstadt-Lehel,Cafe,66c1ffe65f02084760873c87,ChIJH348-MPZnUcRzpkJG3L0T4Q,Cafe,CLOSED_PERMANENTLY,,,"cafe, breakfast_restaurant, coffee_shop, food_store, store, restaurant, food, point_of_interest, establishment"
betahaus HafenCity,Hafencity,Coworking Space,67dbb825e95b63f8187e0e6c,ChIJTazvhvmOsUcR2Z-BU3BlE88,Coworking space,OPERATIONAL,,,"coworking_space, event_venue, point_of_interest, service, establishment"
betahaus Schanze,Sternschanze,Coworking Space,67dbb826a763429798b83bb4,ChIJu-Z5G2mPsUcRQVBdqBCMN80,Coworking space,OPERATIONAL,,,"coworking_space, real_estate_agency, event_venue, point_of_interest, service, establishment"
betahaus | Kreuzberg,Kreuzberg,Coworking Space,67dbb81ab2bb3bdb73a475bb,ChIJqQFHjS1OqEcR8d99mafShxY,Coworking space,OPERATIONAL,,,"coworking_space, community_center, real_estate_agency, event_venue, point_of_interest, service, establishment"
black.,Old Town,Cafe,66838ea377d056cf201b64d4,ChIJuT-1Uvqwt4kRfo6LFV8_uRs,Museum,OPERATIONAL,,,"museum, tourist_attraction, history_museum, point_of_interest, establishment"
braena - coffee&breakfast,Eimsbuettel,Cafe,67dbb825c24274cca94b2e24,ChIJubzo1xiPsUcRZnF5ULw7akI,Cafe,OPERATIONAL,,,"cafe, breakfast_restaurant, restaurant, food, point_of_interest, establishment"
bright cafe,Canggu,Cafe,6809d00b146566dc3d30c443,ChIJ72ejGBU50i0RHhrjEnAbTWc,Restaurant,OPERATIONAL,,,"restaurant, coffee_shop, cafe, food_store, store, food, point_of_interest, establishment"
das cafe,Neubau,Cafe,6676cf066b98a81f2ce7c06a,ChIJL_bmjpEHbUcRyrTtS8sLvZw,Cafe,OPERATIONAL,,,"cafe, food, point_of_interest, establishment"
eOffice Fitzrovia,Fitzrovia,Coworking Space,6809cffe8b8009b34b39fc38,ChIJp82Vo9QEdkgRKHAe09jr19c,Coworking space,OPERATIONAL,,,"coworking_space, point_of_interest, establishment"
ecos work spaces hannover süd,Döhren,Coworking Space,688cc1e4c04b37d19159d16f,ChIJ37Ic7OAKsEcRhuAJG0jsSc8,Real estate agency,OPERATIONAL,,,"coworking_space, real_estate_agency, event_venue, service, point_of_interest, establishment"
hugsandcoffee,St. Georg,Cafe,67dbb826e400d4eb3b3db22e,ChIJcwJW2GWPsUcRRIYdSu3GXwU,Cafe,OPERATIONAL,,,"cafe, coworking_space, event_venue, real_estate_agency, food, point_of_interest, service, establishment"
mit cafe’,Wok Tum,Cafe,6784e213dbc183768451ccb2,ChIJxyByHN_9VDARmNRQnkARoFM,Cafe,OPERATIONAL,,,"cafe, food, point_of_interest, establishment"
myOffice - Downtown Dubai,Downtown Dubai,Coworking Space,67dbb823ed6cebb08a3d6ec8,ChIJU1J8XYFCXz4RAe9lK4B4bLk,Coworking space,OPERATIONAL,,,"coworking_space, business_center, point_of_interest, consultant, service, establishment"
myOffice - Dubai Marina Plaza,Dubai Marina,Coworking Space,67dbb824a75607567a510403,ChIJvZwgg7ATXz4RHjBTj1xeBsE,Coworking space,OPERATIONAL,,,"coworking_space, business_center, real_estate_agency, point_of_interest, service, establishment"
phil,Vienna,Untagged,6676cf05ea920b2e47e717eb,ChIJYwHMaoUHbUcRklFybRm2EAY,Cafe,OPERATIONAL,,,"cafe, breakfast_restaurant, book_store, bar, store, restaurant, food, point_of_interest, establishment"
rabowls Grosse Johannisstrasse,Neustadt,Cafe,67dbb82505b2a7fae38f7cf4,ChIJOXcK6pePsUcRn_BcPDEBRDU,Scandinavian restaurant,OPERATIONAL,,,"scandinavian_restaurant, salad_shop, hawaiian_restaurant, european_restaurant, american_restaurant, restaurant, point_of_interest, food, establishment"
redNERD Coliving,Mubarak 7,Coworking Space,6809d00f3d3ee1234b7be39f,ChIJbcGVW6N9UhQRVWSY-42hzj8,Bed & breakfast,OPERATIONAL,YES,"bed_and_breakfast, lodging","bed_and_breakfast, lodging, point_of_interest, establishment"
the Hive District 1,District 1,Coworking Space,67dbb8276a5db9ee9dddbe5b,ChIJB7ZTfA0pdTER8FjIuHEiU0w,Coworking space,OPERATIONAL,,,"coworking_space, business_center, point_of_interest, service, establishment"
the Hive Thao Dien,District 2,Coworking Space,67dbb8280c22857f902f82ec,ChIJDZpz_xkmdTERp4ox5YRf3ng,Coworking space,OPERATIONAL,,,"coworking_space, business_center, event_venue, point_of_interest, service, establishment"
the Hive Villa,District 2,Coworking Space,67dbb8284b90ebc1123caa15,ChIJ0bGWhREndTERDEv4xgNNFEI,Coworking space,OPERATIONAL,,,"coworking_space, business_center, event_venue, service, point_of_interest, establishment"
theCOMMONS,Thonglor,Cafe,674b37a1fbc7383b4c994f2f,ChIJmZKsCFOe4jARjZUEQW7WV58,Shopping mall,OPERATIONAL,,,"shopping_mall, point_of_interest, establishment"
tuesday coworking - Schoneberg,Schoneberg,Coworking Space,67dbb8306c76d644eeb54d13,ChIJt8y2PjZRqEcRaT8gatTnonk,Coworking space,OPERATIONAL,,,"coworking_space, event_venue, point_of_interest, establishment"
Nomio Coworking Lounge,Tivat,Coworking Space,6a43ad33a5ab5166508cb67a,ChIJG5cu5uUzTBMRlgcJho0aCto,Hotel,OPERATIONAL,YES,"hotel, lodging","hotel, lodging, point_of_interest, establishment"
